experiment_id,wave,mechanism,input_representation,raw_x,standardized_x,pit,residual_innovation,uses_500_features,uses_rt600_or_specialists,future_teacher,temporal_model,receptive_field,params,causal_at_inference,training_target,objective,downstream_output,standalone_result,ensemble_marginal_vs_clone,key_failure,what_it_falsifies,what_it_does_NOT_falsify,source
RT-300,W4/W6-control,LightGBM on the frozen 500-column causal bank,handcrafted static summary bank (500 cols),no,per-series-null-calibrated inside modules,partial (m02_dist PIT cols),partial (m04_resid),yes,no,no,none (rowwise),n/a (expanding stats inside features),~600 trees x 63 leaves,yes,y[t]=1[t>=tau],binary logloss,per-row probability,0.61605 mean dev TS-AUC,reference stream (in RT-600),n/a - this is the incumbent base,nothing; it is the control,n/a,research/RESULTS.csv; reports/wave6_neural_results.md
RT-960,W6-N1,MLP Track A - learner capacity on identical columns,identical 500 columns + 7 group-missingness indicators; fold-fitted median/IQR standardisation,no,yes (median/IQR fold-pure),no,no,yes,no,no,none (rowwise MLP),n/a,167937,yes,y[t]=1[t>=tau],binary logloss (BCE),per-row probability,0.57059 (-0.04546 vs RT-300),-0.00060 vs 8th seed clone,training BCE collapsed to 0.077 by epoch 12 - the network exploited elapsed-time which TS-AUC discards within a timestep,that raising learner capacity on the SAME static representation extracts more; it extracts less,any claim about sequence models; any claim about a same-t objective (BCE fixed by prereg),reports/wave6_neural_results.md D/E; reports/wave6_n1_mlp.json
RT-961,W6-N1,MLP Track A heavier regularisation,as RT-960,no,yes,no,no,yes,no,no,none (rowwise MLP),n/a,167937,yes,y[t]=1[t>=tau],BCE,per-row probability,0.58061 (-0.03545 vs RT-300),+0.00013 vs 8th seed clone,same elapsed-time pathology; regularisation worth +0.0100 but does not repair the mechanism,rowwise-BCE MLPs on the static bank,the same architecture under a same-t ranking objective (never run),reports/wave6_neural_results.md D/E
RT-970,W6-N2,causal dilated TCN Track B - learned temporal representation,TEN channels from hist median/IQR ONLY: z=clip((x-med_H)/iqr_H +-8) z2 |z| sign(z) lag1prod run_mean log1p(run_var) ewma_hl8 ewma_hl64 elapsed=log1p(t)/7,yes (z is raw x location/scale-shifted only),yes (history median/IQR - LOCATION AND SCALE ONLY),NO,NO,no,no,no,dilated causal TCN kernel 3 dilations 1/2/4/8/16/32 six residual blocks GELU weight-norm,127,35905,yes,y[t]=1[t>=tau] per timestep,masked BCE uniform over rows,per-timestep sigmoid,0.54152 (-0.07453 vs RT-300),+0.00010 vs 8th seed clone,ELAPSED channel supplied the rowwise shortcut; BCE fixed by prereg; NO distributional normalisation and NO innovation/residual channel; history represented by exactly two scalars (med iqr); RF 127 vs online length up to 999,that THIS channel set under BCE at this budget adds ensemble value,a null-normalised (PIT / innovation / exceedance) channel set; a same-t ranking objective; a history-conditioned encoder; a longer receptive field. The report itself states it CANNOT distinguish family-wrong from objective-wrong,reports/wave6_neural_results.md F/G/L; research/scripts/wave6_n2_tcn.py; research/scripts/wave6_neural_lib.py:172-228
RT-971,W6-N2,causal dilated TCN hidden 64,as RT-970,yes,yes (location/scale only),NO,NO,no,no,no,same TCN,127,139393,yes,y[t]=1[t>=tau],masked BCE,per-timestep sigmoid,0.54319; within-t rho vs RT-300 = 0.2116 (most decorrelated model in project history),+0.00019 vs 8th seed clone,as RT-970; fold 3 diverged at epoch 3 (BCE 0.549 -> 6.013) and was deliberately not re-rolled,that maximal decorrelation alone buys ensemble value - it does not,as RT-970,reports/wave6_neural_results.md F/G
RT-980,W6-N2,GRU arm,n/a,n/a,n/a,n/a,n/a,n/a,n/a,n/a,GRU,n/a,n/a,n/a,n/a,n/a,n/a,NOT OPENED (prereg 6.1 unmet),n/a,never run,nothing,every recurrent architecture question,reports/wave6_neural_results.md J
RT-990,W7-D3R-B,same 500 legal columns more tree capacity,static 500 bank,no,module-internal,partial,partial,yes,no,no,none,n/a,900 trees x 127 leaves ff 1.0,yes,y[t]=1[t>=tau],binary,per-row probability,dominant-cell 0.64749 vs Arm A 0.65341 (-0.00592; beats A on 1/5 folds),n/a (diagnostic),more capacity on the same representation is mildly NEGATIVE,that extraction capacity is the bottleneck for the static bank - it is not,that a DIFFERENT representation of the prefix is saturated,reports/wave7_d3r.md
RT-991,W7-D3R-C,ARM C offline oracle: 500 legal cols at row t PLUS the SAME 500 cols evaluated at that series FINAL online row,static 500 bank at t + static 500 bank at T,no,module-internal,partial,partial,yes (twice),no,YES (own-series full sequence),none,n/a,900 trees x 127 leaves,NO - final-row broadcast is not causal,y[t]=1[t>=tau],binary,per-row probability,dominant-cell 0.71859 (+0.07110 over Arm B 5/5 folds),n/a (never deployable),n/a - it is the ceiling measurement,that FUTURE information exists and is large,it does NOT show the summary-bank FUNCTIONAL FORM is wrong - Arm C uses the identical functional form evaluated on more data. Much of C-B is post-t information that is legally unavailable,reports/wave7_d3r.md; research/scripts/wave7_d3r.py:58-118
RT-995,W7-T2,teacher-distilled student (nested outer-fold-pure),static 500 bank (student); teacher saw 1000 cols incl. final-row broadcast,no,module-internal,partial,partial,yes,no,YES (training-time teacher only),none,n/a,LightGBM,yes,soft teacher target,binary/regression on teacher score,per-row probability,0.62128 mean (+0.00943 vs T0 5/5 folds CI clear of zero),+0.00024 vs RT-401 seed clone (40x overstatement),corr 0.9122 with RT-300 and 0.9099 for a seed clone - refined but overlapping,that better extraction of the SAME 500-vector adds ensemble alpha; it is mostly redundant,a representation that is not the 500-vector,reports/wave7_t2_promotion_final.md
RT-1041,W8-CFEP-B,causal-TCN 16-dim bottleneck pretrained with BCE then FROZEN,identical W6 ten channels (incl. elapsed),yes,location/scale only,NO,NO,yes (500 cols appended downstream),no,no,W6 TCN shell hidden 32 + 16-dim conv bottleneck,127,~36k encoder,yes,y[t]=1[t>=tau],BCE (pretrain) then LightGBM binary downstream,500 cols + 16 frozen embedding dims -> LightGBM,0.62540 whole fold-0; 0.66647 dominant cell,not reported separately (see RT-1042),matched-capacity control for CFEP-C,nothing on its own - it is the control,n/a,wave8 branch: reports/wave8_cfep_compare.md; scripts/wave8_cfep.py
RT-1042,W8-CFEP-C,CFEP future-predictive pretraining,identical W6 ten channels,yes,location/scale only,NO,NO,yes (500 cols appended downstream),no,YES (target = 8 SST handcrafted structural channels at t+200),W6 TCN shell + 16-dim bottleneck,127,~36k encoder,encoder causal; target is future (pretraining only),robust-standardised SST channels at t+200 masked to eligible rows,masked MSE (pretrain) then LightGBM binary downstream,500 cols + 16 frozen embedding dims -> LightGBM,0.62166 whole fold-0; C-B = -0.00374 whole and -0.00375 cell,-0.00031 vs clone,future-predictive objective LOST to its own matched BCE control; embedding was FROZEN and had to earn its place against 500 saturated columns; target was a FUTURE HANDCRAFTED SUMMARY not the raw predictive distribution; training population was all series incl. post-break rows; downstream head was rowwise BCE LightGBM,that predicting a future handcrafted-summary target and appending a frozen 16-dim embedding to the incumbent bank helps,history-only null pretraining; a learned predictive DENSITY (not a point target); an encoder used as the BASE model rather than as a 16-column addendum; a same-t ranking head; joint fine-tuning,wave8 branch: scripts/wave8_cfep.py; scripts/wave8_cfep_classify.py
RT-1006/RT-1007,W8-SST,structural surrogate targets 8 channels x {50100200},static bank + surrogate targets,no,module-internal,partial,partial,yes,no,YES,none,n/a,LightGBM,yes,future structural channels,binary downstream,static bank + SST,legal utility -0.00060 on the full dominant cell,-0.00031,flat on the population that matters; eligible-slice-only gains do not generalise,future-structural-surrogate distillation,learned sequence representations,wave8 branch: reports/wave8_final.md D
RT-1020/RT-1021,W8-ORR,oracle-repair-region mining,static bank + RT600 scores,no,module-internal,partial,partial,yes,YES,YES,none,n/a,LightGBM,yes,teacher-confirmed inversions,binary,RT600 correction,P(repair correct)=0.737 but aggregate 0.63828 -> 0.63823,-0.00032,repair population too small a share of pair weight - the loss is DIFFUSE,targeted repair of RT600 mistakes,a broad-coverage base model,wave8 branch: reports/wave8_final.md E
RT-1030..RT-1033,W8-PCFB,predictive causal feature bottleneck PCA16 / PLS16,static bank projections,no,module-internal,partial,partial,yes,no,YES,none,n/a,linear projection + LightGBM,yes,future feature vector,MSE then binary,16-dim bottleneck + bank,legal full-pop cell -0.00148 (PCA) / -0.00270 (PLS),-0.00031,PLS predictability-selected subspace was WORSE than PCA; retention negative,LINEAR bottlenecks of the static bank toward the future,nonlinear learned sequence bottlenecks of the RAW prefix,wave8 branch: reports/wave8_final.md F
RT-1051/RT-1052,W8-TGMC,teacher-guided synthetic weak-displacement augmentation,synthetic + real static bank,no,module-internal,partial,partial,yes,no,YES,none,n/a,LightGBM,yes,y,binary,per-row probability,T-R=+0.00502 but BOTH below the no-synthetic control,-0.00031,synthetic rows degraded real fold-0,synthetic augmentation of location displacement,representation learning,wave8 branch: reports/wave8_final.md H
RT-1202/RT-1203,Pilot4,trajectory geometry - FLOSS arc-crossing + NN provenance,z-normalised subsequence windows m in {1664} against a 2000-window historical reference set,yes,history median/MAD,no,no,no,no,no,NONE - fixed nearest-neighbour Euclidean matching,window 16 and 64,0 (no learned parameters),yes,none - unsupervised scalar,fixed z-scored mean of four components,ONE scalar per row,whole 0.499324; dominant cell 0.500308; rho vs RT600 +0.0039,-0.002587 (shuffled control -0.003042),a hand-specified unlearned similarity scalar carries no label information,HANDCRAFTED nearest-neighbour shape matching compressed to one fixed scalar,LEARNED predictive state; conditional likelihood; any representation optimised for same-t ranking; it does NOT show that temporal order is useless,reports/new_avenues_2026/pilot04_trajectory_geometry.md; PILOT04_PREREG.md
RT-1201,Pilot3-IM2,matched-length run null and dwell bank,AR(2)-residual-square dwell state windows 32/64/128 with history-only run-length null,no,history-null percentile,no,YES (AR(2) residual square),no (added to bank),no,no,none - fixed accumulators,expanding,0,yes,none - unsupervised scalar bank -> 9 features,fixed,9 features -> scalar,whole 0.583578; dominant cell 0.610158; MATURE-vs-NEVER 0.613459; rho vs RT600 0.3817,+0.000301 (dominant net -1151),BEST low-redundancy signal ever measured in this project and still worth +0.0003. The good-signal/low-rho quadrant was REACHED at cell AUC 0.610 and did not pay,that a cell AUC ~0.61 at rho ~0.38 is sufficient for +0.003 - IT IS NOT,that a materially STRONGER low-rho model would also fail; it sets the bar the CRF program must clear,reports/new_avenues_2026/pilot03_im2_dwell.md
RT-1214,Pilot3-IM3,Kalman/NIS observer,per-series FROZEN AR(2)-state Kalman with history-only q x r noise-grid selection,no,history-fitted,no,YES (innovations / NIS),no (added to bank),no,no,linear state-space observer (fixed order 2),expanding,~0 learned,yes,none - unsupervised residual statistics,fixed,NIS accumulation + windowed excess + whiteness -> feature block,0.630817 whole; dominant cell 0.670067; rho 0.8836,+0.000135,collapses into the incumbent residual-scale direction (rho 0.88); m04_resid already in the base bank,PER-SERIES FROZEN LINEAR AR(2) Kalman observers as an added feature block,a GLOBAL AMORTIZED NONLINEAR conditional density model; a full predictive distribution rather than mean+variance; a learned null,reports/new_avenues_2026/pilot03_observers.md
RT-1215,Pilot3-IM3,Hankel-DMD observer,per-series FROZEN delay-16 rank-4 Hankel-DMD historical subspace,no,history-fitted,no,YES (subspace reconstruction residual),no (added to bank),no,no,linear delay-embedded operator,delay 16,~0 learned,yes,none - unsupervised residual statistics,fixed,residual + effective-rank monitors,0.631331 whole; dominant cell 0.673238; rho 0.8859,+0.000226; FAILED the preregistered rho<=0.85 redundancy guard,linear delay-embedding residuals are the incumbent direction,PER-SERIES FROZEN LINEAR delay-embedded operators,nonlinear amortized dynamics; learned conditional density,reports/new_avenues_2026/pilot03_observers.md
RT-A09-OBJ-pairwise-t-m8-B,W1,pairwise logistic groups=t m_neg=8,static m00+m03 (211 cols),no,module-internal,partial,no,partial,no,no,none,n/a,LightGBM,yes,same-t pairs,pairwise logistic,per-row score,0.613947 screen fold 0,n/a,screen-only; screen is not evidence for objectives,STATIC-FEATURE pairwise ranking on trees at screen scale,a jointly-learned sequence representation under the same objective,research/RESULTS.csv
RT-A09-OBJ-lambdarank-B,W1,lambdarank groups=t,static m00+m03,no,module-internal,partial,no,partial,no,no,none,n/a,LightGBM,yes,same-t groups,lambdarank,per-row score,0.607310 screen,n/a,below the binary control,STATIC-FEATURE listwise ranking on trees,sequence representations,research/RESULTS.csv
RT-A09-OBJ-xendcg-B,W1,XE-NDCG groups=t,static m00+m03,no,module-internal,partial,no,partial,no,no,none,n/a,LightGBM,yes,same-t groups,XE-NDCG,per-row score,0.592624 screen,n/a,-0.014 vs binary,STATIC-FEATURE listwise ranking on trees,sequence representations,research/RESULTS.csv
RT-111,W1,pairwise-t ranking at full scale - PAIRED test,static 500 bank,no,module-internal,partial,partial,yes,no,no,none,n/a,LightGBM,yes,same-t pairs,pairwise logistic,per-row score,0.62302 vs binary 0.62631 on the IDENTICAL 800k matrix (delta -0.00330),n/a,mildly negative in a properly paired comparison,STATIC-FEATURE pairwise ranking on trees at full scale,the objective when the representation is jointly learned - the elapsed-time pathology trees never had,research/RESULTS.csv; FAILED_EXPERIMENTS.md:369
RT-123 / RT-123R,W1/W2,pairwise-t as an ensemble stream,static 500 bank,no,module-internal,partial,partial,yes,no,no,none,n/a,LightGBM,yes,same-t pairs,pairwise logistic,per-row score,0.614499 over 5 folds on 30% fewer rows - a dead heat with binary,positive as a blend member (permanent RT-600 stream 4),n/a - it is a useful but not dominant member,that same-t ranking is catastrophic on trees; it is neutral,that ranking + a learned sequence encoder is neutral,research/RESULTS.csv; STATE_OF_RESEARCH.md
RT-700,W5-E9a,pairs weighted by n_neg(t) - the metric's own weighting,static 500 bank,no,module-internal,partial,partial,yes,no,no,none,n/a,LightGBM,yes,same-t pairs metric-weighted,weighted pairwise logistic,per-row score,0.613343 vs RT-702 control 0.614810 (-0.00147),n/a,metric-shaped pair weighting LOSES on trees,METRIC-WEIGHTED pair sampling on the static bank,uniform pair weighting under a learned representation,research/RESULTS.csv; FAILED_EXPERIMENTS.md:724
RT-701,W5-E9b,weighted squared-hinge margin,static 500 bank,no,module-internal,partial,partial,yes,no,no,none,n/a,LightGBM,yes,same-t pairs,weighted squared hinge,per-row score,0.610049 vs RT-702 control (-0.00476),n/a,margin loss worse still,HINGE-margin same-t ranking on the static bank,logistic pairwise under a learned representation,research/RESULTS.csv; FAILED_EXPERIMENTS.md:831
RT-1223/RT-1224,SS-02,RT600 residual pair ranker,500 bank + 25 RT600 score-state covariates,no,module-internal,partial,partial,yes,YES (rt600_cal and rt600_logit are the top-2 features by gain),no,none,n/a,LightGBM bounded residual correction,yes,RT600 same-t pair errors,residual pair logistic,bounded correction on RT600,0.637896 fold 0,-0.000290 (dominant net -108; shuffled control gap -0.000087),the correction is dominated by RT600 itself; it cannot create a new direction,RESIDUAL CORRECTION of RT600 over the incumbent bank under a pair objective,an RT600-INDEPENDENT base model under a pair objective,reports/new_avenues_2026/second_sweep/ss02_residual_ranker.md
RT-1219..RT-1222,SS-01,repair-damage arbiter over frozen first-sweep sensors,12 killed first-sweep scalars + RT600 state,no,various,no,no,no,YES,no,none,n/a,multiclass action policy,yes,repair/damage action target,multiclass,action over RT600,learned NOT TO ACT: 0 non-RT600 action rows,-0.000310,the 91.8% repair reservoir is not causally separable under this representation,first-sweep sensor arbitration,a new base representation,reports/new_avenues_2026/second_sweep/ss01_repair_damage_arbiter.md
RT-1225..RT-1229,SS-03,negative-side null-state calibrator,fixed weighted-CTM null-state partition,no,history-null,no,no,no,YES,no,none,n/a,bounded conditional null SCDF,yes,negative-side calibration,conditional SCDF,correction on RT600,0.637193 fold 0,-0.000299; prebreak damage rate 0.0199 > 0.0150 cap,fixed null-state partitions do not repair the never-break side,FIXED post-hoc null-state calibration of RT600,a LEARNED conditional null generative model upstream of the score,reports/new_avenues_2026/second_sweep/ss03_null_calibrator.md
RT-1230..RT-1233,SS-04,specialist disagreement micro-router,7 specialist scores + dispersion/time state,no,n/a,no,no,no,YES,no,none,n/a,multinomial logistic router,yes,specialist selection,multiclass,route among RT600 members,learned NOT TO ACT: 0 dominant repairs,-0.000312,specialist disagreement is not routable,SPECIALIST ROUTING,a new base model outside the specialist set,reports/new_avenues_2026/second_sweep/ss04_specialist_router.md
RT-A08-H1/H2/PERM,W1,m05_ctx historical-context as 50 series-constant raw columns,history-derived series-constant vector,no,robust moments,no,no,no (own block),no,no,none,n/a,LightGBM,yes,y,binary,50 added columns,0.50143 standalone; +0.00092 on m00_core; -0.0177 at full scale; DERANGED control -0.05723,rejected,LightGBM memorised series identity from near-continuous series-constant columns; and the generator assigns breaks INDEPENDENTLY of historical DGP (series-level AUC 0.5068 vs permuted null 0.5063-0.5163),that a history embedding can act as a BREAK PRIOR - there is no substrate,that a BOTTLENECKED history embedding used as a NORMALISER/CONDITIONER of the null helps; it mandates a derangement control,FAILED_EXPERIMENTS.md:266
RT-150,W1,DGP-cluster gated specialists,history k-means cluster gate,no,n/a,no,no,yes,no,no,none,n/a,6 gated LightGBMs,yes,y,binary,gated blend,+0.032 screen; -0.0219 at full scale on both folds,rejected,partitioning 6400 training series into six groups costs more than routing gains,STATIC DGP GATING,conditioning a single global model on a continuous bottlenecked history embedding,FAILED_EXPERIMENTS.md:421
