mechanism,status,uses_raw_x,uses_history_normalized_x,uses_pit,uses_innovations,uses_multistep_residuals,uses_500_features,uses_rt600,sequence_aware,learned_temporal_representation,self_supervised,supervised_label_target,future_teacher,same_t_pairwise_objective,residual_correction_objective,conditional_density_model,per_series_history_conditioning,independent_of_rt600,deployment_causal,closest_prior,collision_severity,collision_note
RT-300 static LightGBM,PAST-incumbent,no,yes,partial,partial,no,yes,is-a-member,no,no,no,yes,no,no,no,no,scalar-only (module nulls),n/a,yes,n/a,n/a,the incumbent base
RT-960/961 MLP,PAST-KILL,no,yes,partial,partial,no,yes,no,no,no,no,yes,no,no,no,no,scalar-only,yes,yes,RT-300,n/a,learner capacity on identical columns
RT-970/971 TCN,PAST-KILL,yes,yes (location+scale ONLY),NO,NO,no,no,no,YES,YES,no,yes,no,NO,no,no,two scalars (median iqr),yes,yes,none,n/a,the only learned causal sequence model ever scored in this project
RT-1041 CFEP-B,PAST-control,yes,yes (location+scale only),NO,NO,no,yes (downstream),no,YES,YES,no,yes,no,NO,no,no,two scalars,yes,yes,RT-970,n/a,matched-capacity BCE control for CFEP-C
RT-1042 CFEP-C,PAST-KILL,yes,yes (location+scale only),NO,NO,no,yes (downstream),no,YES,YES,YES,no,YES (t+200 SST channels),NO,no,no,two scalars,yes,encoder yes,RT-970,n/a,self-supervised future-summary pretraining; frozen 16-dim embedding appended to the 500 bank
RT-1202 Pilot4 trajectory geometry,PAST-KILL,yes,yes (median/MAD),no,no,no,no,no,YES (window shapes),NO,no,no,no,no,no,no,history reference set,yes,yes,none,n/a,fixed nearest-neighbour Euclidean matching to one scalar; zero learned parameters
RT-1201 Pilot3 IM2 dwell,PAST-KILL,no,yes (history run-length null),no,YES (AR2 residual sq),no,no,no,partial (run state),NO,no,no,no,no,no,no,history run-length null,yes,yes,none,n/a,best low-rho signal ever measured (cell 0.610 rho 0.38) and still only +0.0003
RT-1214 Kalman/NIS,PAST-KILL,no,yes,no,YES,partial,no (added to bank),no,partial,NO,no,no,no,no,no,partial (Gaussian AR2 state),per-series frozen fit,yes,yes,m04_resid,n/a,per-series FROZEN LINEAR order-2 observer
RT-1215 Hankel-DMD,PAST-KILL,no,yes,no,YES,YES,no (added to bank),no,partial (delay 16),NO,no,no,no,no,no,no,per-series frozen fit,yes,yes,m04_resid,n/a,per-series FROZEN LINEAR delay-embedded operator; failed rho<=0.85 guard
RT-111/700/701/123 pairwise trees,PAST-mixed,no,yes,partial,partial,no,yes,no,no,no,no,yes,no,YES,no,no,scalar-only,yes,yes,RT-300,n/a,same-t ranking on the STATIC 500-vector; four variants all neutral-to-negative
RT-1223 SS-02 residual pair ranker,PAST-KILL,no,yes,partial,partial,no,yes,YES (top-2 features),no,no,no,no,no,YES,YES,no,scalar-only,NO,yes,RT-111,n/a,pair objective applied as a bounded correction ON TOP of RT600
RT-995 T2 student,PAST-redundant,no,yes,partial,partial,no,yes,no,no,no,no,soft teacher target,YES (training only),no,no,no,scalar-only,yes,yes,RT-300,n/a,better extraction of the same 500-vector; +0.00024 marginal
RT-A08 m05_ctx,PAST-KILL,no,yes,no,no,no,no,no,no,no,no,yes,no,no,no,no,50 RAW series-constant columns,yes,yes,none,n/a,memorised series identity; derangement control -0.057
CRF-01 NNCSR (proposed),PROPOSED,no (never raw x directly),YES,YES,YES,no,NO,NO,YES,YES,no,YES,NO,YES,no,no,per-series deterministic null (ECDF + AR5 + exceedance percentile),YES,YES,RT-970 (architecture) / RT-111 (objective),MEDIUM,differs from RT-970 in BOTH channels (PIT + innovation + exceedance vs location/scale-only; elapsed REMOVED) and objective (same-t rank vs BCE); differs from RT-111/700/701 in that the temporal representation is JOINTLY LEARNED under the ranking loss rather than fixed. Fills the one empty cell of the representation x objective 2x2.
CRF-01c BCE control (proposed),PROPOSED-control,no,YES,YES,YES,no,NO,NO,YES,YES,no,YES,NO,NO,no,no,same as CRF-01,YES,YES,RT-970,LOW,identical to CRF-01 except objective; isolates objective and reconnects to RT-970
CRF-02 ACGN (proposed),PROPOSED,no,YES,YES (learned predictive PIT),YES (learned),YES (multi-horizon predictive quantiles),NO,NO,YES,YES,YES (density pretraining on break-free histories ONLY),ranking head only,NO,YES (head),no,YES,BOTTLENECKED 8-dim history embedding with derangement control,YES,YES,RT-1042 CFEP (self-supervision) / RT-1214 Kalman (null observer),MEDIUM,differs from CFEP in training population (break-free HISTORIES only vs all online segments), target (full predictive DENSITY vs a future handcrafted summary), downstream use (base model vs 16 columns appended to the saturated bank) and head (same-t rank vs LightGBM BCE). Differs from Kalman/DMD in being global/amortized/nonlinear/distributional rather than per-series/frozen/linear/second-moment.
CRF-03 NNCSR-G (proposed CONDITIONAL),PROPOSED-conditional,no,YES,YES,YES,YES,NO,NO,YES,YES,YES,YES,NO,YES,no,YES,FiLM conditioning on the CRF-02 history embedding,YES,YES,CRF-01 + CRF-02,HIGH-by-design,deliberately NOT independent; it is the integration of CRF-01 and CRF-02 and opens only if one of them clears its interim bar
