h,h_order,n_pos,n_neg,eligibility_rate,best_single_auc_mean,best_single_auc_std,logistic_auc_mean,logistic_auc_std,lgbm_basic_auc_mean,lgbm_basic_auc_std,lgbm_rich_auc_mean,lgbm_rich_auc_std,current_legal_rt300_auc_mean,current_legal_rt300_auc_std,unknown_boundary_lgbm_auc_mean,unknown_boundary_lgbm_auc_std,known_minus_unknown_mean,oracle_minus_current_rt300_mean
1,1,3975.0,4025.0,1.0,0.514851323879839,0.007245404309749861,0.5178433782569631,0.0053895706736825175,0.5127935747490137,0.0053198913747021966,0.5181207203406383,0.007107063471979062,0.5222639509355835,0.003473430540108634,nan,nan,nan,-0.0041432305949451464
2,2,3956.0,4025.0,0.997625,0.5251362063443217,0.008261376256177662,0.5128977635983395,0.003862042252015585,0.5191871204366038,0.008359694553367348,0.5245849185763899,0.006019981880127743,0.5244724955881152,0.0029777411257882963,nan,nan,nan,0.00011242298827471853
3,3,3932.0,4025.0,0.9946249999999999,0.5358245578562266,0.004685437129816047,0.5265858096965178,0.004694680910622409,0.5245694192578176,0.008915534469255618,0.52915349765896,0.008570942386433893,0.526749998420351,0.0020540888844483005,nan,nan,nan,0.002403499238609097
5,5,3897.0,4025.0,0.99025,0.5366347038731816,0.0030685897377637733,0.5305659234607923,0.0038077031104051906,0.526606362275807,0.005837569498686355,0.5313303911114936,0.003803521124014956,0.5305791650529074,0.0013085014242536835,0.5007727237228191,0.0,0.035388394002712764,0.0007512260585862407
10,10,3809.0,4025.0,0.9792500000000001,0.5362750465145478,0.0047263294978348155,0.5347710701525809,0.0014285636091262172,0.5430412899164938,0.006378427988392535,0.543146591351963,0.005878196324071507,0.5463146421763427,0.0016858715640594114,nan,nan,nan,-0.0031680508243796092
20,20,3640.0,3979.0,0.952375,0.5396518259322984,0.006215963890466267,0.5379004195101205,0.004067733615889941,0.5511341134361994,0.006714624652960619,0.5551793067450268,0.006517990314024633,0.5609607996928931,0.0029832527286999242,0.504372336635468,0.0,0.047721416557807705,-0.005781492947866407
30,30,3492.0,3928.0,0.9275,0.5391616537538232,0.006611366133654145,0.5410214035922667,0.004883246788278228,0.5593993428097507,0.006207707850630063,0.5746269185546014,0.004534593636132087,0.5709150155257406,0.002870078135990355,nan,nan,nan,0.003711903028860819
50,50,3249.0,3843.0,0.8865000000000001,0.5497986810249348,0.004532722983738896,0.5524983167021826,0.004177906929315112,0.5883784654170497,0.002834877512376613,0.5854866290450506,0.006093738952766062,0.5895006826496466,0.0022915715490862093,0.5398348714274421,0.0,0.04007502218301007,-0.0040140536045959905
75,75,2976.0,3752.0,0.841,0.5506730191926313,0.006955144361126457,0.5572993328289428,0.004226330011307879,0.5984124237682555,0.005411950949171252,0.6047580716807667,0.003655379400917399,0.6057146761870372,0.0010421902021445452,nan,nan,nan,-0.0009566045062705086
100,100,2730.0,3636.0,0.79575,0.5691922250833141,0.0033690348175999998,0.5653284614175703,0.005623522638814516,0.6023720668770174,0.005177388408347571,0.6160610218531011,0.004136204246602894,0.617956837808323,0.001373692341463872,0.5463062698211213,0.0,0.0751353981552001,-0.0018958159552219466
150,150,2319.0,3427.0,0.71825,0.5651770501180728,0.00838869234797887,0.5880908690883206,0.004689137929358298,0.6328862457820118,0.004132436789653852,0.63728504571351,0.005524524035499855,0.6397422341643543,0.001812894365815609,nan,nan,nan,-0.002457188450844372
200,200,1988.0,3243.0,0.653875,0.5861014685088639,0.010897705359819822,0.5894368368707465,0.0035306791802494457,0.6418294224179488,0.0047533471082289985,0.6639973358498198,0.004001265331214015,0.6530248713992248,0.0012176168084982342,0.5866884935887294,0.0,0.0780980983030467,0.010972464450594943
300,300,1431.0,2808.0,0.529875,0.6113389467250403,0.002687470936335636,0.5831574357779808,0.005974386879450087,0.6412563385833826,0.006936805511068673,0.6641229212333336,0.0022767733706823556,0.6637420587280826,0.0022863679826793993,nan,nan,nan,0.0003808625052509784
500,500,646.0,2021.0,0.333375,0.6170035831202713,0.0009103645247402285,0.6311285679927325,0.0017400472689738193,0.6642951792555871,0.0060679649779611195,0.686050188194239,0.004159753354172397,0.7144950159547659,0.001931855844764498,0.6077103723595743,0.0,0.08278938023814975,-0.02844482776052686
FULL,10000,3975.0,4025.0,1.0,0.591671968436267,0.0026027323189897677,0.5892445298644479,0.002817337454873534,0.6418479346849486,0.005642535991200926,0.6496853783350913,0.003492539993254444,0.6100486112738779,0.0,0.515431134028673,0.0,0.12888240946911989,0.03963676706121333
