arm,rt_id,mean_series_roc_auc,std_across_pseudo_seeds,min,max,seed_0,seed_1,seed_7,seed_42,seed_2026
A_rich_full_population,RT-940,0.649685,0.003905,0.644314,0.654055,0.644314,0.651298,0.647116,0.651645,0.654055
A_rich,RT-940,0.650372,0.002532,0.647351,0.653893,0.648632,0.651392,0.647351,0.650593,0.653893
A_basic,RT-941,0.640341,0.006222,0.631367,0.648134,0.637817,0.641777,0.631367,0.648134,0.642610
B_causal,RT-942,0.673912,0.005386,0.666919,0.681775,0.681775,0.675368,0.673234,0.666919,0.672264
B_causal_withpos,RT-942,0.674645,0.003486,0.669224,0.677640,0.677368,0.673318,0.675677,0.669224,0.677640
C_nobound,RT-943,0.645286,0.003325,0.640880,0.648721,0.644704,0.648721,0.640880,0.643666,0.648457
AB,RT-944,0.678483,0.004077,0.674085,0.684946,0.684946,0.678596,0.676173,0.674085,0.678617
legal_RT300_no_boundary,RT-300,0.619393,0.000345,0.618874,0.619798,0.619278,0.618874,0.619798,0.619461,0.619553
SENTINEL S1_boundary_metadata,,0.513739,,,
SENTINEL S2_missingness_A,,0.516505,,,
SENTINEL S2_missingness_B,,0.513480,,,
SENTINEL S3_support_length,,0.526236,,,
SENTINEL S4_permuted_B,,0.501518,,,
SENTINEL S5_placebo_A,,0.594701,,,
SENTINEL S5_placebo_B,,0.623122,,,
