id,what,control,kind,score,ctl_score,delta,folds,runtime_s
RT-730,W5-E7  + m11_focus (exact max over tau),RT-301,ABL feature block,0.6157439141217272,0.6125697051879724,0.0031740000000000323,5/5,745.7
RT-740,W5-E2  + m10_persist (outlier vs bulk scale),RT-301,ABL feature block,0.6145851582533647,0.6125697051879724,0.0020159999999999735,3/5,594.7
RT-750,W5-E4/5/6  + m12_rdep (residual dist / CUSUMSQ / dep LR),RT-301,ABL feature block,0.6173584244215972,0.6125697051879724,0.0047880000000000145,4/5,552.2
RT-760,W5-E10  + all three blocks,RT-301,ABL feature block,0.6146819871027469,0.6125697051879724,0.002112000000000025,2/5,701.7
RT-700,W5-E9a  pairwise_w (n_neg-weighted pairs),RT-702,objective,0.613342976515052,0.614809747839776,-0.0014660000000000118,2/5,1047.1
RT-701,W5-E9b  pairwise_h (weighted squared hinge),RT-702,objective,0.6100488158716961,0.614809747839776,-0.004760000000000031,1/5,835.3
RT-711,W5-E3   hard-negative reweighting,RT-710,curriculum,0.6077044661915499,0.6147169567478563,-0.007009999999999938,1/5,1176.4
RT-712,W5-E3   hard-negative oversampling,RT-710,curriculum,0.6013212483865301,0.6147169567478563,-0.013393999999999994,0/5,927.7
RT-731,W5-E7   CHAMP protocol + m11_focus,RT-401,CHAMP standalone stream,0.6148250346627977,0.6166091440793047,-0.0017840000000000078,2/5,1027.3
RT-751,W5-E4/5/6  CHAMP protocol + m12_rdep,RT-401,CHAMP standalone stream,0.617259532670541,0.6166091440793047,0.0006519999999999859,2/5,1191.9
