arm,rt_id,replaced,standalone,rho_vs_incumbent,marginal_vs_clone,E2_minus_E0,folds_positive,dominant_net,mature_vs_never_net,runtime_s,verdict
CAT-413,RT-1254,RT-413,0.620440243944,0.714195653358,0.001087150833,0.001244346882,5,93,80,0.0,INTERESTING
CAT-300,RT-1255,RT-300,0.620242061069,0.737786060619,0.001029459072,0.001126876044,5,75,80,0.0,INTERESTING
CAT-410,RT-1256,RT-410,0.610328250929,0.680825301014,0.000753095315,0.000929589744,4,17,76,0.0,KILL
CAT-411,RT-1260,RT-411,0.609378435832,0.801133940144,0.001567467998,0.000362939057,5,36,-9,1037.5,PROMOTION_WORTHY
CAT-412,RT-1261,RT-412,0.623511275583,0.687396635134,0.001630379511,0.001029592571,5,92,54,1870.6,PROMOTION_WORTHY
CAT-414,RT-1262,RT-414,0.615326823332,0.741628151013,0.001588999361,0.000552119017,4,41,49,648.9,PROMOTION_WORTHY
CAT-415,RT-1263,RT-415,0.619831815612,0.719174723074,0.001001378448,0.000907324317,5,81,50,1538.7,INTERESTING
HYBRID-k2,,"CAT-412,CAT-414",,,0.003601681601,0.001439569458,5,76,113,0.0,SERIOUS
HYBRID-k3,,"CAT-412,CAT-414,CAT-411",,,0.004827561900,0.001671713131,5,117,115,0.0,SERIOUS
HYBRID-k4,,"CAT-412,CAT-414,CAT-411,CAT-413",,,0.005623906378,0.002239698377,5,114,76,0.0,MAJOR
HYBRID-k5,RT-1264,"CAT-412,CAT-414,CAT-411,CAT-413,CAT-300",,,0.005934643298,0.002378477772,5,104,33,0.0,MAJOR
HYBRID-k6,,"CAT-412,CAT-414,CAT-411,CAT-413,CAT-300,CAT-415",,,0.005896892927,0.001864142532,5,100,41,0.0,MAJOR
