id,mechanism,family,origin_field,sources,core_idea,new_information_channel,closest_prior_experiment,why_not_equivalent,implementation_mode,expected_runtime,engineering_effort,leakage_risk,dominant_cell_relevance,expected_redundancy,cheapest_pilot,kill_criterion,novelty_1_5,independence_1_5,dominant_relevance_1_5,uses_null_history_1_5,causal_ease_1_5,compute_cost_1_5_low_is_cheap,impl_cost_1_5_low_is_cheap,literature_support_1_5,falsifiability_1_5,ensemble_alpha_chance_1_5,expected_research_value,priority
A1,"Contiguous exceedance dwell bank (current run, running-max run, episode count, gap)",A EXCURSION GEOMETRY,probability / run statistics,Erdos-Renyi 1970; Gordon-Schilling-Waterman 1986; Amarioarei-Preda 2020 (scan stats),"Length of the CURRENT contiguous excursion of the AR-residual scale outside the per-series historical null band, and its running maximum",contiguity / dwell time,"m01_seq::_per (cumulative FRACTION above q99); m10_persist (W5-E2 REJECTED, -0.00041 vs seed clone)","_per cannot distinguish scattered from contiguous exceedances; m10_persist aimed at outlier-vs-bulk AMPLITUDE, never a running-max dwell with a matched-length run null",A,"SMALL (26s stream build measured, ~8min/fold)",low,low - path functional of online[:t+1] and history only,VERY HIGH - measured 0.608 fold-0 cell AUC standalone; 0.613 vs never-break negatives,LOW - within-t rho 0.367 with the RT600 blend (lowest measured in this project),"MODE A block <=24 cols, ABL protocol fold 0, control = RT-303 seed clone AND RT-740 (m10_persist)","cand-clone < +0.0010, or the gain concentrates below age 50 (smoothing signature)",5,5,5,5,5,5,4,5,5,4,VERY HIGH,1
A2,Run-length / path-functional null calibration,A EXCURSION GEOMETRY,probability,Erdos-Renyi 1970; Gordon-Schilling-Waterman 1986; Amarioarei-Preda 2020 (scan stats),"Empirical distribution of length-matched run maxima over the historical segment, exactly as NullCal does for rolling means",calibration of path functionals,sbr.nullcal (rolling-mean nulls); m01_seq::_Chan (detector-path LEVEL nulls incl. dyadic running-peak),"_Chan nulls the running peak LEVEL, never the running DURATION; no path-length functional has a null anywhere in the repo",A + infrastructure (IM2),SMALL,low,low,"VERY HIGH - D6 shows the naive extreme-value normalisation FAILS (0.580 vs 0.608), so this is the required fix",n/a (calibration layer),build as part of Pilot 1,"if calibrated dwell does not beat raw dwell, keep raw and drop the layer",5,4,5,5,5,5,4,5,5,4,VERY HIGH,1
A3,Excursion mass (area above band since last re-entry) and its running max,A EXCURSION GEOMETRY,probability / CUSUM area,Erdos-Renyi 1970; Gordon-Schilling-Waterman 1986; Amarioarei-Preda 2020 (scan stats),"Integrated excess over the null band, reset on re-entry",excursion area with reset,m01_seq decayed peak (fixed half-life),decayed peak never resets on re-entry; the area-since-re-entry has no analogue,A,TINY,low,low,HIGH - measured 0.592 cell AUC (res128_mass90),LOW-MODERATE (rho 0.415),ships inside Pilot 1,subsumed by A1's gate,4,4,4,5,5,5,5,4,5,4,HIGH,1
A5,Contiguity ratio (longest run / total exceedance count),A EXCURSION GEOMETRY,probability,Erdos-Renyi 1970; Gordon-Schilling-Waterman 1986; Amarioarei-Preda 2020 (scan stats); this repo: research/reports/new_avenues_2026_diagnostics.json (D1-D6),Explicit scattered-vs-sustained discriminator at matched exceedance load,contiguity normalised by load,m01_seq::_per,the ratio of the two is a difference-of-features boosters approximate badly (the same argument that motivated m10_persist's *_gap),A,TINY,low,low,VERY HIGH - directly separates heavy-tailed stable series (E.2 population) from real breaks,LOW,ships inside Pilot 1,subsumed by A1's gate,5,5,5,4,5,5,5,4,5,4,VERY HIGH,1
A7,Excursion growth exponent d log(maxrun)/d log t,A EXCURSION GEOMETRY,probability / EVT,Erdos-Renyi 1970; Gordon-Schilling-Waterman 1986; Amarioarei-Preda 2020 (scan stats); this repo: research/reports/new_avenues_2026_diagnostics.json (D1-D6),Under stationarity the longest run grows like log t; under a persistent break it grows like t. Emit the online estimate of the exponent,growth rate of dwell,none,no column anywhere estimates a growth rate of any path functional,A,SMALL,low,low,VERY HIGH - E.4 measures never-break p90 rising 56->94 while mature-break p90 rises 94->239 over the same t range,LOW,ships inside Pilot 1,subsumed by A1's gate,5,5,5,4,4,5,4,5,5,4,VERY HIGH,1
A4,"Re-entry / recovery statistics (returns to band, recovery time, re-entry hazard)",A EXCURSION GEOMETRY,reliability / survival,Erdos-Renyi 1970; Gordon-Schilling-Waterman 1986; Amarioarei-Preda 2020 (scan stats),Empirical hazard of returning to the null band given current deviation size and dwell,reversion hazard,none,no reversion/recovery functional exists,A,SMALL,low,low,HIGH,MODERATE,fold into Pilot 1 as a second variant if budget allows,cand-clone < +0.0010,4,4,4,5,4,4,4,4,4,3,HIGH,2
A6,Multi-threshold time-over-threshold profile (q75/q90/q99 run vector),A EXCURSION GEOMETRY,electrical protection / probability,IEEE Std C37.112-2018/1996; Erdos-Renyi 1970; Gordon-Schilling-Waterman 1986; Amarioarei-Preda 2020 (scan stats),The relay time-current curve analogue in evidence space,threshold-duration surface,m01_seq single q99 threshold,one threshold vs a profile; the profile shape is the transient-vs-permanent signature,A,SMALL,low,low,MODERATE-HIGH,MODERATE,second variant of Pilot 1,cand-clone < +0.0010,4,3,4,5,5,4,4,4,4,3,HIGH,2
B1,IEEE C37.112 inverse-time operate integral + reset integral,B RELAY LOGIC,electrical protection,IEEE Std C37.112-2018/1996,Integrate dt/T(M) while evidence exceeds pickup; integrate the standardised RESET characteristic while it does not,asymmetric accumulate/reset dynamics,apply_persistence runmax (-0.0060) / decaymax (-0.0033..+0.0005) / EWMA (+0.0005) on the final score,"measured transforms are symmetric or monotone on the SCORE; C37.112 defines a two-integral state machine with an explicit reset, applied to EVIDENCE channels",A (evidence) and F (score),TINY - the F arm is pure post-processing on existing OOF arrays,very low,none (post-processing),HIGH - acts directly on the dominant cell's score,MODERATE for the F arm; LOW-MODERATE for the A arm,"Pilot 2: F arm first (35 min), A arm only if F shows life",F arm inside +/-0.0005 of the measured EWMA result => no new state => KILL,5,3,4,3,5,5,5,5,5,3,HIGH,2
B3,Thermal-replica I2t accumulator with asymmetric charge/cool time constants,B RELAY LOGIC,electrical protection / thermal protection,IEEE Std C37.112-2018/1996,"Charge fast while above pickup, cool 4x slower - hysteresis by construction",asymmetric time constants,m01_seq decayed peak (single half-life),single symmetric half-life cannot express charge/cool asymmetry,A/F,TINY,very low,none,HIGH,MODERATE,ships inside Pilot 2,subsumed by B1's gate,4,3,4,3,5,5,5,4,4,3,HIGH,2
B5,Auto-recloser cycle count (pickup->reset cycles),B RELAY LOGIC,electrical protection,IEEE Std C37.112-2018/1996,A permanent fault re-trips after every reclose; a transient does not. Count complete pickup->reset cycles,episode recurrence,none,no reset event is counted anywhere,A,TINY,very low,low,"HIGH - counts EPISODES, the exact quantity distinguishing scattered from sustained",LOW,ships inside Pilot 2,subsumed by B1's gate,5,4,4,4,5,5,5,4,5,3,HIGH,2
B2,Two-stage coordination (low-pickup/long-delay + high-pickup/short-delay),B RELAY LOGIC,electrical protection,IEEE Std C37.112-2018/1996,Emit both accumulators so the model can read fast-large and slow-small evidence separately,dual-threshold evidence,m01_seq multi-half-life EWMA bank,"EWMA half-lives vary the smoothing, not the threshold/delay pairing",A,TINY,very low,low,MODERATE,MODERATE-HIGH,variant inside Pilot 2,subsumed,3,2,3,3,5,5,5,4,3,2,MODERATE,3
B4,"Pickup/dropout hysteresis (Schmitt trigger, dropout ratio < 1)",B RELAY LOGIC,electrical protection / control,IEEE Std C37.112-2018/1996,State flips up at pickup and down only below a strictly lower dropout - single points cannot flip it,hysteretic state,none,every incumbent threshold is a single level,A,TINY,very low,low,MODERATE-HIGH,MODERATE,variant inside Pilot 2,subsumed,4,3,4,4,5,5,5,4,4,3,HIGH,2
B6,Arc-fault-style high-band persistence with reset,B RELAY LOGIC,electrical protection / arc detection,IEEE Std C37.112-2018/1996,"Fraction of recent windows whose high-band energy ratio exceeded the historical band, with relay-style reset",band-energy persistence,m03_dyn band powers,band power level vs persistence-with-reset of band power,A,SMALL,low,low,MODERATE,MODERATE,after F1,cand-clone < +0.0010,3,3,3,4,4,4,4,3,3,2,MODERATE,3
C1,"Hankel-DMD observer: frozen historical operator, reconstruction residual + effective rank",C SYSTEM ID,nonlinear dynamics / fluid mechanics,"Gottwald & Gugole, J Stat Phys 2019; arXiv:2405.15576; arXiv:2407.05976",Transients explore the full state space with fast relaxation; equilibrium evolves on a lower-dimensional attractor. Monitor h-step reconstruction residual and online effective rank,attractor dimensionality / multi-step operator residual,m04_resid AR(1/2/5)/ridge/Huber (scalar one-step); m12_rdep AR-coefficient LR,all incumbents are SCALAR ONE-STEP predictors; no delay-embedded operator and NO effective-rank analogue exists anywhere,A (E if it wins),MEDIUM ~45min build,medium,"low - operator frozen on history, never refit online",HIGH - targets never-break null misspecification (E.2),LOW-MODERATE,"Pilot 3 arm (b), fold 0, control = seed clone + m04_resid-only ablation",cand-clone < +0.0010 or within-t rho > 0.85,5,4,4,5,4,3,3,5,4,3,HIGH,3
C2,Kalman NIS + innovation whiteness against a NON-ADAPTIVE history-fitted state space,C SYSTEM ID,control / estimation,Bar-Shalom et al. 2001 (NIS); Online tests of Kalman filter consistency; modified whiteness test for damage detection,"Normalized innovation squared accumulated against its chi-square expectation, plus Ljung-Box whiteness of the innovation sequence",filter-consistency residuals,"m04_resid Gaussian GLR channel mean(e^2)-log var(e)-1; m04_resid GARCH(1,1) = 0.50012 (chance)",the GLR is a static LR on a fixed whitening; NIS normalises by the FILTER'S OWN predicted covariance and whiteness is a separate functional. The GARCH failure is the in-repo proof the filter must NOT adapt,A,SMALL,low,low - parameters fixed on history by a deterministic grid,HIGH,MODERATE,Pilot 3 arm (a),cand-clone < +0.0010,4,3,4,5,5,4,4,5,4,3,HIGH,3
C3,Observer bank / MMAE over disjoint historical blocks,C SYSTEM ID,control / adaptive estimation,Bar-Shalom et al. 2001 (NIS); Online tests of Kalman filter consistency; modified whiteness test for damage detection,"Fit K models on K disjoint historical blocks; online, track the posterior over which block explains the data. Posterior drift is the break signal",within-series model heterogeneity,m05_ctx (rejected as features); DGP-cluster gating (-0.0219 full scale),both prior attempts partitioned SERIES ACROSS THE DATASET and data-starved the specialists; this partitions HISTORY WITHIN ONE SERIES and never splits training data,A/B,MEDIUM,medium,low,MODERATE-HIGH,LOW-MODERATE,after Pilot 3,cand-clone < +0.0010,4,4,4,5,4,3,3,4,4,3,HIGH,4
C4,Unknown-input-observer analogue (residual decoupled from the dominant historical mode),C SYSTEM ID,control / FDI,Bar-Shalom et al. 2001 (NIS); Online tests of Kalman filter consistency; modified whiteness test for damage detection,Design the residual generator to be insensitive to the series' own dominant mode so it responds only to NEW structure,decoupled residual,m04_resid whitenings,whitening removes predictable dynamics; decoupling removes a SPECIFIC mode and keeps the rest,A,MEDIUM,medium,low,MODERATE,MODERATE,after C1/C2,cand-clone < +0.0010,4,3,3,4,3,3,3,3,3,2,MODERATE,4
C5,Conditional-quantile (quantile-AR) null and per-quantile online coverage,C SYSTEM ID,quantile regression / conformal,"Ramdas-Grunwald-Vovk-Shafer, Stat Sci 2023; Vovk 2021; arXiv:1706.03415; arXiv:2505.04608 (WCTM); Choe & Ramdas adjusters",Fit historical conditional quantile functions; monitor online conditional coverage per quantile,conditional (not marginal) distributional shift,m02_dist PIT occupancy (MARGINAL ECDF),the incumbent PIT is unconditional; conditional coverage sees a break that changes the predictive law at fixed marginal,A/E,MEDIUM,medium,low,MODERATE-HIGH,MODERATE,after Pilot 3,cand-clone < +0.0010,4,3,4,5,4,3,3,4,4,3,HIGH,4
C6,Reservoir / random-feature nonlinear AR null fitted on history,C SYSTEM ID,reservoir computing,"Gottwald & Gugole, J Stat Phys 2019; arXiv:2405.15576; arXiv:2407.05976","The cheap non-neural nonlinear system-ID: fixed random recurrent features, linear readout fitted on history, residual monitored online",nonlinear predictive residual,"W6-N2 causal TCN (0.5432, failed both bars)","the TCN LEARNED a representation across series; this fits a per-series readout on that series' own history - a null model, not a classifier",A/E,MEDIUM,medium,low,MODERATE,MODERATE,only if C1/C2 show residual-space life,cand-clone < +0.0010,3,3,3,5,3,3,3,3,4,2,MODERATE,4
C7,Block-bootstrap historical null for any statistic,C SYSTEM ID,statistics / resampling,Erdos-Renyi 1970; Gordon-Schilling-Waterman 1986; Amarioarei-Preda 2020 (scan stats),Repairs NullCal's implicit independent-window assumption for strongly dependent series,dependence-aware null,sbr.nullcal (contiguous historical windows),contiguous windows already carry dependence but the SAMPLE SIZE of the null is inflated; a block bootstrap prices the effective sample size,infrastructure + A,SMALL,low,low,MODERATE - directly relevant to the long-memory never-break population (E.2),n/a,fold into IM2,no measurable change vs the incumbent null,3,3,4,5,5,4,4,3,4,2,MODERATE,4
D1,Explicit-duration (semi-Markov) run-length prior in BOCPD,D DURATION,duration modelling / HSMM,Bulla & Bulla CSDA 2010; CSDA 2025 (inhomogeneous dwell); arXiv:2105.11490,Replace the geometric hazard with an explicit dwell-time distribution so the run-length posterior can express persistence,non-memoryless dwell prior,m07_bayes BOCPD (geometric hazard) and absorbing-state posterior (geometric h),both impose a memoryless dwell whose modal duration is one step - exactly the limitation HSMMs exist to fix,A,MEDIUM,medium-high,low,HIGH,MODERATE-HIGH (edits an incumbent recursion),after Pilot 1 confirms duration matters,cand-clone < +0.0010,4,3,4,5,3,3,2,5,4,3,HIGH,5
D3,"Reversion hazard from history (P(return | size s, dwell d))",D DURATION,reliability / survival,Erdos-Renyi 1970; Gordon-Schilling-Waterman 1986; Amarioarei-Preda 2020 (scan stats); Bulla & Bulla CSDA 2010; CSDA 2025 (inhomogeneous dwell); arXiv:2105.11490,Estimate from the historical segment the hazard of returning to the null band and score the online state's survival,survival of a deviation,none,no hazard/survival functional exists,A,SMALL,low,low,HIGH,MODERATE,fold into Pilot 1 variant 2,cand-clone < +0.0010,4,4,4,5,4,4,4,4,4,3,HIGH,2
D4,Two-state dwell ratio with hysteresis,D DURATION,control / signal processing,IEEE Std C37.112-2018/1996,"Fraction of the last L steps in the deviated state, at several L, with a Schmitt trigger so single points cannot flip it",hysteretic dwell fraction,"m01_seq::_per (no hysteresis, single threshold)",the hysteresis is what makes it robust to the heavy-tailed negatives,A,TINY,low,low,HIGH,MODERATE,ships inside Pilot 1/2,subsumed,4,3,4,4,5,5,5,3,4,3,HIGH,2
D2,Trapping time / laminarity from a causal recurrence plot,D DURATION,nonlinear dynamics / RQA,"Marwan et al., Physics Reports 438 (2007); arXiv:2409.04110; arXiv:2101.10136",Vertical structures in a recurrence plot give laminarity and trapping time - the average time the system spends in a state,recurrence-based dwell,none,no recurrence structure exists in the repository,A,MEDIUM,medium,low,HIGH,LOW-MODERATE,after Pilot 4 (shares the k-NN machinery),cand-clone < +0.0010,5,4,4,4,3,3,3,4,4,3,HIGH,5
D5,Metastability / Kramers escape rate from a historical effective potential,D DURATION,statistical physics,Scheffer et al. Nature 2009; Dakos et al. Ecology 2012; Lenton et al. Phil Trans A 2012,Fit a 1-D effective potential from the historical empirical density; compute the escape rate from the historical basin and the online residence time in a new basin,basin occupancy / escape rate,none,the bank has no notion of a basin or a potential,A,MEDIUM,medium,low,MODERATE,MODERATE,after Pilot 1,cand-clone < +0.0010,4,3,3,5,3,3,3,3,3,2,MODERATE,5
E1,Scale-survival count and coarsest surviving scale,E MULTISCALE,scale-space / renormalisation,this repo: research/reports/new_avenues_2026_diagnostics.json (D1-D6),At how many increasing temporal scales is the current state still outside the per-series null band?,cross-scale survival,m00_core six trailing windows; m03_dyn Haar energies,the bank emits each scale and lets LightGBM combine them; it never emits the COUNT of surviving scales,A,SMALL,low,low,MODERATE-HIGH,MODERATE,"Pilot 5, control = an arm adding the per-scale surprises individually",cand-clone < +0.0010 or the individual-scale arm matches the summary arm,4,3,4,5,5,4,4,3,5,3,HIGH,5
E4,Renormalisation coarse-graining decay exponent,E MULTISCALE,statistical physics / renormalisation,this repo: research/reports/new_avenues_2026_diagnostics.json (D1-D6),"Block-average by factor b; a break survives coarse-graining, an outlier does not. Emit the decay exponent of evidence in b",coarse-graining exponent,m00_core multi-window,window length is not the same as block-averaging the stream then re-nulling at the coarse scale,A,SMALL,low,low,MODERATE-HIGH,MODERATE,ships inside Pilot 5,subsumed,4,3,4,5,5,4,4,3,4,3,HIGH,5
E2,Time-causal scale-space cascade; scale at which evidence peaks,E MULTISCALE,scale-space theory,this repo: research/reports/new_avenues_2026_diagnostics.json (D1-D6),Cascade of truncated-exponential smoothers; emit the peak scale and whether it is growing,peak-scale trajectory,m00_core fixed window grid,the peak scale as a moving quantity is not emitted,A,MEDIUM,medium,low,MODERATE,MODERATE,after Pilot 5,cand-clone < +0.0010,3,3,3,4,4,3,3,3,4,2,MODERATE,6
E3,Wavelet-modulus-maxima line persistence across scales,E MULTISCALE,signal processing / wavelets,this repo: research/reports/new_avenues_2026_diagnostics.json (D1-D6),A maximum that survives to coarse scales is a discontinuity; one that dies is noise,cross-scale maxima lines,m03_dyn Haar energies,energy per scale vs the persistence of a maxima LINE across scales,A,MEDIUM,medium-high,low,MODERATE,MODERATE,after Pilot 5,cand-clone < +0.0010,4,3,3,4,3,3,2,3,3,2,MODERATE,6
E5,MFDFA multifractal spectrum width change,E MULTISCALE,statistical physics,this repo: research/reports/new_avenues_2026_diagnostics.json (D1-D6),Change in the width of the multifractal spectrum between history and online,multifractality,"m05_ctx DFA (series-constant, rejected)",DFA in m05_ctx was a static context column; the online spectrum-width CHANGE is a detector,A,LARGE,high,low,LOW-MODERATE,MODERATE,not queued,n/a,3,2,2,4,2,2,2,3,3,1,LOW,7
F1,Spectral kurtosis impulsiveness contrast (energy_z x -SK_z),F FREQUENCY,vibration diagnostics,Antoni MSSP 2006; Wang et al. MSSP 2015; arXiv:2502.07478,Band excess energy with LOW spectral kurtosis = sustained regime change; the same energy with HIGH kurtosis = outlier burst,impulsive vs repetitive energy,"m03_dyn band powers, spectral entropy, slope, dominant frequency",impulsiveness is measured nowhere; the kurtogram's documented blindness to repetition rate is exactly the contrast we want,A,SMALL,low,low,MODERATE,MODERATE,"Pilot 6, control = m03_dyn-only ablation",cand-clone < +0.0010 or the contrast column carries less gain than plain energy,4,3,3,4,4,4,4,5,4,3,HIGH,7
F6,Envelope-spectrum negentropy (heavy-tail-robust impulsiveness),F FREQUENCY,vibration diagnostics,Antoni MSSP 2006; Wang et al. MSSP 2015; arXiv:2502.07478,Negentropy replaces kurtosis where the background is non-Gaussian - exactly our heavy-tailed never-break population,robust impulsiveness,none,kurtosis-based measures are dominated by single points in heavy-tailed series; that is the E.2 failure population,A,SMALL,low,low,MODERATE-HIGH,MODERATE,ships inside Pilot 6,subsumed,4,3,4,4,4,4,4,4,4,3,HIGH,7
F3,AR pole migration (modulus and argument drift vs historical poles),F FREQUENCY,signal processing / system ID,"Gottwald & Gugole, J Stat Phys 2019; arXiv:2405.15576; arXiv:2407.05976",Roots of the online-refit AR polynomial vs the historical poles,pole geometry,m12_rdep AR-coefficient likelihood ratio,"the LR is a scalar test of coefficient change; pole modulus vs argument separates a PERSISTENCE change from a FREQUENCY change, which the LR cannot",A,SMALL,low,low,MODERATE-HIGH,MODERATE,after Pilot 6,cand-clone < +0.0010,4,3,4,4,4,4,4,4,4,3,HIGH,7
F4,Split-window spectral coherence (first vs second half of the online window),F FREQUENCY,signal processing,Antoni MSSP 2006; Wang et al. MSSP 2015; arXiv:2502.07478,"Coherence between the two halves of the online window, nulled against its historical distribution",within-window spectral stability,m03_dyn windowed DFT,a spectrum vs the STABILITY of that spectrum inside the window,A,SMALL,low,low,MODERATE,MODERATE-HIGH,variant of Pilot 6,subsumed,3,2,3,4,4,4,4,3,3,2,MODERATE,8
F2,Cyclostationarity: cyclic autocovariance / envelope-spectrum change,F FREQUENCY,vibration diagnostics,Antoni MSSP 2006; Wang et al. MSSP 2015; arXiv:2502.07478,Second-order cyclostationary content vs the historical null,cyclostationarity,none,no cyclic statistic exists,A,MEDIUM,medium,low,"LOW-MODERATE (needs a hidden period, unlikely in this DGP family)",MODERATE,not queued unless F1 shows life,n/a,4,3,2,4,3,3,3,4,3,2,MODERATE,8
F5,Cepstral / envelope statistics,F FREQUENCY,signal processing,Antoni MSSP 2006; Wang et al. MSSP 2015; arXiv:2502.07478,Cepstral coefficients of the online window vs history,cepstral shape,m03_dyn spectral features,log-spectrum quefrency structure is a different basis,A,SMALL,low,low,LOW-MODERATE,HIGH,not queued,n/a,2,2,2,4,4,4,4,3,3,2,LOW,8
G1,FLOSS arc-crossing curve with history as the reference half,G TRAJECTORY GEOMETRY,data mining / motifs,"Gharghabi et al. ICDM 2017 / DMKD 2019 (Matrix Profile VIII, FLUSS/FLOSS); Yeh et al. ICDM 2016",Count nearest-neighbour arcs crossing the history/online boundary; few crossings => high probability of a semantic regime change,trajectory shape similarity,"m06_loc, m11_focus (both localise via SEGMENT STATISTICS)",localisation is not similarity; nothing in 500 columns compares shapes,A/B,MEDIUM ~1.5h,medium,low - subsequence index built on history only,HIGH; also the cheapest test of brief section 44 (is temporal order lost),LOW,"Pilot 4, control = seed clone AND a shuffled-history control","cand-clone < +0.0010, or the shuffled-history control matches the real one",5,5,4,4,3,3,3,5,5,3,HIGH,4
G3,Nearest-neighbour provenance ratio (history vs recent-online neighbours),G TRAJECTORY GEOMETRY,data mining / motifs,"Gharghabi et al. ICDM 2017 / DMKD 2019 (Matrix Profile VIII, FLUSS/FLOSS); Yeh et al. ICDM 2016","For the current window, what fraction of its k nearest neighbours live in history vs in the recent online segment?",neighbour provenance,none,no similarity statistic exists anywhere,A,MEDIUM,medium,low,HIGH,LOW,ships inside Pilot 4,subsumed,5,5,4,5,3,3,3,4,5,3,HIGH,4
G2,Matrix-profile distance from online subsequences to the historical subsequence set,G TRAJECTORY GEOMETRY,data mining,"Gharghabi et al. ICDM 2017 / DMKD 2019 (Matrix Profile VIII, FLUSS/FLOSS); Yeh et al. ICDM 2016",Minimum distance to the historical subsequence set = shape novelty; emit its running statistics,shape novelty,none,no shape distance exists,A,MEDIUM,medium,low,MODERATE-HIGH,LOW-MODERATE,variant of Pilot 4,subsumed,4,4,4,5,3,3,3,4,4,3,HIGH,4
G5,Delay-embedded attractor separation (energy / Wasserstein distance between point clouds),G TRAJECTORY GEOMETRY,nonlinear dynamics,"Marwan et al., Physics Reports 438 (2007); arXiv:2409.04110; arXiv:2101.10136; Perea & Harer, FoCM 2015 (SW1PerS)",Multivariate distance between the historical and online delay-embedded point clouds,joint (multivariate) distributional shift,m02_dist energy distance / Wasserstein on the 1-D PIT; m12_rdep the same on residuals,every incumbent distance is on the MARGINAL (1-D); the delay-embedded cloud is joint over d lags,A,MEDIUM,medium,low,HIGH,LOW-MODERATE,after Pilot 4,cand-clone < +0.0010,4,4,4,5,3,3,3,4,4,3,HIGH,5
G6,RQA recurrence rate / determinism / divergence vs a history-fixed threshold,G TRAJECTORY GEOMETRY,nonlinear dynamics / RQA,"Marwan et al., Physics Reports 438 (2007); arXiv:2409.04110; arXiv:2101.10136",Diagonal-structure recurrence measures against a threshold fixed on history,recurrence structure,none,no recurrence structure exists,A,MEDIUM,medium,low,MODERATE-HIGH,LOW-MODERATE,with D2,cand-clone < +0.0010,4,4,3,4,3,3,3,4,4,3,HIGH,5
G4,Sliding-window persistent homology max-persistence change (SW1PerS),G TRAJECTORY GEOMETRY,topology / TDA,"Perea & Harer, FoCM 2015 (SW1PerS)",Change in maximum persistence of the sliding-window embedding between history and online,topological shape,none,no topological statistic exists,A,LARGE,high,low,MODERATE (speculative),LOW,not queued - run G1/G3/G5 first,n/a,5,4,3,4,2,2,2,4,3,2,MODERATE,6
H1,Weighted conformal test martingale (benign-shift-robust betting),H DISTRIBUTION-FREE,game-theoretic statistics,"Ramdas-Grunwald-Vovk-Shafer, Stat Sci 2023; Vovk 2021; arXiv:1706.03415; arXiv:2505.04608 (WCTM); Choe & Ramdas adjusters",Weight the betting function to be insensitive to benign heavy-tail excursions while remaining sensitive to persistent shift,benign-vs-harmful shift discrimination,"m07_bayes e-processes incl. plug-in GRAPA, mixture betting and Vovk's power martingale on conformal p-values",the incumbent bets against a FIXED null; the weighting is the 2025 extension and targets exactly the E.2 heavy-tail population,A/B,MEDIUM ~1h,medium,low,HIGH for the never-break population specifically,MODERATE-HIGH,"Pilot 8, control = the UNWEIGHTED conformal martingale m07_bayes already ships","cand-clone < +0.0010, or the weighted arm does not beat the unweighted arm in the never-break split",4,3,5,5,4,3,3,5,5,3,HIGH,10
H2,E-value calculus aggregation (averaging / adjusters) as a parameter-free 8th specialist,H DISTRIBUTION-FREE,game-theoretic statistics,"Ramdas-Grunwald-Vovk-Shafer, Stat Sci 2023; Vovk 2021; arXiv:1706.03415; arXiv:2505.04608 (WCTM); Choe & Ramdas adjusters",Combine per-channel e-processes by a valid e-value merge instead of by LightGBM,parameter-free anytime-valid combination,7-specialist equal-weight SCDF mean; LOFO logistic/LightGBM stacks (both lose),a different COMBINATION RULE with no fitted parameters - and the project has established every learned combination loses to the equal mean,B,SMALL,low,none,MODERATE,HIGH - re-combines information the ensemble already has,arm 2 of Pilot 8,cand-clone < +0.0010,3,2,3,5,5,4,4,5,5,2,MODERATE,10
H3,"Sequential kernel MMD vs the historical sample, scanned over window lengths",H DISTRIBUTION-FREE,kernel methods,"Ramdas-Grunwald-Vovk-Shafer, Stat Sci 2023; Vovk 2021; arXiv:1706.03415; arXiv:2505.04608 (WCTM); Choe & Ramdas adjusters","Two-sample MMD between the online window and the historical sample, maximised over window length",kernel two-sample distance,m02_dist energy distance (a special case of MMD with the distance kernel),"energy distance IS an MMD special case - this is only new if a characteristic kernel on DELAY VECTORS is used, i.e. it collapses into G5",A,MEDIUM,medium,low,MODERATE,HIGH - largely redundant with m02_dist unless multivariate,merge into G5 rather than running separately,n/a,2,2,3,5,4,3,3,4,4,2,LOW,6
H4,Conformal prediction-interval coverage stream (coverage collapse + width inflation),H DISTRIBUTION-FREE,conformal prediction,"Ramdas-Grunwald-Vovk-Shafer, Stat Sci 2023; Vovk 2021; arXiv:1706.03415; arXiv:2505.04608 (WCTM); Choe & Ramdas adjusters",Fit a conformal predictor on history; monitor online empirical coverage and interval width as two channels,predictive coverage,m02_dist PIT occupancy,PIT occupancy is unconditional; conformal coverage of a PREDICTIVE interval is conditional on the fitted predictor,A,SMALL,low,low,MODERATE,MODERATE-HIGH,variant of Pilot 8,cand-clone < +0.0010,3,2,3,5,4,4,4,4,4,2,MODERATE,10
H5,Rank CvM / Anderson-Darling with an explicit run-length component,H DISTRIBUTION-FREE,nonparametric statistics,Erdos-Renyi 1970; Gordon-Schilling-Waterman 1986; Amarioarei-Preda 2020 (scan stats),Combine a rank distance with the run structure of its exceedances,rank + run,"m02_dist CvM/KS; RT-063-rk rank CUSUM (REJECTED, -0.00273)",the rejected family was rank statistics ALONE; the run component is the new part and is Pilot 1's channel in rank space,A,SMALL,low,low,MODERATE,MODERATE-HIGH (rank family already rejected once),only after Pilot 1 succeeds,cand-clone < +0.0010,3,2,3,5,5,4,4,3,4,2,MODERATE,6
I1,Joint (size x duration) rarity: -log P(|dev| >= s AND duration >= d),I LARGE DEVIATIONS,large deviations / scan statistics,Erdos-Renyi 1970; Gordon-Schilling-Waterman 1986; Amarioarei-Preda 2020 (scan stats),"Empirical 2-D historical table over (threshold, duration); score the live excursion and the running-max excursion",joint magnitude-duration rarity,m00_core::surprise (magnitude at fixed length); m11_focus max over tau,every incumbent surprise prices magnitude at fixed length or length at fixed magnitude; nothing prices the JOINT event,A,"SMALL ~25min, reuses Pilot 1 caches",low,low,VERY HIGH - the formal statement of the E.4 finding,MODERATE (overlaps Pilot 1),"Pilot 10, control = seed clone AND Pilot 1's own dwell columns","cand-clone < +0.0010, or I1 <= A1 on the dominant cell",5,4,5,5,5,5,4,5,5,4,VERY HIGH,6
I4,Record statistics (new historical-scale records vs log-growth under stationarity),I LARGE DEVIATIONS,extreme value theory,Erdos-Renyi 1970; Gordon-Schilling-Waterman 1986; Amarioarei-Preda 2020 (scan stats),Under stationarity the expected number of records grows like log n; count the online excess,record counts,m01_seq running peak,running peak is a LEVEL; the COUNT of records and its deviation from log n is a different functional,A,TINY,low,low,MODERATE-HIGH,LOW-MODERATE,ships inside Pilot 10,subsumed,4,4,4,5,5,5,5,4,5,3,HIGH,6
I2,"Scan statistic over (start,length) with the exact historical null of the maximum",I LARGE DEVIATIONS,scan statistics,Erdos-Renyi 1970; Gordon-Schilling-Waterman 1986; Amarioarei-Preda 2020 (scan stats),Maximise over both endpoints and price the multiple testing per series from history,scan maximum with exact null,"m11_focus (exact max over tau, calibrated by restart positions on history)","m11_focus maximises over ONE endpoint (tau to t); a full (start,length) scan is a strictly larger family, but the marginal value over m11_focus is likely small",A,MEDIUM,medium,low,MODERATE,HIGH - m11_focus already does most of this,not queued,n/a,2,2,3,5,4,3,3,4,4,2,LOW,7
I3,Cramer rate function of the block mean estimated from history,I LARGE DEVIATIONS,large deviations,Erdos-Renyi 1970; Gordon-Schilling-Waterman 1986; Amarioarei-Preda 2020 (scan stats),Estimate the rate function from the historical cumulant generating function; score = rate x block length,large-deviation rate,m00_core::surprise (empirical p-value),an empirical p-value floors at 1/2m; the rate function extrapolates into the tail where the empirical null has no mass - which is exactly where mature breaks live,A,SMALL,low,low,MODERATE-HIGH,MODERATE,variant of Pilot 10,cand-clone < +0.0010,4,3,4,5,4,4,4,4,4,3,HIGH,6
J1,Scalar historical difficulty gate (one OOF-trained column),J DGP CONDITIONING,meta-learning,this repo: research/reports/new_avenues_2026_diagnostics.json (D1-D6),"One history-only scalar, OOF-trained to predict RT-600's own dominant-cell loss rate, used as a single interaction column",series difficulty prior,m05_ctx 50 raw series-constant columns (-0.0177 full scale; permutation control -0.057),the failure was ENCODING - 50 near-continuous series-constant columns let LightGBM memorise series identity. One OOF scalar with a derangement control cannot. Substrate confirmed: OOF Spearman +0.192 vs permutation -0.031,D/A,SMALL,low,MEDIUM - must carry the within-fold derangement control that caught m05_ctx,"MODERATE - measured, weak, monotone-only (negative R2)",UNKNOWN - worth measuring precisely because unknown,"Pilot 9 part (i), control = seed clone AND within-fold derangement",derangement control not clearly worse => memorisation => KILL immediately; else cand-clone < +0.0010,4,3,4,5,4,5,4,3,5,3,HIGH,9
J4,Specialist-competence-by-fingerprint diagnostic,J DGP CONDITIONING,meta-learning / our own diagnostics,this repo: research/reports/new_avenues_2026_diagnostics.json (D1-D6),"Does which of the seven specialists wins vary by historical fingerprint quintile, beyond a permuted-fingerprint control?",routing substrate,"DGP-cluster gated specialists (RT-150, -0.0219 full scale)",the rejected experiment RETRAINED specialists per cluster and data-starved them; this measures the competence of the EXISTING seven and would only reweight,D,TINY - seven OOF vectors and the fingerprint bank are already on disk,very low,none (diagnostic),MODERATE,n/a (diagnostic),"Queue #1, 20 minutes",argmax specialist does not vary more than the permuted control => Family J routing is dead,3,4,3,5,5,5,5,3,5,3,HIGH,9
J2,Tail-index-conditioned null (GPD/Hill fit replaces empirical quantiles),J DGP CONDITIONING,extreme value theory,Erdos-Renyi 1970; Gordon-Schilling-Waterman 1986; Amarioarei-Preda 2020 (scan stats),"Set the exceedance thresholds from a fitted tail rather than an empirical quantile, so heavy-tailed series are not systematically over-flagged",tail-model-based null,"m10_persist (W5-E2, REJECTED)",FAILED_EXPERIMENTS.md names this EXACT retry as the untested alternative: condition the null on the series' own tail index rather than sharpening the online statistic,E,SMALL,low,low,HIGH - directly targets the E.2 heavy-tail false-positive population,UNKNOWN,after Pilot 9,cand-clone < +0.0010,4,3,5,5,4,4,4,4,5,3,HIGH,9
J3,Effective-sample-size correction (divide z by sqrt(ESS) from the historical ACF),J DGP CONDITIONING,time-series statistics,Erdos-Renyi 1970; Gordon-Schilling-Waterman 1986; Amarioarei-Preda 2020 (scan stats),A long-memory series has far fewer independent online observations than its length suggests; discount its evidence accordingly,dependence-adjusted evidence,sbr.nullcal (empirical windows inherit dependence implicitly),the empirical null inherits dependence in its SPREAD but the null SAMPLE SIZE is still inflated; an explicit ESS divisor is a different correction,E,SMALL,low,low,MODERATE-HIGH (VR(50) is an E.2 correlate),MODERATE,after Pilot 9,cand-clone < +0.0010,3,3,4,5,5,4,4,3,4,2,MODERATE,9
J5,Per-series conformal p-value transform before ranking,J DGP CONDITIONING,conformal prediction,"Ramdas-Grunwald-Vovk-Shafer, Stat Sci 2023; Vovk 2021; arXiv:1706.03415; arXiv:2505.04608 (WCTM); Choe & Ramdas adjusters","Convert each series' evidence into a p-value against its own null, then rank - a legal approximation of the illegal within-t cross-sectional rank",per-series score normalisation,RT-131 within-timestep rank oracle (ILLEGAL); SCDF time-conditional calibration (shipped),SCDF calibrates against the TRAINING cross-section at matched t; this calibrates against the SERIES' OWN null - a different reference,F,SMALL,low,none,MODERATE,HIGH - the calibration layer already does most of this,not queued unless K5 shows life,n/a,2,2,3,5,5,4,4,3,4,2,LOW,9
K1,Error-manifold clustering on the per-series loss cube x fingerprint,K ERROR REPAIR,our own diagnostics,this repo: research/reports/new_avenues_2026_diagnostics.json (D1-D6),"Are there two or more distinct failure manifolds, or one diffuse one?",failure geometry,"ORR (Wave 8, KILL); W5-D2 false-positive forensics",W5-D2 profiled the top 1% of false positives; this decomposes the EXACT metric loss per series (D1) and clusters it,diagnostic,SMALL - the D1 loss cube is already on disk,very low,none,HIGH - decides whether targeted repair is viable at all,n/a,Queue #1 with J4,clusters do not separate beyond a permutation control => Family K is dead,4,4,5,3,5,5,5,3,5,3,HIGH,1
K2,Density-ratio repair over the WHOLE cell (no confidence threshold),K ERROR REPAIR,ML (our own ORR post-mortem),this repo: research/reports/new_avenues_2026_diagnostics.json (D1-D6),Learn P(RT600 wrong)/P(RT600 right) over the entire dominant cell rather than mining a confident subset,full-coverage error model,"ORR (Wave 8: 877 pairs, 0.737 recoverability, aggregate -0.00005)","ORR's mechanism was real and its COVERAGE was fatal (D.5); E.1 measures that the loss is diffuse (worst 10% of never-break series hold only 27.7%), so full coverage is the only viable form",C,MEDIUM,medium,MEDIUM - must be nested outer-fold-pure like RT-994/995,HIGH,MODERATE-HIGH (it is a function of RT600's own score),after K1 confirms >=2 manifolds,cand-clone < +0.0010,3,2,5,3,3,3,3,3,5,3,MODERATE,4
K4,Specialist within-t rank spread (disagreement) as an input channel,K ERROR REPAIR,ensemble methods,this repo: research/reports/new_avenues_2026_diagnostics.json (D1-D6),"The seven specialists' disagreement at a given (series,t) is itself information about evidence validity",ensemble uncertainty,none - the blend averages and discards the spread,the spread is thrown away by the equal-weight mean,A,TINY,very low,MEDIUM - must be cross-fitted exactly like the blend,MODERATE,HIGH - derived entirely from RT600's own members,cheap add-on to any pilot,cand-clone < +0.0010,3,2,3,2,4,5,5,2,5,2,MODERATE,4
K3,"Negative-only specialist (rank negatives by break-likeness, applied subtractively)",K ERROR REPAIR,ML,this repo: research/reports/new_avenues_2026_diagnostics.json (D1-D6),"A model trained only to separate hard negatives from easy ones, used as a correction",negative-side model,"W5-E3 hard-negative curriculum (RT-711/712, both negative)",the curriculum REWEIGHTED training; this trains a separate head on a different target,B/C,MEDIUM,medium,medium,MODERATE,MODERATE-HIGH,not queued,n/a,2,2,4,2,3,3,3,2,4,2,LOW,5
K5,Two-population calibration (separate SCDF anchors by tail index),K ERROR REPAIR,calibration,this repo: research/reports/new_avenues_2026_diagnostics.json (D1-D6),Fit the time-conditional CDF separately for heavy- and light-tailed series,population-conditional calibration,"SmoothTimeCDFCal (single population, frozen)",the calibration family was chosen by nested CV but never conditioned on a series property,F,SMALL,low,"MEDIUM - adds fitted parameters to a frozen, parameter-free layer",MODERATE,MODERATE,after Pilot 9 part (i),cand-clone < +0.0010; and it must beat a RANDOM two-way split of the same size,3,2,4,4,4,4,4,3,5,2,MODERATE,9
L3,Ordinal transition-matrix divergence,L INFORMATION THEORY,information theory / ordinal analysis,Bandt & Pompe PRL 2002; Ramsey & Rothman JMCB 1996,"KL divergence of the online order-3 ordinal transition matrix from the historical one, nulled at matched count",higher-order ordinal dependence,m03_dyn permutation entropy,entropy is a scalar summary of the ordinal DISTRIBUTION; the TRANSITION matrix is a different object and survives changes that leave entropy fixed,A,SMALL ~20min,low,low,MODERATE,MODERATE,"Pilot 7, control = seed clone AND a permutation-entropy-only arm",cand-clone < +0.0010,4,3,3,5,5,4,4,4,5,3,HIGH,8
L4,Time irreversibility (Ramsey-Rothman / visibility-graph asymmetry),L INFORMATION THEORY,nonlinear dynamics / econometrics,Bandt & Pompe PRL 2002; Ramsey & Rothman JMCB 1996,Time-reversal asymmetry of the online segment vs its historical null,time asymmetry,none,no reversibility statistic exists; a dynamics change can leave every moment intact and break reversibility,A,SMALL,low,low,MODERATE,LOW-MODERATE,ships inside Pilot 7,subsumed,4,4,3,5,5,4,4,4,5,3,HIGH,8
L1,Normalised compression distance between the online window and history,L INFORMATION THEORY,algorithmic information theory,Bandt & Pompe PRL 2002; Ramsey & Rothman JMCB 1996,"A universal, assumption-free divergence via a real compressor on a discretised stream",universal divergence,m02_dist divergence family,every incumbent divergence assumes a fixed functional form; NCD assumes none,A,MEDIUM,medium,low,MODERATE,LOW-MODERATE,after Pilot 7,cand-clone < +0.0010,4,4,3,4,3,3,3,3,4,2,MODERATE,8
L2,Active information storage of the online window vs the historical AIS,L INFORMATION THEORY,information theory,Bandt & Pompe PRL 2002; Ramsey & Rothman JMCB 1996,How much of the next value is predictable from the past - a model-free self-predictability measure,model-free predictability,m04_resid AR residual variance (model-based predictability),AR residual variance is predictability under a LINEAR model; AIS is model-free,A,MEDIUM,medium,low,MODERATE,MODERATE,not queued,n/a,3,3,3,5,3,3,3,3,4,2,MODERATE,8
M2,Time-above-baseline and area-above-baseline of the calibrated score,M SCORE TRANSFORM,control / relay logic,IEEE Std C37.112-2018/1996; this repo: research/reports/new_avenues_2026_diagnostics.json (D1-D6),"New STATE on the score trajectory, unlike the already-measured level smoothing",score-path state,"apply_persistence: runmax -0.0060, decaymax -0.0033/+0.0005, EWMA +0.0005 (all measured)",the measured family smooths the LEVEL; time-above and area-above are path functionals with new state,F,TINY,very low,none,MODERATE,MODERATE,Pilot 2 arm F,F arm inside +/-0.0005 of the measured EWMA result,3,2,3,2,5,5,5,3,5,2,MODERATE,2
M3,"Monotone recalibration in (score, log t, time-above-threshold)",M SCORE TRANSFORM,calibration,this repo: research/reports/new_avenues_2026_diagnostics.json (D1-D6),Isotonic recalibration conditioned on a third path variable,conditional monotone recalibration,"SmoothTimeCDFCal (score, log_n_seen)",the incumbent conditions on time only; adding a path variable is a genuinely larger family,F,SMALL,low,MEDIUM - adds fitted parameters to a frozen layer,MODERATE,MODERATE,after Pilot 1 and Pilot 2,cand-clone < +0.0010,3,2,3,2,4,4,4,3,4,2,MODERATE,3
M1,Leaky integrator with asymmetric charge/discharge on the score,M SCORE TRANSFORM,electrical protection,IEEE Std C37.112-2018/1996,B3 applied to the final score,asymmetric score accumulation,apply_persistence decaymax (measured),asymmetry is the only new part; close to the measured family,F,TINY,very low,none,MODERATE,HIGH,Pilot 2 arm F,subsumed by B1's gate,2,1,3,2,5,5,5,4,5,2,LOW,2
M4,Score velocity / acceleration in log-time,M SCORE TRANSFORM,signal processing,this repo: research/reports/new_avenues_2026_diagnostics.json (D1-D6),First and second differences of the calibrated score in log t,score dynamics,"m01_seq detector slope channels (on evidence, not score)","slope of EVIDENCE exists; slope of the final calibrated SCORE does not, but is likely a monotone function of it",F,TINY,very low,none,LOW-MODERATE,HIGH,free add-on to Pilot 2,subsumed,2,1,2,1,5,5,5,2,5,1,LOW,3
M5,Score percentile against the series' own historical-null-implied score distribution,M SCORE TRANSFORM,calibration,this repo: research/reports/new_avenues_2026_diagnostics.json (D1-D6),Replay the production model over historical windows to get a per-series null distribution of its own score,per-series score null,SCDF cross-sectional calibration,calibrating against the SERIES' OWN null rather than the training cross-section is a different reference and has never been tried,F,MEDIUM (requires replaying the model on history),medium,low,MODERATE-HIGH,MODERATE,after Pilot 9,cand-clone < +0.0010,4,3,4,5,3,3,3,3,4,3,MODERATE,5
N2,Post-transition relaxation rate (AR(1) recovery settling at a new level),N PHYSICS,ecology / statistical physics,Scheffer et al. Nature 2009; Dakos et al. Ecology 2012; Lenton et al. Phil Trans A 2012,Critical slowing down inverted: a real regime change RESETS the relaxation rate to a new stable value; a transient spikes and returns,recovery rate from perturbation,m03_dyn ACF channels,"ACF at a window is a LEVEL; the RATE OF RETURN TO BASELINE after a perturbation is a conditional functional. NOTE: the source's own use is PRE-transition warning, which under y[t]=1[t>=tau] would HURT - the inversion is our inference, not the literature's",A,SMALL,low,MEDIUM - a pre-break signal would raise pre-break negatives and hurt; must be checked in the pre-break split,MODERATE,MODERATE,after Pilot 3,"cand-clone < +0.0010, or the pre-break-negative split gets worse",4,3,3,5,4,4,4,4,4,2,MODERATE,5
N3,Cross-scale variance transfer (intermittency analogue),N PHYSICS,turbulence / statistical physics,Scheffer et al. Nature 2009; Dakos et al. Ecology 2012; Lenton et al. Phil Trans A 2012,"Does the online segment REDISTRIBUTE variance across scales, or merely rescale it?",scale-allocation change,m03_dyn Haar wavelet energies,energies per scale exist; the normalised ALLOCATION vector and its divergence from history does not,A,SMALL,low,low,MODERATE-HIGH,MODERATE,ships inside Pilot 5,subsumed,4,3,4,5,4,4,4,3,4,3,HIGH,5
N1,Order parameter from the historical effective potential; online basin occupancy,N PHYSICS,statistical physics,Scheffer et al. Nature 2009; Dakos et al. Ecology 2012; Lenton et al. Phil Trans A 2012,Fit a 1-D effective potential from the historical density; emit online basin occupancy and transitions,basin occupancy,m02_dist PIT occupancy,"PIT occupancy is over quantile bins; basin occupancy is over MODES of a fitted potential, which is a different partition",A,MEDIUM,medium,low,MODERATE,MODERATE,not queued,n/a,4,3,3,5,3,3,3,3,3,2,MODERATE,6
N4,First-passage-time statistics to historical quantile levels,N PHYSICS,statistical physics / stochastic processes,Scheffer et al. Nature 2009; Dakos et al. Ecology 2012; Lenton et al. Phil Trans A 2012; Erdos-Renyi 1970; Gordon-Schilling-Waterman 1986; Amarioarei-Preda 2020 (scan stats),"Time to first cross each historical quantile level online, vs the historical first-passage distribution",first-passage times,none,no passage-time functional exists,A,SMALL,low,low,MODERATE-HIGH,MODERATE,variant of Pilot 1,cand-clone < +0.0010,4,3,4,5,5,4,4,4,4,3,HIGH,2
O1,Hierarchical Bayesian per-series generative null with cross-series shrinkage,O RADICAL,Bayesian statistics,"Bulla & Bulla CSDA 2010; CSDA 2025 (inhomogeneous dwell); arXiv:2105.11490; Ramdas-Grunwald-Vovk-Shafer, Stat Sci 2023; Vovk 2021; arXiv:1706.03415; arXiv:2505.04608 (WCTM); Choe & Ramdas adjusters","Pool across series to shrink each series' null parameters, then emit posterior-predictive p-values",properly-shrunk individual null,"sbr.nullcal (pure per-series empirical null, no pooling)",the incumbent null uses only that series' own history and is noisy for short histories (n_hist correlates -0.095 with loss rate),G,XL,very high,medium,HIGH,LOW,DO NOT BUILD until J2 or C7 shows null misspecification is the binding constraint,n/a - precursor-gated,5,4,4,5,2,1,1,4,3,3,HIGH (gated),LATER
O2,MODE E at full scale: rebuild the specialist set on observer-residual space,O RADICAL,control / system ID,"Gottwald & Gugole, J Stat Phys 2019; arXiv:2405.15576; arXiv:2407.05976; Bar-Shalom et al. 2001 (NIS); Online tests of Kalman filter consistency; modified whiteness test for damage detection",Replace raw-space monitoring with residual-space monitoring throughout,representation replacement,m04_resid (residual monitors ALONGSIDE raw ones),the incumbent adds residual channels to a raw-dominated bank; this makes residual space primary,G,XL,very high,low,HIGH,LOW,DO NOT BUILD until Pilot 3 arm (b) reaches SERIOUS,n/a - precursor-gated,4,4,4,5,3,1,1,4,3,3,HIGH (gated),LATER
O3,Meta-learned detector (hypernetwork conditioned on the historical fingerprint),O RADICAL,meta-learning,this repo: research/reports/new_avenues_2026_diagnostics.json (D1-D6),Generate per-series detector parameters from the historical fingerprint,learned conditioning,DGP-cluster gating (-0.0219); m05_ctx (-0.0177),both prior attempts used hard partitions or raw columns; a hypernetwork is soft and shares all parameters,G,XL,very high,high,MODERATE,MODERATE,DO NOT BUILD until J4 shows specialist competence varies materially by fingerprint,n/a - precursor-gated,4,3,3,5,2,1,1,3,3,2,MODERATE (gated),LATER
O4,Causal sequence model on the null-normalised stream with a within-t ranking loss,O RADICAL,deep learning,this repo: research/reports/new_avenues_2026_diagnostics.json (D1-D6),D3R's Case 2 attacked on a normalised representation rather than raw channels,learned sequence representation,"W6-N2 causal TCN (0.5432, failed both bars); CFEP (Wave 8, -0.00374 vs its own BCE control)",both prior neural attempts read raw or lightly-processed channels; this reads the PIT/residual stream. A real distinction but a weak one,G,XL,very high,medium,HIGH,MODERATE,DO NOT BUILD until Pilot 4 shows trajectory shape carries independent information,n/a - precursor-gated,3,3,4,4,2,1,1,3,3,2,MODERATE (gated),LATER
O5,Learned within-t calibration approximating the illegal cross-sectional rank,O RADICAL,calibration / ranking,this repo: research/reports/new_avenues_2026_diagnostics.json (D1-D6),"Approximate the within-timestep rank from training data alone, since RT-131's oracle rank is illegal but was worth +0.010 in wave 1",cross-sectional position,"RT-131 (ILLEGAL oracle); SmoothTimeCDFCal (the legal approximation, shipped)","the shipped SCDF already recovers most of the gap; K5's population-conditional version is the cheap next step, and this is the expensive one",G,LARGE,high,medium,MODERATE,HIGH,DO NOT BUILD until K5 shows population-conditional calibration moves the metric,n/a - precursor-gated,3,2,3,3,3,2,2,3,4,2,LOW (gated),LATER
