experiment_id,date,git_sha,agent,hypothesis,falsification_condition,feature_set,n_features,model,objective,folds,random_seed,train_series,train_rows,mean_oof_ts_auc,pooled_oof_ts_auc,per_fold_ts_auc,fold_std,persistence,sample_mode,training_runtime_s,causal_verified,test_reduced_touched,lockbox_touched,status,notes,protocol
RT-000,2026-08-18 03:55,baseline,agent0,Shipped EWMA/CUSUM/var noisy-OR detector is a real signal on 2026 data,TS-AUC <= 0.50 on dev folds,none(handcrafted),0,handcrafted_noisyOR,none,"0,1,2,3,4",0,0.0,0.0,0.5205052688971418,0.5205408793401459,0.52097;0.52107;0.52896;0.53031;0.50121,0.010395064345662,none,,18.5,by construction (single pass),no,no,recorded,BASELINE 0 replication on permanent folds,
RT-001S,2026-08-18 03:56,nogit,agent0,Calibrated multi-scale historical-null evidence + LightGBM beats the handcrafted noisy-OR baseline,screen TS-AUC <= 0.53,m00_core,151,lgbm,binary,0,0,2500.0,300000.0,0.5738423135475659,0.5738423135475659,0.57384,0.0,none,uniform,27.6,prefix-invariance@module,no,no,recorded,screen sanity run,
RT-070C,2026-08-18 04:37,nogit,agent7,control: m00_core alone under agent7 screen settings,n/a (control),m00_core,151,lgbm,binary,0,0,2500.0,300000.0,0.5738423135475659,0.5738423135475659,0.57384,0.0,none,uniform,716.2,prefix-invariance@module,no,no,recorded,agent7 paired control,
RT-060C,2026-08-18 04:38,nogit,agent6,"control: m00_core alone, screen fold0, n_estimators=300",n/a (control),m00_core,151,lgbm,binary,0,0,2500.0,300000.0,0.5738423135475659,0.5738423135475659,0.57384,0.0,none,uniform,574.2,prefix-invariance@module,no,no,recorded,agent6 paired control,
RT-A08-C,2026-08-18 04:38,nogit,agent8,"CONTROL: m00_core alone, screen fold 0, 300k rows, 300 trees",n/a (control),m00_core,151,lgbm,binary,0,0,2500.0,300000.0,0.5738423135475659,0.5738423135475659,0.57384,0.0,none,uniform,653.8,prefix-invariance@module,no,no,recorded,agent8 paired control,
RT-040C,2026-08-18 04:43,nogit,agent4,control: m00_core alone at n_estimators=300,n/a (control),m00_core,151,lgbm,binary,0,0,2500.0,300000.0,0.5738423135475659,0.5738423135475659,0.57384,0.0,none,uniform,637.3,prefix-invariance@module,no,no,recorded,agent4 residual/over-whitening,
RT-A08-H1,2026-08-18 04:45,nogit,agent8,H1: break-free historical context ALONE predicts break occurrence (level/prior effect),TS-AUC <= 0.505 => history carries no standalone break prior,m05_ctx,50,lgbm,binary,0,0,2500.0,300000.0,0.5014337591988404,0.5014337591988404,0.50143,0.0,none,uniform,376.3,prefix-invariance@module,no,no,recorded,agent8 H1 context-only,
RT-010C,2026-08-18 04:47,nogit,agent5,"CONTROL: m00_core alone, screen fold-0",n/a (control),m00_core,151,lgbm,binary,0,0,2500.0,300000.0,0.5738423135475659,0.5738423135475659,0.57384,0.0,none,uniform,773.2,prefix-invariance@module,no,no,recorded,agent5 paired control,
RT-070T,2026-08-18 04:54,nogit,agent7,"Online temporal-dynamics evidence (ACF/vol-clustering/trend/spectral/wavelet/complexity), historical-null calibrated, adds signal beyond marginal-distribution evidence",screen TS-AUC delta vs RT-070C <= +0.001,"m00_core,m03_dyn",211,lgbm,binary,0,0,2500.0,300000.0,0.6038140434730992,0.6038140434730992,0.60381,0.0,none,uniform,1014.1,prefix-invariance@module,no,no,recorded,agent7 treatment,
RT-041T,2026-08-18 04:58,nogit,agent4,Residual/innovation representations add break evidence on top of raw multi-scale null evidence,screen TS-AUC <= control (0.57384),"m00_core,m04_resid",211,lgbm,binary,0,0,2500.0,300000.0,0.6024406987716735,0.6024406987716735,0.60244,0.0,none,uniform,923.2,prefix-invariance@module,no,no,recorded,agent4 residual/over-whitening,
RT-010T,2026-08-18 04:58,nogit,agent5,Adding a calibrated sequential change-detector evidence bank (CUSUM/CUSUM-SQ/PH/SR/GLR/EWMA with peak/persistence/decay shape) on top of m00_core raises screen TS-AUC,screen fold-0 TS-AUC delta vs RT-010C <= +0.002,"m00_core,m01_seq",211,lgbm,binary,0,0,2500.0,300000.0,0.5880904373352679,0.5880904373352679,0.58809,0.0,none,uniform,687.0,prefix-invariance@module,no,no,recorded,agent5 treatment,
RT-A08-H2,2026-08-18 04:59,nogit,agent8,H2: historical context helps INTERPRET online evidence on top of m00_core,delta vs m00_core control <= 0 => context adds nothing,"m00_core,m05_ctx",201,lgbm,binary,0,0,2500.0,300000.0,0.5747606530115044,0.5747606530115044,0.57476,0.0,none,uniform,861.7,prefix-invariance@module,no,no,recorded,agent8 H2 core+ctx,
RT-070A,2026-08-18 04:59,nogit,agent7,m03_dyn alone carries standalone break signal,screen TS-AUC <= 0.53,m03_dyn,60,lgbm,binary,0,0,2500.0,300000.0,0.5578288351318476,0.5578288351318476,0.55783,0.0,none,uniform,301.6,prefix-invariance@module,no,no,recorded,agent7 m03_dyn alone,
RT-061,2026-08-18 05:00,nogit,agent6,"PIT occupancy divergences + rank statistics, historical-null calibrated, add signal m00_core moment monitoring cannot see",screen TS-AUC <= control 0.57384,"m00_core,m02_dist",210,lgbm,binary,0,0,2500.0,300000.0,0.5869767381114045,0.5869767381114045,0.58698,0.0,none,uniform,747.8,prefix-invariance@module,no,no,recorded,agent6 treatment,
RT-042S,2026-08-18 05:02,nogit,agent4,Residual representations alone carry standalone break signal,screen TS-AUC <= 0.52,m04_resid,60,lgbm,binary,0,0,2500.0,300000.0,0.5813912711882832,0.5813912711882832,0.58139,0.0,none,uniform,227.8,prefix-invariance@module,no,no,recorded,agent4 residual/over-whitening,
RT-010A,2026-08-18 05:03,nogit,agent5,m01_seq standalone strength,standalone screen TS-AUC < 0.55,m01_seq,60,lgbm,binary,0,0,2500.0,300000.0,0.5439168427485319,0.5439168427485319,0.54392,0.0,none,uniform,264.7,prefix-invariance@module,no,no,recorded,agent5 standalone,
RT-043-raw,2026-08-18 05:04,nogit,agent4,ABLATION raw (const hist sd) 8 cols,,m04_resid,8,lgbm,binary,0,0,2500.0,300000.0,0.5430517227868469,0.5430517227868469,0.54305,0.0,none,uniform,148.4,prefix-invariance@module,no,no,recorded,agent4 residual/over-whitening,
RT-043-ar1,2026-08-18 05:06,nogit,agent4,ABLATION AR(1) residual 8 cols,,m04_resid,8,lgbm,binary,0,0,2500.0,300000.0,0.5335859245873787,0.5335859245873787,0.53359,0.0,none,uniform,116.6,prefix-invariance@module,no,no,recorded,agent4 residual/over-whitening,
RT-062,2026-08-18 05:08,nogit,agent6,m02_dist alone is a usable detector,screen TS-AUC <= 0.55,m02_dist,59,lgbm,binary,0,0,2500.0,300000.0,0.5467411129687755,0.5467411129687755,0.54674,0.0,none,uniform,236.4,prefix-invariance@module,no,no,recorded,agent6 module-alone,
RT-043-ar2,2026-08-18 05:08,nogit,agent4,ABLATION AR(2) residual 8 cols,,m04_resid,8,lgbm,binary,0,0,2500.0,300000.0,0.5362363809299469,0.5362363809299469,0.53624,0.0,none,uniform,109.7,prefix-invariance@module,no,no,recorded,agent4 residual/over-whitening,
RT-A08-PERM,2026-08-18 05:08,nogit,agent8,"PERMUTATION CONTROL: context vectors deranged within fold; keeps marginal, kills series match","true-context gain <= permuted-context gain => the gain is a level/prior artifact, not interaction","m00_core,m05_ctx_perm",201,lgbm,binary,0,0,2500.0,300000.0,0.5166159028475444,0.5166159028475444,0.51662,0.0,none,uniform,549.1,prefix-invariance@module,no,no,recorded,agent8 permuted-context control,
RT-043-ar5,2026-08-18 05:11,nogit,agent4,ABLATION AR(5) residual 8 cols,,m04_resid,8,lgbm,binary,0,0,2500.0,300000.0,0.5494043951722833,0.5494043951722833,0.54940,0.0,none,uniform,142.1,prefix-invariance@module,no,no,recorded,agent4 residual/over-whitening,
RT-043-vol,2026-08-18 05:13,nogit,agent4,ABLATION EWMA-vol-normalised 8 cols,,m04_resid,8,lgbm,binary,0,0,2500.0,300000.0,0.5539169866484351,0.5539169866484351,0.55392,0.0,none,uniform,130.4,prefix-invariance@module,no,no,recorded,agent4 residual/over-whitening,
RT-043-cmb,2026-08-18 05:15,nogit,agent4,ABLATION AR(2)+EWMA-vol 8 cols,,m04_resid,8,lgbm,binary,0,0,2500.0,300000.0,0.551215656997688,0.551215656997688,0.55122,0.0,none,uniform,145.6,prefix-invariance@module,no,no,recorded,agent4 residual/over-whitening,
RT-063-divall,2026-08-18 05:16,nogit,agent6,ablation: only m02_dist family 'divall' on top of m00_core,family delta <= 0,"m00_core,m02_dist",198,lgbm,binary,0,0,2500.0,300000.0,0.5855531066503183,0.5855531066503183,0.58555,0.0,none,uniform,460.2,prefix-invariance@module,no,no,recorded,agent6 within-module ablation divall,
RT-043-arvol,2026-08-18 05:18,nogit,agent4,ABLATION AR+vol union 24 cols,,m04_resid,24,lgbm,binary,0,0,2500.0,300000.0,0.5775721364740426,0.5775721364740426,0.57757,0.0,none,uniform,189.9,prefix-invariance@module,no,no,recorded,agent4 residual/over-whitening,
RT-071AB,2026-08-18 05:22,nogit,agent7,family ablation: DEPENDENCE+VOLCLUSTER (ACF lags + realised-var ratios) adds signal over m00_core,screen TS-AUC delta vs RT-070C (0.57384) <= +0.001,"m00_core,m03_dyn",173,lgbm,binary,0,0,2500.0,300000.0,0.5978292543185221,0.5978292543185221,0.59783,0.0,none,uniform,751.1,prefix-invariance@module,no,no,recorded,agent7 family ablation DEPENDENCE+VOLCLUSTER (ACF lags + realised-var ratios),
RT-044-ar2c,2026-08-18 05:23,nogit,agent4,OLS AR(2) 3-col reference,,m04_resid,3,lgbm,binary,0,0,2500.0,300000.0,0.5308922591706079,0.5308922591706079,0.53089,0.0,none,uniform,272.0,prefix-invariance@module,no,no,recorded,agent4 residual/over-whitening,
RT-044-arR,2026-08-18 05:25,nogit,agent4,ridge AR(3) 3 cols,,m04_resid,3,lgbm,binary,0,0,2500.0,300000.0,0.5270248710649047,0.5270248710649047,0.52702,0.0,none,uniform,130.1,prefix-invariance@module,no,no,recorded,agent4 residual/over-whitening,
RT-044-arH,2026-08-18 05:27,nogit,agent4,Huber AR(2) 3 cols,,m04_resid,3,lgbm,binary,0,0,2500.0,300000.0,0.5265767870999367,0.5265767870999367,0.52658,0.0,none,uniform,137.2,prefix-invariance@module,no,no,recorded,agent4 residual/over-whitening,
RT-063-tl,2026-08-18 05:28,nogit,agent6,ablation: only m02_dist family 'tl' on top of m00_core,family delta <= 0,"m00_core,m02_dist",157,lgbm,binary,0,0,2500.0,300000.0,0.5697397585891428,0.5697397585891428,0.56974,0.0,none,uniform,771.0,prefix-invariance@module,no,no,recorded,agent6 within-module ablation tl,
RT-044-volc,2026-08-18 05:30,nogit,agent4,EWMA vol 3-col reference,,m04_resid,3,lgbm,binary,0,0,2500.0,300000.0,0.5153377745223031,0.5153377745223031,0.51534,0.0,none,uniform,141.2,prefix-invariance@module,no,no,recorded,agent4 residual/over-whitening,
RT-010N,2026-08-18 05:31,nogit,agent5,ABLATION: only the calibrated CURRENT LEVEL of each sequential channel (no peak/persistence/decay/slope shape) is needed,levels-only reaches within 0.002 of RT-010T => shape channels add nothing,"m00_core,m01_seq",169,lgbm,binary,0,0,2500.0,300000.0,0.5822856403694285,0.5822856403694285,0.58229,0.0,none,uniform,827.9,prefix-invariance@module,no,no,recorded,agent5 levels-only ablation of m01_seq,
RT-044-volG,2026-08-18 05:32,nogit,agent4,"GARCH(1,1) vol 3 cols",,m04_resid,3,lgbm,binary,0,0,2500.0,300000.0,0.500116293019619,0.500116293019619,0.50012,0.0,none,uniform,123.4,prefix-invariance@module,no,no,recorded,agent4 residual/over-whitening,
RT-071C,2026-08-18 05:34,nogit,agent7,family ablation: TREND (cumsum slopes + Mann-Kendall) adds signal over m00_core,screen TS-AUC delta vs RT-070C (0.57384) <= +0.001,"m00_core,m03_dyn",163,lgbm,binary,0,0,2500.0,300000.0,0.5689691120421851,0.5689691120421851,0.56897,0.0,none,uniform,681.0,prefix-invariance@module,no,no,recorded,agent7 family ablation TREND (cumsum slopes + Mann-Kendall),
RT-044-volM,2026-08-18 05:35,nogit,agent4,robust MAD-EWMA vol 3 cols,,m04_resid,3,lgbm,binary,0,0,2500.0,300000.0,0.5348984246558094,0.5348984246558094,0.53490,0.0,none,uniform,203.2,prefix-invariance@module,no,no,recorded,agent4 residual/over-whitening,
RT-063-rk,2026-08-18 05:36,nogit,agent6,ablation: only m02_dist family 'rk' on top of m00_core,family delta <= 0,"m00_core,m02_dist",157,lgbm,binary,0,0,2500.0,300000.0,0.571114980245828,0.571114980245828,0.57111,0.0,none,uniform,457.2,prefix-invariance@module,no,no,recorded,agent6 within-module ablation rk,
RT-045-raw,2026-08-18 05:40,nogit,agent4,m00_core + raw slice only,,"m00_core,m04_resid",159,lgbm,binary,0,0,2500.0,300000.0,0.5716870996708603,0.5716870996708603,0.57169,0.0,none,uniform,284.2,prefix-invariance@module,no,no,recorded,agent4 residual/over-whitening,
RT-071DE,2026-08-18 05:40,nogit,agent7,"family ablation: SPECTRAL+WAVELET (band powers, entropy, Haar energies) adds signal over m00_core",screen TS-AUC delta vs RT-070C (0.57384) <= +0.001,"m00_core,m03_dyn",169,lgbm,binary,0,0,2500.0,300000.0,0.5948843897228566,0.5948843897228566,0.59488,0.0,none,uniform,366.8,prefix-invariance@module,no,no,recorded,"agent7 family ablation SPECTRAL+WAVELET (band powers, entropy, Haar energies)",
RT-071F,2026-08-18 05:45,nogit,agent7,"family ablation: COMPLEXITY (permutation entropy, Hjorth) adds signal over m00_core",screen TS-AUC delta vs RT-070C (0.57384) <= +0.001,"m00_core,m03_dyn",159,lgbm,binary,0,0,2500.0,300000.0,0.5972442308260808,0.5972442308260808,0.59724,0.0,none,uniform,303.8,prefix-invariance@module,no,no,recorded,"agent7 family ablation COMPLEXITY (permutation entropy, Hjorth)",
RT-045-ar2,2026-08-18 05:47,nogit,agent4,m00_core + AR(2) slice only,,"m00_core,m04_resid",159,lgbm,binary,0,0,2500.0,300000.0,0.5947431488395802,0.5947431488395802,0.59474,0.0,none,uniform,403.9,prefix-invariance@module,no,no,recorded,agent4 residual/over-whitening,
RT-072NT,2026-08-18 05:52,nogit,agent7,the TREND family is dead weight: m03_dyn minus trend matches or beats full m03_dyn,TS-AUC of m03_dyn-minus-trend < full m03_dyn (0.60381) - 0.001,"m00_core,m03_dyn",199,lgbm,binary,0,0,2500.0,300000.0,0.607753577046589,0.607753577046589,0.60775,0.0,none,uniform,343.2,prefix-invariance@module,no,no,recorded,agent7 leave-trend-out,
RT-045-ar5,2026-08-18 05:54,nogit,agent4,m00_core + AR(5) slice only,,"m00_core,m04_resid",159,lgbm,binary,0,0,2500.0,300000.0,0.5969016082847554,0.5969016082847554,0.59690,0.0,none,uniform,428.3,prefix-invariance@module,no,no,recorded,agent4 residual/over-whitening,
RT-045-vol,2026-08-18 05:57,nogit,agent4,m00_core + EWMA-vol slice only,,"m00_core,m04_resid",159,lgbm,binary,0,0,2500.0,300000.0,0.5899461986416162,0.5899461986416162,0.58995,0.0,none,uniform,217.9,prefix-invariance@module,no,no,recorded,agent4 residual/over-whitening,
RT-A09-OBJ-binary-SANITY,2026-08-18 06:18,nogit,agent09,within-t ranking supervision beats binary logloss,no objective beats binary logloss control by >0.002 TS-AUC on fold 0,m00_core,151,lgbm,binary,0,0,2500.0,300000.0,0.5738423135475659,0.5738423135475659,0.57384,0.0,none,uniform,283.0,prefix-invariance@module(inherited),no,no,recorded,agent9 objective sweep :: binary logloss (control) :: {},
RT-A09-OBJ-binary,2026-08-18 06:36,nogit,agent09,supervision variant beats binary logloss control,does not beat the paired binary-logloss control by >0.002 TS-AUC,"m00_core,m03_dyn",211,lgbm,OBJ-binary,0,0,2500.0,300000.0,0.6038140825763338,0.6038140825763338,0.60381,0.0,none,uniform,855.0,prefix-invariance@module(inherited),no,no,recorded,agent9 :: CONTROL binary logloss :: {},
RT-L00C,2026-08-18 06:43,nogit,agent_loc,"paired control: m00_core only, screen fold 0",n/a (control),m00_core,151,lgbm,binary,0,0,2500.0,300000.0,0.5738423135475659,0.5738423135475659,0.57384,0.0,none,uniform,572.4,prefix-invariance@module,no,no,recorded,agent_loc localisation control,screen
RT-120C,2026-08-18 06:48,nogit,agent12,CONTROL: reproduce the m00_core screen baseline in this session,screen TS-AUC != 0.57384,m00_core,151,lgbm,binary,0,0,2500.0,300000.0,0.5738423135475659,0.5738423135475659,0.57384,0.0,none,uniform,701.3,prefix-invariance@module,no,no,recorded,agent12 paired control,screen
RT-A09-OBJ-binary-B,2026-08-18 06:50,nogit,agent09,supervision variant beats binary logloss control,does not beat the paired binary-logloss control by >0.002 TS-AUC,"m00_core,m03_dyn",211,lgbm,OBJ-binary,0,0,2500.0,300000.0,0.6067670806447905,0.6067670806447905,0.60677,0.0,none,uniform,651.8,prefix-invariance@module(inherited),no,no,recorded,agent9 :: CONTROL binary logloss :: {},
RT-120A,2026-08-18 06:54,nogit,agent12,Absorbing-state Bayesian posterior + BOCPD + e-processes are a standalone signal,standalone screen TS-AUC <= 0.53,m07_bayes,50,lgbm,binary,0,0,2500.0,300000.0,0.5991560270675718,0.5991560270675718,0.59916,0.0,none,uniform,375.8,prefix-invariance@module,no,no,recorded,agent12 m07_bayes standalone,screen
RT-L01-loc,2026-08-18 07:02,nogit,agent_loc,"causal online change-point LOCALISATION features (max over a geometric candidate grid, matched-length historical-null calibration, tau_hat position/gap/stability) add signal over m00_core",screen TS-AUC of (m00_core+loc_) <= (m00_core+fx_ fixed-offset control) => localisation adds nothing beyond a denser window bank,"m00_core,m06_loc",187,lgbm,binary,0,0,2500.0,300000.0,0.607510276721078,0.607510276721078,0.60751,0.0,none,uniform,537.4,prefix-invariance@module,no,no,recorded,agent_loc: localised family only (36 cols),screen
RT-120B,2026-08-18 07:02,nogit,agent12,m07_bayes adds information m00_core does not have,screen TS-AUC delta vs RT-120C <= 0.000,"m00_core,m07_bayes",201,lgbm,binary,0,0,2500.0,300000.0,0.61352161697193,0.61352161697193,0.61352,0.0,none,uniform,469.8,prefix-invariance@module,no,no,recorded,agent12 m00+m07,screen
RT-A09-OBJ-pairwise-t-m8-B,2026-08-18 07:03,nogit,agent09,supervision variant beats binary logloss control,does not beat the paired binary-logloss control by >0.002 TS-AUC,"m00_core,m03_dyn",211,lgbm,OBJ-pairwise-t-m8,0,0,2500.0,300000.0,0.613947451196426,0.613947451196426,0.61395,0.0,none,uniform,781.1,prefix-invariance@module(inherited),no,no,recorded,"agent9 :: pairwise logistic, groups = online index t, 8 neg/pos :: {'n_pos_used': 77002, 'n_pairs': 616016, 'n_groups': 994}",
RT-A09-OBJ-lambdarank-B,2026-08-18 07:11,nogit,agent09,supervision variant beats binary logloss control,does not beat the paired binary-logloss control by >0.002 TS-AUC,"m00_core,m03_dyn",211,lgbm,OBJ-lambdarank,0,0,2500.0,300000.0,0.6073102245730044,0.6073102245730044,0.60731,0.0,none,uniform,473.7,prefix-invariance@module(inherited),no,no,recorded,"agent9 :: lambdarank, group = online index t, trunc 2000 :: {'n_groups': 998}",
RT-A09-OBJ-xendcg-B,2026-08-18 07:15,nogit,agent09,supervision variant beats binary logloss control,does not beat the paired binary-logloss control by >0.002 TS-AUC,"m00_core,m03_dyn",211,lgbm,OBJ-xendcg,0,0,2500.0,300000.0,0.5926241445580889,0.5926241445580889,0.59262,0.0,none,uniform,280.1,prefix-invariance@module(inherited),no,no,recorded,"agent9 :: XE-NDCG, group = online index t :: {'n_groups': 998}",
RT-A09-OBJ-spw4-B,2026-08-18 07:19,nogit,agent09,supervision variant beats binary logloss control,does not beat the paired binary-logloss control by >0.002 TS-AUC,"m00_core,m03_dyn",211,lgbm,OBJ-spw4,0,0,2500.0,300000.0,0.5974416630574381,0.5974416630574381,0.59744,0.0,none,uniform,240.0,prefix-invariance@module(inherited),no,no,recorded,"agent9 :: binary, scale_pos_weight=4 :: {}",
RT-A09-TGT-ramp20-B,2026-08-18 07:22,nogit,agent09,supervision variant beats binary logloss control,does not beat the paired binary-logloss control by >0.002 TS-AUC,"m00_core,m03_dyn",211,lgbm,TGT-ramp20,0,0,2500.0,300000.0,0.5950074084988222,0.5950074084988222,0.59501,0.0,none,uniform,188.1,prefix-invariance@module(inherited),no,no,recorded,"agent9 :: soft ramp target min(h/20,1), cross-entropy :: {'lab_mean': 0.24694133333333332}",
RT-A09-W-pairprop-B,2026-08-18 07:25,nogit,agent09,supervision variant beats binary logloss control,does not beat the paired binary-logloss control by >0.002 TS-AUC,"m00_core,m03_dyn",211,lgbm,W-pairprop,0,0,2500.0,300000.0,0.607608191220448,0.607608191220448,0.60761,0.0,none,uniform,144.0,prefix-invariance@module(inherited),no,no,recorded,"agent9 :: row weight = metric pair count at t :: {'w_mean': 1.0, 'w_max': 4.86981338885613}",
RT-A09-FAM-xgb-B,2026-08-18 07:27,nogit,agent09,supervision variant beats binary logloss control,does not beat the paired binary-logloss control by >0.002 TS-AUC,"m00_core,m03_dyn",211,xgboost,FAM-xgb,0,0,2500.0,300000.0,0.5987583471719681,0.5987583471719681,0.59876,0.0,none,uniform,121.5,prefix-invariance@module(inherited),no,no,recorded,agent9 :: XGBoost hist binary:logistic :: {},
RT-A09-FAM-cat-B,2026-08-18 07:29,nogit,agent09,supervision variant beats binary logloss control,does not beat the paired binary-logloss control by >0.002 TS-AUC,"m00_core,m03_dyn",211,catboost,FAM-cat,0,0,2500.0,300000.0,0.5723402018946925,0.5723402018946925,0.57234,0.0,none,uniform,107.4,prefix-invariance@module(inherited),no,no,recorded,agent9 :: CatBoost Logloss :: {},
RT-A09-TGT-loghz-B,2026-08-18 07:32,nogit,agent09,supervision variant beats binary logloss control,does not beat the paired binary-logloss control by >0.002 TS-AUC,"m00_core,m03_dyn",211,lgbm,TGT-loghz,0,0,2500.0,300000.0,0.5885626088927325,0.5885626088927325,0.58856,0.0,none,uniform,223.2,prefix-invariance@module(inherited),no,no,recorded,"agent9 :: log1p(time-since-break) regression, 0 for pre-break/no-break :: {'lab_mean': 1.2760644676180761}",
RT-060L,2026-08-18 07:36,nogit,agent0,Online change-point localisation adds signal beyond prefix-anchored windows,delta vs m00_core control <= 0,"m00_core,m06_loc",211,lgbm,binary,0,0,2500.0,300000.0,0.605355101947607,0.605355101947607,0.60536,0.0,none,uniform,564.9,prefix-invariance@module,no,no,recorded,agent0 screen selection,screen
RT-100,2026-08-18 08:36,nogit,agent0,"Full causal feature bank (7 modules, 500 cols) + LightGBM is the champion",mean OOF TS-AUC <= 0.575 (public-method territory),"m00_core,m01_seq,m02_dist,m03_dyn,m04_resid,m06_loc,m07_bayes",500,lgbm,binary,"0,1,2,3,4",0,8000.0,1000000.0,0.6151034246587253,0.6149965423542226,0.62903;0.61061;0.62688;0.60747;0.60152,0.010911644932179,none,uniform,1630.2,prefix-invariance@module,no,no,recorded,"CHAMPION candidate, full 5-fold",full
RT-101,2026-08-18 08:45,nogit,agent0,"Calibrated multi-scale null evidence alone, full 5-fold reference",mean OOF TS-AUC <= 0.55,m00_core,151,lgbm,binary,"0,1,2,3,4",0,8000.0,1000000.0,0.5634910656119767,0.5630552402143177,0.56528;0.55648;0.57461;0.56286;0.55822,0.0063912774043528,none,uniform,536.8,prefix-invariance@module,no,no,recorded,single-module reference,full
RT-102,2026-08-18,nogit,agent0,Series-constant historical context block adds value on full data,delta vs RT-100 <= 0,m00..m07+m05_ctx,550,lgbm,binary,0,0,,,0.61129,0.61129,0.61129,0.0,none,uniform,,prefix-invariance@module,no,no,STOPPED EARLY - falsified on fold 0,fold-0 only 0.61129 vs champion 0.62903 => context block costs -0.0177; matches agent8 permutation control,full
RT-100-LOCKBOX,2026-08-18 09:27,nogit,agent0,Champion dev-fold TS-AUC is not research overfit,lockbox TS-AUC materially below the 0.6151 dev mean,"m00_core,m01_seq,m02_dist,m03_dyn,m04_resid,m06_loc,m07_bayes",500,lgbm,binary,"train=0-4, eval=lockbox",0,,,0.6079083949890315,0.6079083949890315,0.60791,0.0,none,uniform,360.3,prefix-invariance@module,no,YES (single authorised touch),recorded,"Single authorised lockbox evaluation, after all decisions were fixed.",lockbox
RT-111,2026-08-18 09:53,nogit,agent0,Pairwise-t ranking beats binary logloss on the champion feature set at full scale,delta <= 0 in a properly paired fold-0 comparison,"m00_core,m01_seq,m02_dist,m03_dyn,m04_resid,m06_loc,m07_bayes",500,lgbm,pairwise_logistic_t_groups,0,0,8000.0,800000.0,0.623016399397132,0.623016399397132,0.62302,0.0,none,uniform,0.0,prefix-invariance@module(inherited),no,no,recorded,PAIRED fold-0: binary 0.62631 vs pairwise 0.62302 (delta -0.00330); identical 800k-row matrix for both,
RT-120,2026-08-18 11:01,nogit,agent0,A sequential/Bayesian-evidence-only model is a distinct alpha stream from the full bank,within-timestep rank correlation with RT-100 > 0.95 (i.e. a clone),"m00_core,m01_seq,m07_bayes",261,lgbm,binary,"0,1,2,3,4",0,8000.0,900000.0,0.6088393430821959,0.6085475464289809,0.60985;0.60686;0.61698;0.59767;0.61283,0.0065107904536278,none,uniform,1577.4,prefix-invariance@module,no,no,recorded,"stream A: evidence-recursion heavy, deep trees",full
RT-121,2026-08-18 11:21,nogit,agent0,A distribution/dynamics/representation model is a distinct alpha stream,within-timestep rank correlation with RT-100 > 0.95,"m02_dist,m03_dyn,m04_resid,m06_loc",239,lgbm,binary,"0,1,2,3,4",1,8000.0,900000.0,0.6048813977217695,0.6046833320226433,0.62268;0.59749;0.61064;0.60391;0.58967,0.0112864676498478,none,uniform,1184.6,prefix-invariance@module,no,no,recorded,"stream B: shape/dynamics heavy, shallow trees",full
RT-122,2026-08-18 11:49,nogit,agent0,"An extremely-randomised, per-series-sampled variant decorrelates from the champion",within-timestep rank correlation with RT-100 > 0.97,"m00_core,m01_seq,m02_dist,m03_dyn,m04_resid,m06_loc,m07_bayes",500,lgbm,binary,"0,1,2,3,4",7,8000.0,900000.0,0.6131551904391166,0.6130669542814243,0.62338;0.60840;0.61914;0.60879;0.60606,0.0068176562986273,none,per_series,1678.3,prefix-invariance@module,no,no,recorded,"stream C: extra-trees, per-series row sampling, different seed",full
RT-130,2026-08-18,nogit,agent0,Equal-weight within-timestep rank average of four diverse streams beats the single champion,ensemble delta vs RT-100 <= 0,RT-100+RT-120+RT-121+RT-122,500,rank-average ensemble (parameter-free),,"0,1,2,3,4",0,,,0.6239362726278002,0.6237438123699494,0.63647;0.61704;0.63308;0.61762;0.61548,0.0089399734509465,none,mixed,,prefix-invariance@module,no,no,NEW CHAMPION,"ensemble_delta +0.00875 over RT-100; learned stacks lose to the equal rank average (logistic 0.62318, lgbm 0.61999); within-timestep rank correlations 0.40-0.69",full
RT-140,2026-08-18 12:35,nogit,agent0,A gain-selected subset of the 500-column bank matches or beats the full bank,every reduced set scores below the full bank on held-out fold 0,"m00_core,m01_seq,m02_dist,m03_dyn,m04_resid,m06_loc,m07_bayes",500,lgbm,binary,0,0,,,0.6268941976160893,0.6268941976160893,0.62689,0.0,none,uniform,1198.4,prefix-invariance@module,no,no,recorded,"nested selection, best=all_500: all_500=0.62689; top_300=0.62645; top_200=0.62111; top_120=0.61885; top_60=0.60952",full
RT-130-LOCKBOX,2026-08-18 13:03,nogit,agent0,The four-stream rank-average ensemble holds up on series never used for anything,lockbox ensemble below the single-model lockbox score of 0.60791,RT-100+RT-120+RT-121+RT-122,500,rank-average ensemble,n/a,"train=0-4, eval=lockbox",0,,,0.6121436822613388,0.6121436822613388,0.61214,0.0,none,mixed,1253.3,prefix-invariance@module,no,"YES (second authorised touch, parameter-free blend)",recorded,"{""RT-100"": 0.6059592793440881, ""RT-120"": 0.6048240856469562, ""RT-121"": 0.5981548819620378, ""RT-122"": 0.6050123012438151}",lockbox
