series_id,series_idx,fold,has_break,tau_index,off,n_hist,n_online,dev_start,dev_end,online_mean_z,online_abs_z_mean,online_max_abs_z,online_tail2_rate,online_tail3_rate,score_delta_mean,rt600_score_mean,rt1264_score_mean,never_break_rows,never_break_mean_z,never_break_abs_z_mean,never_break_tail2_rate,never_break_tail3_rate,never_break_score_delta,prebreak_far_rows,prebreak_far_mean_z,prebreak_far_abs_z_mean,prebreak_far_tail2_rate,prebreak_far_tail3_rate,prebreak_far_score_delta,prebreak_near_rows,prebreak_near_mean_z,prebreak_near_abs_z_mean,prebreak_near_tail2_rate,prebreak_near_tail3_rate,prebreak_near_score_delta,postbreak_early_rows,postbreak_early_mean_z,postbreak_early_abs_z_mean,postbreak_early_tail2_rate,postbreak_early_tail3_rate,postbreak_early_score_delta,postbreak_mature_rows,postbreak_mature_mean_z,postbreak_mature_abs_z_mean,postbreak_mature_tail2_rate,postbreak_mature_tail3_rate,postbreak_mature_score_delta,early_rel_rows,early_rel_score_delta,near_boundary_rows,near_boundary_score_delta,pre100_rows,post100_rows,pre100_mean_z,post100_mean_z,pre100_std_z,post100_std_z,pre100_tail2_rate,post100_tail2_rate,level_shift_100,scale_log_100,tail2_shift_100,shape_family,shape_strength,never_stable_score,abs_online_mean_z,post_scale_tail_strength,atlas_group,atlas_label,selection_rule
9401,9401,3,False,-1,32881071,4047,983,3796278,3797261,-7.963184988986424e-05,0.7749543678190627,3.0073740482330322,0.03458799593082401,0.001017293997965412,-0.08744635816571555,0.4844002770699411,0.3969539189042255,983,-7.963184988986424e-05,0.7749543678190627,0.03458799593082401,0.001017293997965412,-0.08744635816571555,0,,,,,,0,,,,,,0,,,,,,0,,,,,,147,-0.02370717825040611,0,,0,0,,,,,,,,,,boundary_limited,,0.0026938839010270535,7.963184988986424e-05,,raw_archetype,never_stable,"never-break, n_online>=400, closest to never-break median online_abs_z_mean and online_mean_z"
1621,1621,1,False,-1,5579016,2157,323,665383,665706,0.36860432470146703,1.2475971137177078,37.59047317504883,0.13312693498452013,0.030959752321981424,-0.04246548219586893,0.7949591754451885,0.7524936932493194,323,0.36860432470146703,1.2475971137177078,0.13312693498452013,0.030959752321981424,-0.04246548219586893,0,,,,,,0,,,,,,0,,,,,,0,,,,,,48,-0.04546645537836827,0,,0,0,,,,,,,,,,boundary_limited,,0.8410750652650978,0.36860432470146703,,raw_archetype,never_tail_outlier,"never-break, largest online_max_abs_z"
1727,1727,2,False,-1,5954787,1274,328,704703,705031,-2.00359204702261,2.00359204702261,3.354447841644287,0.49390243902439024,0.051829268292682924,0.03222330212457996,0.16975428002858514,0.2019775821531651,328,-2.00359204702261,2.00359204702261,0.49390243902439024,0.051829268292682924,0.03222330212457996,0,,,,,,0,,,,,,0,,,,,,0,,,,,,49,0.01901794351674548,0,,0,0,,,,,,,,,,boundary_limited,,3.2294562104752407,2.00359204702261,,raw_archetype,never_level_drift,"never-break, largest abs(online_mean_z)"
6946,6946,3,True,676,24332346,1396,932,2816201,2817133,0.018426428866947904,1.53812030007354,12.4400634765625,0.27682403433476394,0.13841201716738197,-0.0013357552997569112,0.7591220398545953,0.7577862845548384,0,,,,,,576,-0.072072840470355,1.3130603349774093,0.22569444444444445,0.11979166666666667,-0.0013641385785118732,100,0.22876346456818283,3.126593426624313,0.59,0.42,-0.001049896738675764,100,0.20340800983831286,1.7212495764158666,0.35,0.13,-0.0004380612506793302,156,0.09916820752737411,1.2334683744713681,0.21794871794871795,0.03205128205128205,-0.001989643071891626,139,0.011976630454376209,200,-0.0007439789946775471,100,100,0.22876346456818283,0.20340800983831286,4.104225550326568,2.140576434336774,0.59,0.35,-0.02535545472986997,-0.6509416869004033,-0.24,tail_down,1.6362971416302732,0.7814203557864108,0.018426428866947904,-0.07959196050604112,raw_archetype,prebreak_near_tail,"break series, at least 25 near-prebreak rows, largest prebreak_near_abs_z_mean"
8693,8693,2,True,14,30462051,3393,329,3516041,3516370,358.00647213421394,358.5992144513918,15780.1181640625,0.08206686930091185,0.06382978723404255,-0.05019791583238981,0.729657721388834,0.6794598055564443,0,,,,,,0,,,,,,14,0.07318831181951932,1.0427559246974332,0.14285714285714285,0.0,0.0815768655885337,100,-0.062383711850270626,0.6640586570743472,0.01,0.0,-0.12371017522399344,215,547.8574096138416,548.3634283993241,0.11162790697674418,0.09767441860465116,-0.024586850719518032,49,-0.14706295752621235,114,-0.09849948600140236,14,100,0.07318831181951932,-0.062383711850270626,1.322251631466042,0.8231837531126561,0.14285714285714285,0.01,-0.13557202366978993,-0.47391143722446916,-0.13285714285714284,boundary_limited,1.1409120323228303,715.8305602124517,358.00647213421394,,raw_archetype,postbreak_level_up,"break series, at least 50 mature-postbreak rows, largest postbreak_mature_mean_z"
740,740,2,True,17,2512720,1960,170,307898,308068,-0.3179710819550297,1.1236253742019042,2.8518831729888916,0.09411764705882353,0.0,-0.023737249055356437,0.3738223913516188,0.35008514229626236,0,,,,,,0,,,,,,17,1.799494462854722,1.799494462854722,0.35294117647058826,0.0,0.014738269709180116,100,-0.39645423389971257,1.1449795035272836,0.09,0.0,-0.022720313576952665,53,-0.8490767247342276,0.8665463659068886,0.018867924528301886,0.0,-0.03799719937304507,26,0.07419811596607603,117,-0.017277613441360723,17,100,1.799494462854722,-0.39645423389971257,0.3654830089896782,1.247682418869728,0.35294117647058826,0.09,-2.1959486967544346,1.2278213187935416,-0.26294117647058823,boundary_limited,4.475534721430329,0.6638685725869543,0.3179710819550297,,raw_archetype,postbreak_level_down,"break series, at least 50 mature-postbreak rows, smallest postbreak_mature_mean_z"
332,332,4,True,802,1118629,1573,987,143503,144490,0.6582846420960289,1.494063833399802,97.7601089477539,0.06382978723404255,0.025329280648429583,-0.010367673899337074,0.6279518731773324,0.6175841992779951,0,,,,,,702,-0.02759192009722142,0.7973792204089721,0.04415954415954416,0.007122507122507123,-0.003523804840482803,100,-0.2262719271890819,0.7655422562174499,0.05,0.0,0.004294799816762519,100,-0.12374897938687354,0.8404521906329319,0.06,0.0,-0.03879076647921423,85,8.283512474289711,8.8738981900408,0.24705882352941178,0.23529411764705882,-0.0507010173456658,148,-0.024025789022838494,200,-0.017247983331225857,100,100,-0.2262719271890819,-0.12374897938687354,0.9610106350571168,1.0539678259911265,0.05,0.06,0.10252294780220836,0.09233163566893388,0.009999999999999995,subtle,0.23485458347114221,1.377222102341754,0.6582846420960289,8.076518969631827,raw_archetype,postbreak_scale_tail,"break series, at least 50 mature-postbreak rows, largest mature abs-z minus far-prebreak abs-z"
8407,8407,4,True,436,29425367,4824,554,3405428,3405982,-0.013515477659309364,0.03648773883143692,0.1681668907403946,0.0,0.0,-0.06761726937935936,0.5236119886334546,0.45599471925409535,0,,,,,,336,-0.013711075273368763,0.03707938654527728,0.0,0.0,-0.08326107689055598,100,-0.012685331143438816,0.03558435547631234,0.0,0.0,-0.08957280903362477,100,-0.01298473798437044,0.036468841151800005,0.0,0.0,-0.0025577026348138163,18,-0.01742480103469764,0.030567431699536327,0.0,0.0,-0.015066346338579038,83,-0.10536441536525232,200,-0.04606525583421929,100,100,-0.012685331143438816,-0.01298473798437044,0.04473627335318845,0.044745993624796386,0.0,0.0,-0.000299406840931625,0.00021725096431882314,0.0,subtle,0.0005166578052504481,0.7521541119819495,0.013515477659309364,-0.006511954845740953,raw_archetype,postbreak_subtle,"break series classified subtle, smallest fixed shape_strength"
5500,5500,4,True,417,19246651,1626,627,2249069,2249696,0.0009260108283800935,0.7295317904336551,5.107265949249268,0.03349282296650718,0.004784688995215311,0.11596069184563433,0.3997635091264302,0.5157242009720645,0,,,,,,317,0.028639337252648306,0.7506680332264198,0.03785488958990536,0.0031545741324921135,0.042041021909068436,100,0.01692568932310678,0.8192543332709465,0.06,0.02,0.07369594592161889,100,0.10842706574941985,0.6261822292313446,0.0,0.0,0.24735047100807,110,-0.19121215115407142,0.6810091801717962,0.02727272727272727,0.0,0.24796098317335577,94,0.03338570464086972,200,0.1605232084648445,100,100,0.01692568932310678,0.10842706574941985,1.0846728186560084,0.7440766709206421,0.06,0.0,0.09150137642631306,-0.3768891670272217,-0.06,scale_down,0.7083905434535347,0.049122103964704567,0.0009260108283800935,-0.0696588530546236,model_anchored,rt1264_mature_lift,"break series, largest mean RT1264-RT600 score delta on mature-postbreak rows"
8696,8696,0,True,472,30471394,1388,653,3517387,3518040,-0.00808729936098138,0.6454522108868981,3.154036045074463,0.010719754977029096,0.0015313935681470138,-0.05220079829549836,0.49143835657112533,0.43923755827562694,0,,,,,,372,0.0057939556696432176,0.6429123251920476,0.005376344086021506,0.002688172043010753,0.05110769519302784,100,-0.019964969065622427,0.6042093436612049,0.01,0.0,-0.2014825281101375,100,-0.05526052491739392,0.5256836980767549,0.0,0.0,-0.1647393279521542,81,0.0010640914379446596,0.8558963526408245,0.04938271604938271,0.0,-0.20341973200663727,97,0.20156670956120842,200,-0.18311092803114584,100,100,-0.019964969065622427,-0.05526052491739392,0.7715684132323761,0.6466900792971843,0.01,0.0,-0.03529555585177149,-0.17655792537413376,-0.01,subtle,0.25185348122590523,0.13776146162816033,0.00808729936098138,0.21298402744877698,model_anchored,rt1264_mature_drop,"break series, smallest mean RT1264-RT600 score delta on mature-postbreak rows"
4120,4120,4,False,-1,14400816,1308,135,1687738,1687873,-0.014514154771825782,0.6950568242791902,2.4433629512786865,0.037037037037037035,0.0,-0.20151455034720925,0.6495951225534111,0.44808057220620184,135,-0.014514154771825782,0.6950568242791902,0.037037037037037035,0.0,-0.20151455034720925,0,,,,,,0,,,,,,0,,,,,,0,,,,,,20,-0.18932052135066563,0,,0,0,,,,,,,,,,boundary_limited,,0.09458370364671258,0.014514154771825782,,model_anchored,rt1264_never_score_reduction,"never-break series, smallest mean RT1264-RT600 score delta"
5764,5764,4,False,-1,20174187,2493,594,2344134,2344728,-0.04484711864941909,0.795123875533874,9.908859252929688,0.04713804713804714,0.013468013468013467,0.1896568427249029,0.45903663298615666,0.6486934757110595,594,-0.04484711864941909,0.795123875533874,0.04713804713804714,0.013468013468013467,0.1896568427249029,0,,,,,,0,,,,,,0,,,,,,0,,,,,,89,0.23010007841867908,0,,0,0,,,,,,,,,,boundary_limited,,0.062243110613313474,0.04484711864941909,,model_anchored,rt1264_never_score_increase,"never-break series, largest mean RT1264-RT600 score delta"
192,192,3,True,66,622592,4017,134,82258,82392,-0.11113113486694533,0.7989203787075161,2.8988070487976074,0.07462686567164178,0.0,-0.14254328276433428,0.5693142119033888,0.4267709291390545,0,,,,,,0,,,,,,66,-0.19040337978213123,0.7392927824209133,0.06060606060606061,0.0,-0.19944384185673236,68,-0.03419042656691197,0.85679422216216,0.08823529411764706,0.0,-0.08731626952759498,0,,,,,,20,-0.2840394078871694,134,-0.14254328276433428,66,68,-0.19040337978213123,-0.03419042656691197,0.9341842826664728,1.0747826373644997,0.06060606060606061,0.08823529411764706,0.15621295321521927,0.14019985873588278,0.027629233511586457,subtle,0.40692974599744786,0.13232363000448183,0.11113113486694533,,model_anchored,early_rel_loss,"at least 20 rows in relative position [.10,.25), smallest mean score delta"
3457,3457,0,True,944,12020467,4505,965,1404463,1405428,-0.09300680982137921,0.7124344277323433,3.096284866333008,0.021761658031088083,0.0010362694300518134,0.09761544496264891,0.4625409908415591,0.560156435804208,0,,,,,,844,-0.09214106591014276,0.7316697287498402,0.022511848341232227,0.001184834123222749,0.1195526505244606,100,-0.10181569003500045,0.5765458270069211,0.02,0.0,-0.05295568280650506,21,-0.08585442123668534,0.5864470950549557,0.0,0.0,-0.06704592252562086,0,,,,,,144,0.28091636001189507,121,-0.055401096311475564,100,21,-0.10181569003500045,-0.08585442123668534,0.7402446770131329,0.7685005628729085,0.02,0.0,0.01596126879831511,0.03746046957990385,-0.02,boundary_limited,0.13342173837821897,0.1556987552431129,0.09300680982137921,,model_anchored,early_rel_gain,"at least 20 rows in relative position [.10,.25), largest mean score delta"
2452,2452,1,True,616,8456927,2401,643,996002,996645,0.12230102112906019,0.8213120491100326,8.150622367858887,0.08242612752721618,0.015552099533437015,0.08181876896301771,0.5422556330516618,0.6240744020146795,0,,,,,,516,0.09693596627806447,0.8281057752264337,0.0755813953488372,0.01744186046511628,0.047638968563206936,100,0.17662216442637146,0.715452031744644,0.09,0.01,0.21054971510924583,27,0.4058659831061959,1.083550532831362,0.18518518518518517,0.0,0.25825145013633455,0,,,,,,96,0.024462754805767633,127,0.22069102885516234,100,27,0.17662216442637146,0.4058659831061959,0.9946991342179698,1.3139117991204723,0.09,0.18518518518518517,0.22924381867982446,0.27832351482895007,0.09518518518518518,tail_up,0.8883080742495152,0.1684866970850158,0.12230102112906019,,model_anchored,near_boundary_lift,"at least 40 near-boundary rows, largest mean score delta"
3779,3779,1,True,497,13187280,3290,889,1539460,1540349,0.00048815469631463754,0.5836654075048543,2.7103984355926514,0.007874015748031496,0.0,-0.18592755642228792,0.4618487639129873,0.2759212074906993,0,,,,,,397,-0.020744759913791096,0.562306859208497,0.005037783375314861,0.0,-0.1505606504247352,100,0.020456108987564222,0.5914206449163611,0.02,0.0,-0.248848527450806,100,-0.15226361576467753,0.5968811839073896,0.02,0.0,-0.24876192022398988,292,0.07483010235791134,0.6055224016563941,0.003424657534246575,0.0,-0.1909451187442277,133,-0.13639998639507123,200,-0.24880522383739798,100,100,0.020456108987564222,-0.15226361576467753,0.7730433733866667,0.7663282587804209,0.02,0.02,-0.17271972475224176,-0.008724531927347502,0.0,subtle,0.18144425667958927,0.19455063076143994,0.00048815469631463754,0.04321554244789716,model_anchored,near_boundary_drop,"at least 40 near-boundary rows, smallest mean score delta"
