notice,group,predictor,target,n,pearson,spearman
POSTHOC_DESCRIPTIVE_NOT_PROMOTION_EVIDENCE,all_scored_arms,standalone_whole_auc,marginal_vs_clone,19,0.9073705605318352,0.7385964912280703
POSTHOC_DESCRIPTIVE_NOT_PROMOTION_EVIDENCE,all_scored_arms,dominant_cell_auc,marginal_vs_clone,19,0.9079133794193013,0.6631578947368422
POSTHOC_DESCRIPTIVE_NOT_PROMOTION_EVIDENCE,all_scored_arms,mature_vs_never_auc,marginal_vs_clone,19,0.9116760199539036,0.6842105263157895
POSTHOC_DESCRIPTIVE_NOT_PROMOTION_EVIDENCE,all_scored_arms,mature_vs_prebreak_auc,marginal_vs_clone,19,0.8932880302792561,0.6000000000000001
POSTHOC_DESCRIPTIVE_NOT_PROMOTION_EVIDENCE,all_scored_arms,within_t_rank_corr_rt600,marginal_vs_clone,19,0.8411013698798947,0.13684210526315788
POSTHOC_DESCRIPTIVE_NOT_PROMOTION_EVIDENCE,all_scored_arms,gain_vs_rt600,marginal_vs_clone,19,1.0,1.0
POSTHOC_DESCRIPTIVE_NOT_PROMOTION_EVIDENCE,all_scored_arms,candidate_vs_matched_control_marginal,marginal_vs_clone,14,0.22593652750085558,0.37142857142857144
POSTHOC_DESCRIPTIVE_NOT_PROMOTION_EVIDENCE,all_scored_arms,whole_pair_net,marginal_vs_clone,19,0.8821493501345372,0.5929824561403508
POSTHOC_DESCRIPTIVE_NOT_PROMOTION_EVIDENCE,all_scored_arms,dominant_pair_net,marginal_vs_clone,19,0.906289162569744,0.6491228070175438
POSTHOC_DESCRIPTIVE_NOT_PROMOTION_EVIDENCE,all_scored_arms,neverbreak_net,marginal_vs_clone,19,0.9067351295616377,0.6017543859649123
POSTHOC_DESCRIPTIVE_NOT_PROMOTION_EVIDENCE,all_scored_arms,prebreak_net,marginal_vs_clone,19,0.8913452317797089,0.6210526315789473
POSTHOC_DESCRIPTIVE_NOT_PROMOTION_EVIDENCE,all_scored_arms,feature_count,marginal_vs_clone,19,0.6547302901204285,0.3017681928556579
POSTHOC_DESCRIPTIVE_NOT_PROMOTION_EVIDENCE,all_scored_arms,training_runtime_s,marginal_vs_clone,19,0.5013382989615008,0.33611236232610686
POSTHOC_DESCRIPTIVE_NOT_PROMOTION_EVIDENCE,candidate_arms_only,standalone_whole_auc,marginal_vs_clone,12,0.8853134828849639,0.6433566433566434
POSTHOC_DESCRIPTIVE_NOT_PROMOTION_EVIDENCE,candidate_arms_only,dominant_cell_auc,marginal_vs_clone,12,0.8831097438203742,0.5874125874125874
POSTHOC_DESCRIPTIVE_NOT_PROMOTION_EVIDENCE,candidate_arms_only,mature_vs_never_auc,marginal_vs_clone,12,0.8905088968731147,0.5874125874125874
POSTHOC_DESCRIPTIVE_NOT_PROMOTION_EVIDENCE,candidate_arms_only,mature_vs_prebreak_auc,marginal_vs_clone,12,0.8622348914565598,0.5314685314685316
POSTHOC_DESCRIPTIVE_NOT_PROMOTION_EVIDENCE,candidate_arms_only,within_t_rank_corr_rt600,marginal_vs_clone,12,0.8053573691975989,0.2447552447552448
POSTHOC_DESCRIPTIVE_NOT_PROMOTION_EVIDENCE,candidate_arms_only,gain_vs_rt600,marginal_vs_clone,12,1.0,1.0
POSTHOC_DESCRIPTIVE_NOT_PROMOTION_EVIDENCE,candidate_arms_only,candidate_vs_matched_control_marginal,marginal_vs_clone,7,0.046437716198028035,0.5714285714285715
POSTHOC_DESCRIPTIVE_NOT_PROMOTION_EVIDENCE,candidate_arms_only,whole_pair_net,marginal_vs_clone,12,0.8558758746033828,0.6783216783216784
POSTHOC_DESCRIPTIVE_NOT_PROMOTION_EVIDENCE,candidate_arms_only,dominant_pair_net,marginal_vs_clone,12,0.8794341244735957,0.6783216783216784
POSTHOC_DESCRIPTIVE_NOT_PROMOTION_EVIDENCE,candidate_arms_only,neverbreak_net,marginal_vs_clone,12,0.8851117312195395,0.6293706293706295
POSTHOC_DESCRIPTIVE_NOT_PROMOTION_EVIDENCE,candidate_arms_only,prebreak_net,marginal_vs_clone,12,0.8648822939303281,0.5384615384615385
POSTHOC_DESCRIPTIVE_NOT_PROMOTION_EVIDENCE,candidate_arms_only,feature_count,marginal_vs_clone,12,0.5856975783007309,0.3333668712480307
POSTHOC_DESCRIPTIVE_NOT_PROMOTION_EVIDENCE,candidate_arms_only,training_runtime_s,marginal_vs_clone,12,0.53385752922468,0.32867132867132864
