notice,sample,left,right,repair_left,repair_right,repair_intersection,repair_jaccard,damage_left,damage_right,damage_intersection,damage_jaccard
POSTHOC_DESCRIPTIVE_NOT_PROMOTION_EVIDENCE,whole_fold,RT-1200,RT-1201,4748,9048,2946,0.27152073732718895,7595,13595,4605,0.2776605366294845
POSTHOC_DESCRIPTIVE_NOT_PROMOTION_EVIDENCE,whole_fold,RT-1200,RT-1202,4748,10767,2399,0.18290637389448003,7595,21161,4037,0.16331566810955137
POSTHOC_DESCRIPTIVE_NOT_PROMOTION_EVIDENCE,whole_fold,RT-1200,RT-1203,4748,10483,2203,0.16909732883021186,7595,21044,3819,0.1538678485092667
POSTHOC_DESCRIPTIVE_NOT_PROMOTION_EVIDENCE,whole_fold,RT-1200,RT-1204,4748,3915,1317,0.17928124149196842,7595,4553,1892,0.18447737909516382
POSTHOC_DESCRIPTIVE_NOT_PROMOTION_EVIDENCE,whole_fold,RT-1200,RT-1205,4748,3957,1314,0.17778379109728049,7595,4531,1832,0.17796774820283662
POSTHOC_DESCRIPTIVE_NOT_PROMOTION_EVIDENCE,whole_fold,RT-1200,RT-1206,4748,3965,1266,0.17000134282261314,7595,4887,1929,0.18279162323509904
POSTHOC_DESCRIPTIVE_NOT_PROMOTION_EVIDENCE,whole_fold,RT-1200,RT-1207,4748,4337,1387,0.1801766692647441,7595,4478,1842,0.1800410517056006
POSTHOC_DESCRIPTIVE_NOT_PROMOTION_EVIDENCE,whole_fold,RT-1200,RT-1208,4748,4241,1433,0.18965060878771836,7595,4683,1907,0.1838781216854691
POSTHOC_DESCRIPTIVE_NOT_PROMOTION_EVIDENCE,whole_fold,RT-1200,RT-1209,4748,4075,1355,0.18144081414033209,7595,4662,1902,0.18367938194109126
POSTHOC_DESCRIPTIVE_NOT_PROMOTION_EVIDENCE,whole_fold,RT-1200,RT-1210,4748,4118,1401,0.18767582049564635,7595,4836,1956,0.18673031026252984
POSTHOC_DESCRIPTIVE_NOT_PROMOTION_EVIDENCE,whole_fold,RT-1200,RT-1211,4748,4385,1507,0.1976134277471807,7595,4891,1924,0.18216246922931262
POSTHOC_DESCRIPTIVE_NOT_PROMOTION_EVIDENCE,whole_fold,RT-1200,RT-1212,4748,4562,1418,0.17967562088190572,7595,5023,1971,0.18512256973795435
POSTHOC_DESCRIPTIVE_NOT_PROMOTION_EVIDENCE,whole_fold,RT-1200,RT-1213,4748,4251,1442,0.19081646155881965,7595,5033,1879,0.1748069587868639
POSTHOC_DESCRIPTIVE_NOT_PROMOTION_EVIDENCE,whole_fold,RT-1200,RT-1214,4748,4261,1401,0.18414826498422712,7595,4641,1847,0.17778419482144575
POSTHOC_DESCRIPTIVE_NOT_PROMOTION_EVIDENCE,whole_fold,RT-1200,RT-1215,4748,4214,1449,0.19286569945427925,7595,4389,1810,0.1779044623550226
POSTHOC_DESCRIPTIVE_NOT_PROMOTION_EVIDENCE,whole_fold,RT-1200,RT-1216,4748,4572,1495,0.19105431309904153,7595,4742,1959,0.18876469454615533
POSTHOC_DESCRIPTIVE_NOT_PROMOTION_EVIDENCE,whole_fold,RT-1200,RT-1217,4748,4333,1355,0.17538182759513332,7595,4821,1950,0.186317599847124
POSTHOC_DESCRIPTIVE_NOT_PROMOTION_EVIDENCE,whole_fold,RT-1200,RT-1218,4748,10054,2244,0.17869087434304826,7595,17311,3693,0.174091359072267
POSTHOC_DESCRIPTIVE_NOT_PROMOTION_EVIDENCE,whole_fold,RT-1201,RT-1202,9048,10767,4521,0.29560612004707726,13595,21161,7255,0.26380858877858987
POSTHOC_DESCRIPTIVE_NOT_PROMOTION_EVIDENCE,whole_fold,RT-1201,RT-1203,9048,10483,4482,0.29782709814605623,13595,21044,6968,0.25181598062953997
POSTHOC_DESCRIPTIVE_NOT_PROMOTION_EVIDENCE,whole_fold,RT-1201,RT-1204,9048,3915,1743,0.1553475935828877,13595,4553,2081,0.12952013443704488
POSTHOC_DESCRIPTIVE_NOT_PROMOTION_EVIDENCE,whole_fold,RT-1201,RT-1205,9048,3957,1754,0.1558972535774598,13595,4531,2097,0.1308253790005615
POSTHOC_DESCRIPTIVE_NOT_PROMOTION_EVIDENCE,whole_fold,RT-1201,RT-1206,9048,3965,1825,0.16312120128709331,13595,4887,2259,0.13924674844356777
POSTHOC_DESCRIPTIVE_NOT_PROMOTION_EVIDENCE,whole_fold,RT-1201,RT-1207,9048,4337,1839,0.15927593971938334,13595,4478,1953,0.12115384615384615
POSTHOC_DESCRIPTIVE_NOT_PROMOTION_EVIDENCE,whole_fold,RT-1201,RT-1208,9048,4241,1809,0.15757839721254355,13595,4683,2085,0.1287593404557525
POSTHOC_DESCRIPTIVE_NOT_PROMOTION_EVIDENCE,whole_fold,RT-1201,RT-1209,9048,4075,1747,0.1535689170182841,13595,4662,2053,0.12669711182424093
POSTHOC_DESCRIPTIVE_NOT_PROMOTION_EVIDENCE,whole_fold,RT-1201,RT-1210,9048,4118,1838,0.16225282485875706,13595,4836,2225,0.137294829075651
POSTHOC_DESCRIPTIVE_NOT_PROMOTION_EVIDENCE,whole_fold,RT-1201,RT-1211,9048,4385,2025,0.1775070126227209,13595,4891,2444,0.15235008103727715
POSTHOC_DESCRIPTIVE_NOT_PROMOTION_EVIDENCE,whole_fold,RT-1201,RT-1212,9048,4562,1954,0.16763898421413864,13595,5023,2277,0.1393427574811823
POSTHOC_DESCRIPTIVE_NOT_PROMOTION_EVIDENCE,whole_fold,RT-1201,RT-1213,9048,4251,1938,0.17058357538949037,13595,5033,2276,0.13918786692759297
POSTHOC_DESCRIPTIVE_NOT_PROMOTION_EVIDENCE,whole_fold,RT-1201,RT-1214,9048,4261,1871,0.16357754852246897,13595,4641,2076,0.12846534653465347
POSTHOC_DESCRIPTIVE_NOT_PROMOTION_EVIDENCE,whole_fold,RT-1201,RT-1215,9048,4214,1836,0.16068615438473657,13595,4389,2035,0.12759420653332498
POSTHOC_DESCRIPTIVE_NOT_PROMOTION_EVIDENCE,whole_fold,RT-1201,RT-1216,9048,4572,2008,0.17292456079917326,13595,4742,2161,0.13359297725024727
POSTHOC_DESCRIPTIVE_NOT_PROMOTION_EVIDENCE,whole_fold,RT-1201,RT-1217,9048,4333,1858,0.16124273192744945,13595,4821,2205,0.13601875269878477
POSTHOC_DESCRIPTIVE_NOT_PROMOTION_EVIDENCE,whole_fold,RT-1201,RT-1218,9048,10054,4296,0.29015264082128867,13595,17311,6747,0.2792748044207128
POSTHOC_DESCRIPTIVE_NOT_PROMOTION_EVIDENCE,whole_fold,RT-1202,RT-1203,10767,10483,6963,0.48736613704766574,21161,21044,14469,0.5216685895586963
POSTHOC_DESCRIPTIVE_NOT_PROMOTION_EVIDENCE,whole_fold,RT-1202,RT-1204,10767,3915,1902,0.1488262910798122,21161,4553,2374,0.10171379605826907
POSTHOC_DESCRIPTIVE_NOT_PROMOTION_EVIDENCE,whole_fold,RT-1202,RT-1205,10767,3957,1946,0.1522930035999374,21161,4531,2401,0.10308702932463183
POSTHOC_DESCRIPTIVE_NOT_PROMOTION_EVIDENCE,whole_fold,RT-1202,RT-1206,10767,3965,1995,0.1566302897071524,21161,4887,2632,0.11240177656303382
POSTHOC_DESCRIPTIVE_NOT_PROMOTION_EVIDENCE,whole_fold,RT-1202,RT-1207,10767,4337,2141,0.16516238525032786,21161,4478,2372,0.10194696351055142
POSTHOC_DESCRIPTIVE_NOT_PROMOTION_EVIDENCE,whole_fold,RT-1202,RT-1208,10767,4241,2084,0.1612503868771278,21161,4683,2515,0.10780573535085088
POSTHOC_DESCRIPTIVE_NOT_PROMOTION_EVIDENCE,whole_fold,RT-1202,RT-1209,10767,4075,2017,0.157270955165692,21161,4662,2436,0.10416043100868004
POSTHOC_DESCRIPTIVE_NOT_PROMOTION_EVIDENCE,whole_fold,RT-1202,RT-1210,10767,4118,1958,0.1514659240349656,21161,4836,2487,0.10578477243726074
POSTHOC_DESCRIPTIVE_NOT_PROMOTION_EVIDENCE,whole_fold,RT-1202,RT-1211,10767,4385,2184,0.16841455891425047,21161,4891,2611,0.11138603301906916
POSTHOC_DESCRIPTIVE_NOT_PROMOTION_EVIDENCE,whole_fold,RT-1202,RT-1212,10767,4562,2265,0.17337721984078383,21161,5023,2650,0.11260304240673069
POSTHOC_DESCRIPTIVE_NOT_PROMOTION_EVIDENCE,whole_fold,RT-1202,RT-1213,10767,4251,2039,0.1570999306572155,21161,5033,2624,0.1113279592702588
POSTHOC_DESCRIPTIVE_NOT_PROMOTION_EVIDENCE,whole_fold,RT-1202,RT-1214,10767,4261,2091,0.1616294349540079,21161,4641,2447,0.10477413830014987
POSTHOC_DESCRIPTIVE_NOT_PROMOTION_EVIDENCE,whole_fold,RT-1202,RT-1215,10767,4214,2109,0.16384400248601616,21161,4389,2335,0.10058152056859788
POSTHOC_DESCRIPTIVE_NOT_PROMOTION_EVIDENCE,whole_fold,RT-1202,RT-1216,10767,4572,2205,0.16788487894015533,21161,4742,2479,0.10583162568306011
POSTHOC_DESCRIPTIVE_NOT_PROMOTION_EVIDENCE,whole_fold,RT-1202,RT-1217,10767,4333,2133,0.1644944860029305,21161,4821,2638,0.11300548320767649
POSTHOC_DESCRIPTIVE_NOT_PROMOTION_EVIDENCE,whole_fold,RT-1202,RT-1218,10767,10054,4956,0.31238575480617714,21161,17311,9229,0.3155968949834148
POSTHOC_DESCRIPTIVE_NOT_PROMOTION_EVIDENCE,whole_fold,RT-1203,RT-1204,10483,3915,1807,0.14351520927646733,21044,4553,2251,0.0964190867814615
POSTHOC_DESCRIPTIVE_NOT_PROMOTION_EVIDENCE,whole_fold,RT-1203,RT-1205,10483,3957,1853,0.14721538094859776,21044,4531,2287,0.0982050841635177
POSTHOC_DESCRIPTIVE_NOT_PROMOTION_EVIDENCE,whole_fold,RT-1203,RT-1206,10483,3965,1876,0.1492204899777283,21044,4887,2518,0.10754708922393542
POSTHOC_DESCRIPTIVE_NOT_PROMOTION_EVIDENCE,whole_fold,RT-1203,RT-1207,10483,4337,2040,0.1596244131455399,21044,4478,2302,0.0991386735572782
POSTHOC_DESCRIPTIVE_NOT_PROMOTION_EVIDENCE,whole_fold,RT-1203,RT-1208,10483,4241,2006,0.1577292027048278,21044,4683,2398,0.10279051823910154
POSTHOC_DESCRIPTIVE_NOT_PROMOTION_EVIDENCE,whole_fold,RT-1203,RT-1209,10483,4075,1942,0.1539315155358275,21044,4662,2326,0.09948674080410608
POSTHOC_DESCRIPTIVE_NOT_PROMOTION_EVIDENCE,whole_fold,RT-1203,RT-1210,10483,4118,1952,0.15432049964424066,21044,4836,2523,0.1080190092905767
POSTHOC_DESCRIPTIVE_NOT_PROMOTION_EVIDENCE,whole_fold,RT-1203,RT-1211,10483,4385,2090,0.16356237282829864,21044,4891,2519,0.10757601639904339
POSTHOC_DESCRIPTIVE_NOT_PROMOTION_EVIDENCE,whole_fold,RT-1203,RT-1212,10483,4562,2123,0.16429345302584739,21044,5023,2528,0.10739623603381622
POSTHOC_DESCRIPTIVE_NOT_PROMOTION_EVIDENCE,whole_fold,RT-1203,RT-1213,10483,4251,2020,0.15887997483089508,21044,5033,2538,0.10782106291686137
POSTHOC_DESCRIPTIVE_NOT_PROMOTION_EVIDENCE,whole_fold,RT-1203,RT-1214,10483,4261,2004,0.15729984301412872,21044,4641,2379,0.10207671844160301
POSTHOC_DESCRIPTIVE_NOT_PROMOTION_EVIDENCE,whole_fold,RT-1203,RT-1215,10483,4214,2026,0.15989266829768764,21044,4389,2244,0.09677002026823063
POSTHOC_DESCRIPTIVE_NOT_PROMOTION_EVIDENCE,whole_fold,RT-1203,RT-1216,10483,4572,2094,0.16156160790062496,21044,4742,2324,0.09905378910578808
POSTHOC_DESCRIPTIVE_NOT_PROMOTION_EVIDENCE,whole_fold,RT-1203,RT-1217,10483,4333,2137,0.16854641533243947,21044,4821,2487,0.1063820686115151
POSTHOC_DESCRIPTIVE_NOT_PROMOTION_EVIDENCE,whole_fold,RT-1203,RT-1218,10483,10054,4761,0.30178752535496955,21044,17311,8905,0.3023769100169779
POSTHOC_DESCRIPTIVE_NOT_PROMOTION_EVIDENCE,whole_fold,RT-1204,RT-1205,3915,3957,1698,0.2750242954324587,4553,4531,1907,0.265709906646231
POSTHOC_DESCRIPTIVE_NOT_PROMOTION_EVIDENCE,whole_fold,RT-1204,RT-1206,3915,3965,1764,0.2884238064094179,4553,4887,2063,0.27965297546428086
POSTHOC_DESCRIPTIVE_NOT_PROMOTION_EVIDENCE,whole_fold,RT-1204,RT-1207,3915,4337,1833,0.2855584982084437,4553,4478,1846,0.2569241475295755
POSTHOC_DESCRIPTIVE_NOT_PROMOTION_EVIDENCE,whole_fold,RT-1204,RT-1208,3915,4241,1793,0.2817853213892818,4553,4683,1924,0.263129102844639
POSTHOC_DESCRIPTIVE_NOT_PROMOTION_EVIDENCE,whole_fold,RT-1204,RT-1209,3915,4075,1760,0.2825040128410915,4553,4662,1939,0.2664925783397471
POSTHOC_DESCRIPTIVE_NOT_PROMOTION_EVIDENCE,whole_fold,RT-1204,RT-1210,3915,4118,1732,0.2748770036502142,4553,4836,1844,0.2444002650762094
POSTHOC_DESCRIPTIVE_NOT_PROMOTION_EVIDENCE,whole_fold,RT-1204,RT-1211,3915,4385,1736,0.2644728823887873,4553,4891,1859,0.24508899143045484
POSTHOC_DESCRIPTIVE_NOT_PROMOTION_EVIDENCE,whole_fold,RT-1204,RT-1212,3915,4562,1750,0.2601456815816857,4553,5023,1896,0.246875
POSTHOC_DESCRIPTIVE_NOT_PROMOTION_EVIDENCE,whole_fold,RT-1204,RT-1213,3915,4251,1753,0.27335100576953064,4553,5033,2005,0.2644769819285055
POSTHOC_DESCRIPTIVE_NOT_PROMOTION_EVIDENCE,whole_fold,RT-1204,RT-1214,3915,4261,1822,0.2867485048788165,4553,4641,1924,0.26464924346629987
POSTHOC_DESCRIPTIVE_NOT_PROMOTION_EVIDENCE,whole_fold,RT-1204,RT-1215,3915,4214,1811,0.28664134219689774,4553,4389,1888,0.2676495605330309
POSTHOC_DESCRIPTIVE_NOT_PROMOTION_EVIDENCE,whole_fold,RT-1204,RT-1216,3915,4572,1842,0.27720090293453725,4553,4742,1827,0.24464381360471343
POSTHOC_DESCRIPTIVE_NOT_PROMOTION_EVIDENCE,whole_fold,RT-1204,RT-1217,3915,4333,1753,0.26989992301770593,4553,4821,1869,0.24903397734843438
POSTHOC_DESCRIPTIVE_NOT_PROMOTION_EVIDENCE,whole_fold,RT-1204,RT-1218,3915,10054,1922,0.15954179463766913,4553,17311,2202,0.11199267622825755
POSTHOC_DESCRIPTIVE_NOT_PROMOTION_EVIDENCE,whole_fold,RT-1205,RT-1206,3957,3965,1688,0.2707731793391081,4531,4887,1995,0.2687592617540078
POSTHOC_DESCRIPTIVE_NOT_PROMOTION_EVIDENCE,whole_fold,RT-1205,RT-1207,3957,4337,1900,0.29715358148264,4531,4478,1852,0.2587676400726561
POSTHOC_DESCRIPTIVE_NOT_PROMOTION_EVIDENCE,whole_fold,RT-1205,RT-1208,3957,4241,1771,0.2755562470826202,4531,4683,1883,0.2568544536898104
POSTHOC_DESCRIPTIVE_NOT_PROMOTION_EVIDENCE,whole_fold,RT-1205,RT-1209,3957,4075,1759,0.28040809819862905,4531,4662,1910,0.2622545654263353
POSTHOC_DESCRIPTIVE_NOT_PROMOTION_EVIDENCE,whole_fold,RT-1205,RT-1210,3957,4118,1840,0.2951082598235766,4531,4836,2013,0.2737285830840359
POSTHOC_DESCRIPTIVE_NOT_PROMOTION_EVIDENCE,whole_fold,RT-1205,RT-1211,3957,4385,1931,0.30120106067696145,4531,4891,1994,0.2684437264404954
POSTHOC_DESCRIPTIVE_NOT_PROMOTION_EVIDENCE,whole_fold,RT-1205,RT-1212,3957,4562,1707,0.2505871990604815,4531,5023,1835,0.23772509392408342
POSTHOC_DESCRIPTIVE_NOT_PROMOTION_EVIDENCE,whole_fold,RT-1205,RT-1213,3957,4251,1721,0.265299830430091,4531,5033,1937,0.2539661728071326
POSTHOC_DESCRIPTIVE_NOT_PROMOTION_EVIDENCE,whole_fold,RT-1205,RT-1214,3957,4261,2003,0.3222847948511665,4531,4641,2097,0.29639575971731447
POSTHOC_DESCRIPTIVE_NOT_PROMOTION_EVIDENCE,whole_fold,RT-1205,RT-1215,3957,4214,2093,0.3443566962816716,4531,4389,2188,0.32501485442661915
POSTHOC_DESCRIPTIVE_NOT_PROMOTION_EVIDENCE,whole_fold,RT-1205,RT-1216,3957,4572,1835,0.27412608305945624,4531,4742,1838,0.24720914593140553
POSTHOC_DESCRIPTIVE_NOT_PROMOTION_EVIDENCE,whole_fold,RT-1205,RT-1217,3957,4333,1817,0.2807044646995211,4531,4821,1919,0.25817301224270145
POSTHOC_DESCRIPTIVE_NOT_PROMOTION_EVIDENCE,whole_fold,RT-1205,RT-1218,3957,10054,1968,0.16341443162002822,4531,17311,2248,0.11472899867306319
POSTHOC_DESCRIPTIVE_NOT_PROMOTION_EVIDENCE,whole_fold,RT-1206,RT-1207,3965,4337,1872,0.2911353032659409,4887,4478,1928,0.25924431894581146
POSTHOC_DESCRIPTIVE_NOT_PROMOTION_EVIDENCE,whole_fold,RT-1206,RT-1208,3965,4241,1888,0.2988287432731877,4887,4683,2164,0.29219551714825814
POSTHOC_DESCRIPTIVE_NOT_PROMOTION_EVIDENCE,whole_fold,RT-1206,RT-1209,3965,4075,1774,0.2831152250239387,4887,4662,1980,0.2615933412604043
POSTHOC_DESCRIPTIVE_NOT_PROMOTION_EVIDENCE,whole_fold,RT-1206,RT-1210,3965,4118,1727,0.27171176840780364,4887,4836,1989,0.25717610550814585
POSTHOC_DESCRIPTIVE_NOT_PROMOTION_EVIDENCE,whole_fold,RT-1206,RT-1211,3965,4385,1740,0.2632375189107413,4887,4891,1995,0.2563278941282282
POSTHOC_DESCRIPTIVE_NOT_PROMOTION_EVIDENCE,whole_fold,RT-1206,RT-1212,3965,4562,1801,0.267766874814154,4887,5023,2078,0.2653217568947906
POSTHOC_DESCRIPTIVE_NOT_PROMOTION_EVIDENCE,whole_fold,RT-1206,RT-1213,3965,4251,1800,0.2805486284289277,4887,5033,2108,0.2698412698412698
POSTHOC_DESCRIPTIVE_NOT_PROMOTION_EVIDENCE,whole_fold,RT-1206,RT-1214,3965,4261,1774,0.2749535027898326,4887,4641,2015,0.2682017835751364
POSTHOC_DESCRIPTIVE_NOT_PROMOTION_EVIDENCE,whole_fold,RT-1206,RT-1215,3965,4214,1764,0.2749805144193297,4887,4389,1936,0.26376021798365124
POSTHOC_DESCRIPTIVE_NOT_PROMOTION_EVIDENCE,whole_fold,RT-1206,RT-1216,3965,4572,1958,0.2976136190910473,4887,4742,2051,0.2706518870414357
POSTHOC_DESCRIPTIVE_NOT_PROMOTION_EVIDENCE,whole_fold,RT-1206,RT-1217,3965,4333,1856,0.2881092828314188,4887,4821,2084,0.2733473242392445
POSTHOC_DESCRIPTIVE_NOT_PROMOTION_EVIDENCE,whole_fold,RT-1206,RT-1218,3965,10054,2021,0.1684447407901317,4887,17311,2421,0.12241492642969105
POSTHOC_DESCRIPTIVE_NOT_PROMOTION_EVIDENCE,whole_fold,RT-1207,RT-1208,4337,4241,1936,0.291478470340259,4478,4683,1915,0.26428374275462324
POSTHOC_DESCRIPTIVE_NOT_PROMOTION_EVIDENCE,whole_fold,RT-1207,RT-1209,4337,4075,2032,0.3184952978056426,4478,4662,2066,0.2920554141928188
POSTHOC_DESCRIPTIVE_NOT_PROMOTION_EVIDENCE,whole_fold,RT-1207,RT-1210,4337,4118,1871,0.2841737545565006,4478,4836,1885,0.2537353614214565
POSTHOC_DESCRIPTIVE_NOT_PROMOTION_EVIDENCE,whole_fold,RT-1207,RT-1211,4337,4385,1942,0.28643067846607667,4478,4891,1909,0.25589812332439676
POSTHOC_DESCRIPTIVE_NOT_PROMOTION_EVIDENCE,whole_fold,RT-1207,RT-1212,4337,4562,1882,0.268205785948411,4478,5023,1895,0.24914541151722325
POSTHOC_DESCRIPTIVE_NOT_PROMOTION_EVIDENCE,whole_fold,RT-1207,RT-1213,4337,4251,1897,0.2835151696308474,4478,5033,1922,0.2532612992489129
POSTHOC_DESCRIPTIVE_NOT_PROMOTION_EVIDENCE,whole_fold,RT-1207,RT-1214,4337,4261,1962,0.29566003616636527,4478,4641,1891,0.26162147205312675
POSTHOC_DESCRIPTIVE_NOT_PROMOTION_EVIDENCE,whole_fold,RT-1207,RT-1215,4337,4214,1990,0.3033074226489864,4478,4389,1854,0.26436617709967203
POSTHOC_DESCRIPTIVE_NOT_PROMOTION_EVIDENCE,whole_fold,RT-1207,RT-1216,4337,4572,1979,0.2855699855699856,4478,4742,1809,0.24409661314262582
POSTHOC_DESCRIPTIVE_NOT_PROMOTION_EVIDENCE,whole_fold,RT-1207,RT-1217,4337,4333,1987,0.29732156217267697,4478,4821,1938,0.2632794457274827
POSTHOC_DESCRIPTIVE_NOT_PROMOTION_EVIDENCE,whole_fold,RT-1207,RT-1218,4337,10054,2259,0.18620178041543026,4478,17311,2260,0.1157253315581955
POSTHOC_DESCRIPTIVE_NOT_PROMOTION_EVIDENCE,whole_fold,RT-1208,RT-1209,4241,4075,1834,0.28293736501079914,4683,4662,1904,0.2558795860771402
POSTHOC_DESCRIPTIVE_NOT_PROMOTION_EVIDENCE,whole_fold,RT-1208,RT-1210,4241,4118,1834,0.2810727969348659,4683,4836,1961,0.25946017464937815
POSTHOC_DESCRIPTIVE_NOT_PROMOTION_EVIDENCE,whole_fold,RT-1208,RT-1211,4241,4385,1865,0.27584676822955184,4683,4891,1986,0.26172904586188717
POSTHOC_DESCRIPTIVE_NOT_PROMOTION_EVIDENCE,whole_fold,RT-1208,RT-1212,4241,4562,1853,0.26661870503597124,4683,5023,1902,0.24372116863147103
POSTHOC_DESCRIPTIVE_NOT_PROMOTION_EVIDENCE,whole_fold,RT-1208,RT-1213,4241,4251,1818,0.2724003596044351,4683,5033,1984,0.25659596482152097
POSTHOC_DESCRIPTIVE_NOT_PROMOTION_EVIDENCE,whole_fold,RT-1208,RT-1214,4241,4261,1832,0.2746626686656672,4683,4641,1970,0.26788142507478924
POSTHOC_DESCRIPTIVE_NOT_PROMOTION_EVIDENCE,whole_fold,RT-1208,RT-1215,4241,4214,1893,0.2884791222188357,4683,4389,1931,0.27041030667973676
POSTHOC_DESCRIPTIVE_NOT_PROMOTION_EVIDENCE,whole_fold,RT-1208,RT-1216,4241,4572,1976,0.2890156501389498,4683,4742,1928,0.2571695344804589
POSTHOC_DESCRIPTIVE_NOT_PROMOTION_EVIDENCE,whole_fold,RT-1208,RT-1217,4241,4333,1926,0.2897111913357401,4683,4821,2018,0.26956986374565856
POSTHOC_DESCRIPTIVE_NOT_PROMOTION_EVIDENCE,whole_fold,RT-1208,RT-1218,4241,10054,2062,0.16856045123845337,4683,17311,2198,0.11103253182461104
POSTHOC_DESCRIPTIVE_NOT_PROMOTION_EVIDENCE,whole_fold,RT-1209,RT-1210,4075,4118,1756,0.27279788721454096,4662,4836,1933,0.25551883674818243
POSTHOC_DESCRIPTIVE_NOT_PROMOTION_EVIDENCE,whole_fold,RT-1209,RT-1211,4075,4385,1871,0.2839581120048566,4662,4891,1914,0.25055635554391936
POSTHOC_DESCRIPTIVE_NOT_PROMOTION_EVIDENCE,whole_fold,RT-1209,RT-1212,4075,4562,1842,0.2710816777041943,4662,5023,1947,0.25161540449728614
POSTHOC_DESCRIPTIVE_NOT_PROMOTION_EVIDENCE,whole_fold,RT-1209,RT-1213,4075,4251,1811,0.2779739063699156,4662,5033,2014,0.2622054419997396
POSTHOC_DESCRIPTIVE_NOT_PROMOTION_EVIDENCE,whole_fold,RT-1209,RT-1214,4075,4261,1847,0.28463553706272154,4662,4641,1949,0.26502583627957577
POSTHOC_DESCRIPTIVE_NOT_PROMOTION_EVIDENCE,whole_fold,RT-1209,RT-1215,4075,4214,1876,0.2925307968189615,4662,4389,1891,0.26410614525139664
POSTHOC_DESCRIPTIVE_NOT_PROMOTION_EVIDENCE,whole_fold,RT-1209,RT-1216,4075,4572,1867,0.27536873156342184,4662,4742,1799,0.23655489809335964
POSTHOC_DESCRIPTIVE_NOT_PROMOTION_EVIDENCE,whole_fold,RT-1209,RT-1217,4075,4333,1863,0.2846447669977082,4662,4821,1928,0.25519523494374585
POSTHOC_DESCRIPTIVE_NOT_PROMOTION_EVIDENCE,whole_fold,RT-1209,RT-1218,4075,10054,2090,0.17360245867596977,4662,17311,2335,0.1189021285263265
POSTHOC_DESCRIPTIVE_NOT_PROMOTION_EVIDENCE,whole_fold,RT-1210,RT-1211,4118,4385,2137,0.3356896010053409,4836,4891,2185,0.28971095200212144
POSTHOC_DESCRIPTIVE_NOT_PROMOTION_EVIDENCE,whole_fold,RT-1210,RT-1212,4118,4562,1805,0.2625454545454545,4836,5023,1971,0.2498732251521298
POSTHOC_DESCRIPTIVE_NOT_PROMOTION_EVIDENCE,whole_fold,RT-1210,RT-1213,4118,4251,1786,0.2713048761962631,4836,5033,1995,0.25336550673101343
POSTHOC_DESCRIPTIVE_NOT_PROMOTION_EVIDENCE,whole_fold,RT-1210,RT-1214,4118,4261,2004,0.3143529411764706,4836,4641,2076,0.2805026347790839
POSTHOC_DESCRIPTIVE_NOT_PROMOTION_EVIDENCE,whole_fold,RT-1210,RT-1215,4118,4214,1926,0.300655635341867,4836,4389,1977,0.2727649006622517
POSTHOC_DESCRIPTIVE_NOT_PROMOTION_EVIDENCE,whole_fold,RT-1210,RT-1216,4118,4572,1870,0.27419354838709675,4836,4742,1851,0.23954963116345282
POSTHOC_DESCRIPTIVE_NOT_PROMOTION_EVIDENCE,whole_fold,RT-1210,RT-1217,4118,4333,1812,0.2729326705829191,4836,4821,1948,0.25269165909975355
POSTHOC_DESCRIPTIVE_NOT_PROMOTION_EVIDENCE,whole_fold,RT-1210,RT-1218,4118,10054,1970,0.1614489427962629,4836,17311,2293,0.11549309962727913
POSTHOC_DESCRIPTIVE_NOT_PROMOTION_EVIDENCE,whole_fold,RT-1211,RT-1212,4385,4562,1824,0.25607187982591606,4891,5023,1886,0.23492775286497258
POSTHOC_DESCRIPTIVE_NOT_PROMOTION_EVIDENCE,whole_fold,RT-1211,RT-1213,4385,4251,1843,0.2713087001324893,4891,5033,1940,0.24298597194388777
POSTHOC_DESCRIPTIVE_NOT_PROMOTION_EVIDENCE,whole_fold,RT-1211,RT-1214,4385,4261,2020,0.3048596438273468,4891,4641,2030,0.27059450813116503
POSTHOC_DESCRIPTIVE_NOT_PROMOTION_EVIDENCE,whole_fold,RT-1211,RT-1215,4385,4214,1996,0.3022868393154627,4891,4389,1970,0.2694938440492476
POSTHOC_DESCRIPTIVE_NOT_PROMOTION_EVIDENCE,whole_fold,RT-1211,RT-1216,4385,4572,1936,0.27574419598347816,4891,4742,1905,0.24650621118012422
POSTHOC_DESCRIPTIVE_NOT_PROMOTION_EVIDENCE,whole_fold,RT-1211,RT-1217,4385,4333,1923,0.28300220750551874,4891,4821,1978,0.2557538143263512
POSTHOC_DESCRIPTIVE_NOT_PROMOTION_EVIDENCE,whole_fold,RT-1211,RT-1218,4385,10054,2121,0.17218704335119336,4891,17311,2375,0.11978615019922328
POSTHOC_DESCRIPTIVE_NOT_PROMOTION_EVIDENCE,whole_fold,RT-1212,RT-1213,4562,4251,1945,0.2831974373907979,5023,5033,2158,0.2732337300582426
POSTHOC_DESCRIPTIVE_NOT_PROMOTION_EVIDENCE,whole_fold,RT-1212,RT-1214,4562,4261,1862,0.2674903031173682,5023,4641,1929,0.24938590820943762
POSTHOC_DESCRIPTIVE_NOT_PROMOTION_EVIDENCE,whole_fold,RT-1212,RT-1215,4562,4214,1862,0.2693086491177321,5023,4389,1893,0.25176220242053465
POSTHOC_DESCRIPTIVE_NOT_PROMOTION_EVIDENCE,whole_fold,RT-1212,RT-1216,4562,4572,1880,0.2591673559415495,5023,4742,1872,0.23717217787913342
POSTHOC_DESCRIPTIVE_NOT_PROMOTION_EVIDENCE,whole_fold,RT-1212,RT-1217,4562,4333,1872,0.26655275523280647,5023,4821,1904,0.2397984886649874
POSTHOC_DESCRIPTIVE_NOT_PROMOTION_EVIDENCE,whole_fold,RT-1212,RT-1218,4562,10054,2164,0.17378734339865082,5023,17311,2424,0.12174786539427424
POSTHOC_DESCRIPTIVE_NOT_PROMOTION_EVIDENCE,whole_fold,RT-1213,RT-1214,4251,4261,1867,0.28096313017306246,5033,4641,1993,0.25947142299179793
POSTHOC_DESCRIPTIVE_NOT_PROMOTION_EVIDENCE,whole_fold,RT-1213,RT-1215,4251,4214,1825,0.2748493975903614,5033,4389,1902,0.25292553191489364
POSTHOC_DESCRIPTIVE_NOT_PROMOTION_EVIDENCE,whole_fold,RT-1213,RT-1216,4251,4572,1876,0.2700446235785231,5033,4742,1840,0.2318840579710145
POSTHOC_DESCRIPTIVE_NOT_PROMOTION_EVIDENCE,whole_fold,RT-1213,RT-1217,4251,4333,1855,0.2756724624758508,5033,4821,1985,0.2522556868725378
POSTHOC_DESCRIPTIVE_NOT_PROMOTION_EVIDENCE,whole_fold,RT-1213,RT-1218,4251,10054,2064,0.1686136753533208,5033,17311,2383,0.11938279645308351
POSTHOC_DESCRIPTIVE_NOT_PROMOTION_EVIDENCE,whole_fold,RT-1214,RT-1215,4261,4214,2150,0.33992094861660077,4641,4389,2063,0.2961102339600976
POSTHOC_DESCRIPTIVE_NOT_PROMOTION_EVIDENCE,whole_fold,RT-1214,RT-1216,4261,4572,1933,0.2801449275362319,4641,4742,1864,0.24790530655672297
POSTHOC_DESCRIPTIVE_NOT_PROMOTION_EVIDENCE,whole_fold,RT-1214,RT-1217,4261,4333,1897,0.2832611617142004,4641,4821,1929,0.25607327757865395
POSTHOC_DESCRIPTIVE_NOT_PROMOTION_EVIDENCE,whole_fold,RT-1214,RT-1218,4261,10054,2010,0.16334823242584315,4641,17311,2178,0.1101446343683625
POSTHOC_DESCRIPTIVE_NOT_PROMOTION_EVIDENCE,whole_fold,RT-1215,RT-1216,4214,4572,1969,0.2888367317001614,4389,4742,1805,0.24638274638274638
POSTHOC_DESCRIPTIVE_NOT_PROMOTION_EVIDENCE,whole_fold,RT-1215,RT-1217,4214,4333,1901,0.28603671381281975,4389,4821,1918,0.2630279758639605
POSTHOC_DESCRIPTIVE_NOT_PROMOTION_EVIDENCE,whole_fold,RT-1215,RT-1218,4214,10054,2033,0.1661626481405803,4389,17311,2113,0.10787767396742738
POSTHOC_DESCRIPTIVE_NOT_PROMOTION_EVIDENCE,whole_fold,RT-1216,RT-1217,4572,4333,2154,0.31906384239371943,4742,4821,2112,0.2834518856529325
POSTHOC_DESCRIPTIVE_NOT_PROMOTION_EVIDENCE,whole_fold,RT-1216,RT-1218,4572,10054,2207,0.17771157097995008,4742,17311,2276,0.11508317742832583
POSTHOC_DESCRIPTIVE_NOT_PROMOTION_EVIDENCE,whole_fold,RT-1217,RT-1218,4333,10054,2142,0.17492854226214782,4821,17311,2365,0.1196438508625487
POSTHOC_DESCRIPTIVE_NOT_PROMOTION_EVIDENCE,dominant_cell,RT-1200,RT-1201,3655,6881,2332,0.2842515845928815,4760,10109,2720,0.22388673964935385
POSTHOC_DESCRIPTIVE_NOT_PROMOTION_EVIDENCE,dominant_cell,RT-1200,RT-1202,3655,8164,1817,0.1816636672665467,4760,17587,2424,0.1216684234302063
POSTHOC_DESCRIPTIVE_NOT_PROMOTION_EVIDENCE,dominant_cell,RT-1200,RT-1203,3655,7943,1733,0.17567156614292956,4760,17711,2225,0.10989825150647041
POSTHOC_DESCRIPTIVE_NOT_PROMOTION_EVIDENCE,dominant_cell,RT-1200,RT-1204,3655,2747,980,0.18074511250461084,4760,3220,1177,0.173011906511833
POSTHOC_DESCRIPTIVE_NOT_PROMOTION_EVIDENCE,dominant_cell,RT-1200,RT-1205,3655,2742,977,0.18025830258302583,4760,3359,1138,0.16301389485747028
POSTHOC_DESCRIPTIVE_NOT_PROMOTION_EVIDENCE,dominant_cell,RT-1200,RT-1206,3655,2711,934,0.1719440353460972,4760,3615,1131,0.15612921038100497
POSTHOC_DESCRIPTIVE_NOT_PROMOTION_EVIDENCE,dominant_cell,RT-1200,RT-1207,3655,2989,1028,0.18304843304843305,4760,3130,1079,0.15842020261341946
POSTHOC_DESCRIPTIVE_NOT_PROMOTION_EVIDENCE,dominant_cell,RT-1200,RT-1208,3655,2983,1101,0.19884413942568177,4760,3344,1167,0.16822834078131757
POSTHOC_DESCRIPTIVE_NOT_PROMOTION_EVIDENCE,dominant_cell,RT-1200,RT-1209,3655,2719,970,0.17949666913397483,4760,3482,1194,0.16940976163450625
POSTHOC_DESCRIPTIVE_NOT_PROMOTION_EVIDENCE,dominant_cell,RT-1200,RT-1210,3655,2834,1021,0.18672275054864668,4760,3603,1285,0.18154846001695393
POSTHOC_DESCRIPTIVE_NOT_PROMOTION_EVIDENCE,dominant_cell,RT-1200,RT-1211,3655,3017,1087,0.1946284691136974,4760,3649,1256,0.17559066126100936
POSTHOC_DESCRIPTIVE_NOT_PROMOTION_EVIDENCE,dominant_cell,RT-1200,RT-1212,3655,3204,1040,0.17872486681560407,4760,3535,1213,0.17127929963287206
POSTHOC_DESCRIPTIVE_NOT_PROMOTION_EVIDENCE,dominant_cell,RT-1200,RT-1213,3655,2855,1046,0.19143484626647145,4760,3595,1164,0.16186900292031706
POSTHOC_DESCRIPTIVE_NOT_PROMOTION_EVIDENCE,dominant_cell,RT-1200,RT-1214,3655,3014,1077,0.19259656652360516,4760,3440,1194,0.1704253497002569
POSTHOC_DESCRIPTIVE_NOT_PROMOTION_EVIDENCE,dominant_cell,RT-1200,RT-1215,3655,2965,1022,0.18256520185780636,4760,3113,1098,0.16206642066420665
POSTHOC_DESCRIPTIVE_NOT_PROMOTION_EVIDENCE,dominant_cell,RT-1200,RT-1216,3655,3116,1141,0.20266429840142097,4760,3458,1203,0.1714896650035638
POSTHOC_DESCRIPTIVE_NOT_PROMOTION_EVIDENCE,dominant_cell,RT-1200,RT-1217,3655,3121,1039,0.18110510719888442,4760,3511,1177,0.16591485762616295
POSTHOC_DESCRIPTIVE_NOT_PROMOTION_EVIDENCE,dominant_cell,RT-1200,RT-1218,3655,7193,1690,0.18453810875737062,4760,13704,2225,0.1370158260976661
POSTHOC_DESCRIPTIVE_NOT_PROMOTION_EVIDENCE,dominant_cell,RT-1201,RT-1202,6881,8164,3482,0.30113292398166563,10109,17587,5154,0.22863987223848817
POSTHOC_DESCRIPTIVE_NOT_PROMOTION_EVIDENCE,dominant_cell,RT-1201,RT-1203,6881,7943,3500,0.30907806428823736,10109,17711,5171,0.22831030067552652
POSTHOC_DESCRIPTIVE_NOT_PROMOTION_EVIDENCE,dominant_cell,RT-1201,RT-1204,6881,2747,1283,0.1537447573397244,10109,3220,1337,0.11149099399599734
POSTHOC_DESCRIPTIVE_NOT_PROMOTION_EVIDENCE,dominant_cell,RT-1201,RT-1205,6881,2742,1285,0.15411369633005517,10109,3359,1433,0.11906938097216452
POSTHOC_DESCRIPTIVE_NOT_PROMOTION_EVIDENCE,dominant_cell,RT-1201,RT-1206,6881,2711,1293,0.1558019038438366,10109,3615,1527,0.125194720013118
POSTHOC_DESCRIPTIVE_NOT_PROMOTION_EVIDENCE,dominant_cell,RT-1201,RT-1207,6881,2989,1290,0.15034965034965034,10109,3130,1225,0.10196437489595472
POSTHOC_DESCRIPTIVE_NOT_PROMOTION_EVIDENCE,dominant_cell,RT-1201,RT-1208,6881,2983,1265,0.1471101290847773,10109,3344,1323,0.1090684253915911
POSTHOC_DESCRIPTIVE_NOT_PROMOTION_EVIDENCE,dominant_cell,RT-1201,RT-1209,6881,2719,1174,0.13933064324709232,10109,3482,1378,0.11283059035454024
POSTHOC_DESCRIPTIVE_NOT_PROMOTION_EVIDENCE,dominant_cell,RT-1201,RT-1210,6881,2834,1319,0.1570986183897094,10109,3603,1568,0.12911725955204217
POSTHOC_DESCRIPTIVE_NOT_PROMOTION_EVIDENCE,dominant_cell,RT-1201,RT-1211,6881,3017,1505,0.1793160967472894,10109,3649,1711,0.14202706067900722
POSTHOC_DESCRIPTIVE_NOT_PROMOTION_EVIDENCE,dominant_cell,RT-1201,RT-1212,6881,3204,1341,0.1533623055809698,10109,3535,1518,0.1251855517070757
POSTHOC_DESCRIPTIVE_NOT_PROMOTION_EVIDENCE,dominant_cell,RT-1201,RT-1213,6881,2855,1324,0.15739419876367094,10109,3595,1483,0.12134849848621226
POSTHOC_DESCRIPTIVE_NOT_PROMOTION_EVIDENCE,dominant_cell,RT-1201,RT-1214,6881,3014,1346,0.15744531524154873,10109,3440,1424,0.11744329896907217
POSTHOC_DESCRIPTIVE_NOT_PROMOTION_EVIDENCE,dominant_cell,RT-1201,RT-1215,6881,2965,1348,0.15862555895504823,10109,3113,1280,0.10718472617651985
POSTHOC_DESCRIPTIVE_NOT_PROMOTION_EVIDENCE,dominant_cell,RT-1201,RT-1216,6881,3116,1435,0.16760102779724365,10109,3458,1484,0.12281718116361831
POSTHOC_DESCRIPTIVE_NOT_PROMOTION_EVIDENCE,dominant_cell,RT-1201,RT-1217,6881,3121,1370,0.15871177015755328,10109,3511,1486,0.12246579858249547
POSTHOC_DESCRIPTIVE_NOT_PROMOTION_EVIDENCE,dominant_cell,RT-1201,RT-1218,6881,7193,3096,0.282018582619785,10109,13704,4836,0.25483480002107817
POSTHOC_DESCRIPTIVE_NOT_PROMOTION_EVIDENCE,dominant_cell,RT-1202,RT-1203,8164,7943,5504,0.5190983683863057,17587,17711,12509,0.5489051735486419
POSTHOC_DESCRIPTIVE_NOT_PROMOTION_EVIDENCE,dominant_cell,RT-1202,RT-1204,8164,2747,1388,0.145752388953061,17587,3220,1745,0.09154338474451788
POSTHOC_DESCRIPTIVE_NOT_PROMOTION_EVIDENCE,dominant_cell,RT-1202,RT-1205,8164,2742,1375,0.14426607911027176,17587,3359,1828,0.0956166963071451
POSTHOC_DESCRIPTIVE_NOT_PROMOTION_EVIDENCE,dominant_cell,RT-1202,RT-1206,8164,2711,1409,0.148848510458483,17587,3615,1940,0.10071643650711246
POSTHOC_DESCRIPTIVE_NOT_PROMOTION_EVIDENCE,dominant_cell,RT-1202,RT-1207,8164,2989,1532,0.15923500675605445,17587,3130,1669,0.0876207475850483
POSTHOC_DESCRIPTIVE_NOT_PROMOTION_EVIDENCE,dominant_cell,RT-1202,RT-1208,8164,2983,1513,0.15704795515881254,17587,3344,1766,0.09214714322984607
POSTHOC_DESCRIPTIVE_NOT_PROMOTION_EVIDENCE,dominant_cell,RT-1202,RT-1209,8164,2719,1391,0.14654445849136113,17587,3482,1841,0.09574578739338464
POSTHOC_DESCRIPTIVE_NOT_PROMOTION_EVIDENCE,dominant_cell,RT-1202,RT-1210,8164,2834,1405,0.1464609611174815,17587,3603,1836,0.09486411077813373
POSTHOC_DESCRIPTIVE_NOT_PROMOTION_EVIDENCE,dominant_cell,RT-1202,RT-1211,8164,3017,1520,0.1573336093572094,17587,3649,1924,0.0996271748135874
POSTHOC_DESCRIPTIVE_NOT_PROMOTION_EVIDENCE,dominant_cell,RT-1202,RT-1212,8164,3204,1640,0.16858552631578946,17587,3535,1902,0.09895941727367326
POSTHOC_DESCRIPTIVE_NOT_PROMOTION_EVIDENCE,dominant_cell,RT-1202,RT-1213,8164,2855,1420,0.14793207625794352,17587,3595,1870,0.09683098591549295
POSTHOC_DESCRIPTIVE_NOT_PROMOTION_EVIDENCE,dominant_cell,RT-1202,RT-1214,8164,3014,1508,0.15594622543950362,17587,3440,1839,0.0958411507191995
POSTHOC_DESCRIPTIVE_NOT_PROMOTION_EVIDENCE,dominant_cell,RT-1202,RT-1215,8164,2965,1504,0.15625974025974027,17587,3113,1635,0.08575924468922108
POSTHOC_DESCRIPTIVE_NOT_PROMOTION_EVIDENCE,dominant_cell,RT-1202,RT-1216,8164,3116,1584,0.16336633663366337,17587,3458,1812,0.09421307128373109
POSTHOC_DESCRIPTIVE_NOT_PROMOTION_EVIDENCE,dominant_cell,RT-1202,RT-1217,8164,3121,1547,0.15886218936126514,17587,3511,1914,0.09977064220183486
POSTHOC_DESCRIPTIVE_NOT_PROMOTION_EVIDENCE,dominant_cell,RT-1202,RT-1218,8164,7193,3731,0.3209186306554275,17587,13704,7248,0.3014598843738302
POSTHOC_DESCRIPTIVE_NOT_PROMOTION_EVIDENCE,dominant_cell,RT-1203,RT-1204,7943,2747,1326,0.14160615121742845,17711,3220,1612,0.08344117190330762
POSTHOC_DESCRIPTIVE_NOT_PROMOTION_EVIDENCE,dominant_cell,RT-1203,RT-1205,7943,2742,1312,0.13997652832604288,17711,3359,1665,0.08580262818861119
POSTHOC_DESCRIPTIVE_NOT_PROMOTION_EVIDENCE,dominant_cell,RT-1203,RT-1206,7943,2711,1327,0.14227511525678138,17711,3615,1790,0.09162571662571663
POSTHOC_DESCRIPTIVE_NOT_PROMOTION_EVIDENCE,dominant_cell,RT-1203,RT-1207,7943,2989,1501,0.1591559749761425,17711,3130,1630,0.08484722294518765
POSTHOC_DESCRIPTIVE_NOT_PROMOTION_EVIDENCE,dominant_cell,RT-1203,RT-1208,7943,2983,1459,0.15411429175029048,17711,3344,1685,0.08699019101703666
POSTHOC_DESCRIPTIVE_NOT_PROMOTION_EVIDENCE,dominant_cell,RT-1203,RT-1209,7943,2719,1305,0.1394677781340173,17711,3482,1744,0.08967042007301147
POSTHOC_DESCRIPTIVE_NOT_PROMOTION_EVIDENCE,dominant_cell,RT-1203,RT-1210,7943,2834,1401,0.1494240614334471,17711,3603,1792,0.0917938735785268
POSTHOC_DESCRIPTIVE_NOT_PROMOTION_EVIDENCE,dominant_cell,RT-1203,RT-1211,7943,3017,1502,0.15880735884965108,17711,3649,1813,0.092750805750243
POSTHOC_DESCRIPTIVE_NOT_PROMOTION_EVIDENCE,dominant_cell,RT-1203,RT-1212,7943,3204,1517,0.15752855659397716,17711,3535,1739,0.08914748551801917
POSTHOC_DESCRIPTIVE_NOT_PROMOTION_EVIDENCE,dominant_cell,RT-1203,RT-1213,7943,2855,1399,0.14884562187466752,17711,3595,1795,0.09199938496232894
POSTHOC_DESCRIPTIVE_NOT_PROMOTION_EVIDENCE,dominant_cell,RT-1203,RT-1214,7943,3014,1456,0.15324702662877593,17711,3440,1763,0.09093253558902414
POSTHOC_DESCRIPTIVE_NOT_PROMOTION_EVIDENCE,dominant_cell,RT-1203,RT-1215,7943,2965,1418,0.1494204425711275,17711,3113,1537,0.0796909835640587
POSTHOC_DESCRIPTIVE_NOT_PROMOTION_EVIDENCE,dominant_cell,RT-1203,RT-1216,7943,3116,1526,0.16007552711633274,17711,3458,1724,0.08866032399074313
POSTHOC_DESCRIPTIVE_NOT_PROMOTION_EVIDENCE,dominant_cell,RT-1203,RT-1217,7943,3121,1561,0.1642639166578975,17711,3511,1807,0.09307236672675766
POSTHOC_DESCRIPTIVE_NOT_PROMOTION_EVIDENCE,dominant_cell,RT-1203,RT-1218,7943,7193,3637,0.31628837290199147,17711,13704,7172,0.2958379738481211
POSTHOC_DESCRIPTIVE_NOT_PROMOTION_EVIDENCE,dominant_cell,RT-1204,RT-1205,2747,2742,1213,0.28367633302151546,3220,3359,1402,0.2708132122851072
POSTHOC_DESCRIPTIVE_NOT_PROMOTION_EVIDENCE,dominant_cell,RT-1204,RT-1206,2747,2711,1154,0.26812267657992567,3220,3615,1424,0.26316762151173534
POSTHOC_DESCRIPTIVE_NOT_PROMOTION_EVIDENCE,dominant_cell,RT-1204,RT-1207,2747,2989,1255,0.28007141263110913,3220,3130,1306,0.2589214908802538
POSTHOC_DESCRIPTIVE_NOT_PROMOTION_EVIDENCE,dominant_cell,RT-1204,RT-1208,2747,2983,1266,0.28360215053763443,3220,3344,1334,0.25506692160611855
POSTHOC_DESCRIPTIVE_NOT_PROMOTION_EVIDENCE,dominant_cell,RT-1204,RT-1209,2747,2719,1160,0.26939154667905246,3220,3482,1397,0.26333647502356267
POSTHOC_DESCRIPTIVE_NOT_PROMOTION_EVIDENCE,dominant_cell,RT-1204,RT-1210,2747,2834,1138,0.25613324330407383,3220,3603,1371,0.2514673514306676
POSTHOC_DESCRIPTIVE_NOT_PROMOTION_EVIDENCE,dominant_cell,RT-1204,RT-1211,2747,3017,1169,0.2544069640914037,3220,3649,1345,0.2434829833454019
POSTHOC_DESCRIPTIVE_NOT_PROMOTION_EVIDENCE,dominant_cell,RT-1204,RT-1212,2747,3204,1211,0.25548523206751056,3220,3535,1293,0.23672647381911388
POSTHOC_DESCRIPTIVE_NOT_PROMOTION_EVIDENCE,dominant_cell,RT-1204,RT-1213,2747,2855,1234,0.2825091575091575,3220,3595,1382,0.2543714338302963
POSTHOC_DESCRIPTIVE_NOT_PROMOTION_EVIDENCE,dominant_cell,RT-1204,RT-1214,2747,3014,1235,0.2728678745028723,3220,3440,1411,0.2688131072585254
POSTHOC_DESCRIPTIVE_NOT_PROMOTION_EVIDENCE,dominant_cell,RT-1204,RT-1215,2747,2965,1296,0.29347826086956524,3220,3113,1336,0.2673604162497499
POSTHOC_DESCRIPTIVE_NOT_PROMOTION_EVIDENCE,dominant_cell,RT-1204,RT-1216,2747,3116,1279,0.2790139616055846,3220,3458,1346,0.2524381095273818
POSTHOC_DESCRIPTIVE_NOT_PROMOTION_EVIDENCE,dominant_cell,RT-1204,RT-1217,2747,3121,1266,0.27509778357235987,3220,3511,1300,0.2393665991530105
POSTHOC_DESCRIPTIVE_NOT_PROMOTION_EVIDENCE,dominant_cell,RT-1204,RT-1218,2747,7193,1283,0.14820376573870855,3220,13704,1494,0.09682436811406352
POSTHOC_DESCRIPTIVE_NOT_PROMOTION_EVIDENCE,dominant_cell,RT-1205,RT-1206,2742,2711,1187,0.27824660103141113,3359,3615,1440,0.26020961329960246
POSTHOC_DESCRIPTIVE_NOT_PROMOTION_EVIDENCE,dominant_cell,RT-1205,RT-1207,2742,2989,1302,0.29397155114021223,3359,3130,1336,0.25926644673006016
POSTHOC_DESCRIPTIVE_NOT_PROMOTION_EVIDENCE,dominant_cell,RT-1205,RT-1208,2742,2983,1283,0.28883385862224226,3359,3344,1366,0.2559490350384111
POSTHOC_DESCRIPTIVE_NOT_PROMOTION_EVIDENCE,dominant_cell,RT-1205,RT-1209,2742,2719,1177,0.2747432306255836,3359,3482,1461,0.2715613382899628
POSTHOC_DESCRIPTIVE_NOT_PROMOTION_EVIDENCE,dominant_cell,RT-1205,RT-1210,2742,2834,1244,0.2871652816251154,3359,3603,1502,0.2750915750915751
POSTHOC_DESCRIPTIVE_NOT_PROMOTION_EVIDENCE,dominant_cell,RT-1205,RT-1211,2742,3017,1311,0.29473920863309355,3359,3649,1518,0.27650273224043714
POSTHOC_DESCRIPTIVE_NOT_PROMOTION_EVIDENCE,dominant_cell,RT-1205,RT-1212,2742,3204,1114,0.23054635761589404,3359,3535,1349,0.24328223624887285
POSTHOC_DESCRIPTIVE_NOT_PROMOTION_EVIDENCE,dominant_cell,RT-1205,RT-1213,2742,2855,1219,0.2784376427592508,3359,3595,1419,0.2563685636856369
POSTHOC_DESCRIPTIVE_NOT_PROMOTION_EVIDENCE,dominant_cell,RT-1205,RT-1214,2742,3014,1458,0.33922754769660307,3359,3440,1607,0.3095146379044684
POSTHOC_DESCRIPTIVE_NOT_PROMOTION_EVIDENCE,dominant_cell,RT-1205,RT-1215,2742,2965,1524,0.3643318192684676,3359,3113,1645,0.34079138181064844
POSTHOC_DESCRIPTIVE_NOT_PROMOTION_EVIDENCE,dominant_cell,RT-1205,RT-1216,2742,3116,1266,0.27569686411149824,3359,3458,1380,0.25381644289130034
POSTHOC_DESCRIPTIVE_NOT_PROMOTION_EVIDENCE,dominant_cell,RT-1205,RT-1217,2742,3121,1301,0.2851819377466024,3359,3511,1421,0.2607817948247385
POSTHOC_DESCRIPTIVE_NOT_PROMOTION_EVIDENCE,dominant_cell,RT-1205,RT-1218,2742,7193,1298,0.15028366330901932,3359,13704,1569,0.10126500580870014
POSTHOC_DESCRIPTIVE_NOT_PROMOTION_EVIDENCE,dominant_cell,RT-1206,RT-1207,2711,2989,1273,0.2875536480686695,3615,3130,1385,0.2583955223880597
POSTHOC_DESCRIPTIVE_NOT_PROMOTION_EVIDENCE,dominant_cell,RT-1206,RT-1208,2711,2983,1274,0.28823529411764703,3615,3344,1555,0.2877498149518875
POSTHOC_DESCRIPTIVE_NOT_PROMOTION_EVIDENCE,dominant_cell,RT-1206,RT-1209,2711,2719,1151,0.2689880813274129,3615,3482,1487,0.26506238859180037
POSTHOC_DESCRIPTIVE_NOT_PROMOTION_EVIDENCE,dominant_cell,RT-1206,RT-1210,2711,2834,1171,0.2677183356195702,3615,3603,1444,0.25008659508139935
POSTHOC_DESCRIPTIVE_NOT_PROMOTION_EVIDENCE,dominant_cell,RT-1206,RT-1211,2711,3017,1166,0.25558965366067515,3615,3649,1442,0.24768120920645825
POSTHOC_DESCRIPTIVE_NOT_PROMOTION_EVIDENCE,dominant_cell,RT-1206,RT-1212,2711,3204,1231,0.26280956447480786,3615,3535,1448,0.2539459838653104
POSTHOC_DESCRIPTIVE_NOT_PROMOTION_EVIDENCE,dominant_cell,RT-1206,RT-1213,2711,2855,1152,0.2609877661984594,3615,3595,1484,0.2591687041564792
POSTHOC_DESCRIPTIVE_NOT_PROMOTION_EVIDENCE,dominant_cell,RT-1206,RT-1214,2711,3014,1244,0.2776166034367329,3615,3440,1484,0.26637946508705795
POSTHOC_DESCRIPTIVE_NOT_PROMOTION_EVIDENCE,dominant_cell,RT-1206,RT-1215,2711,2965,1191,0.2655518394648829,3615,3113,1350,0.251022685013016
POSTHOC_DESCRIPTIVE_NOT_PROMOTION_EVIDENCE,dominant_cell,RT-1206,RT-1216,2711,3116,1321,0.2931646693297825,3615,3458,1539,0.2780990242139501
POSTHOC_DESCRIPTIVE_NOT_PROMOTION_EVIDENCE,dominant_cell,RT-1206,RT-1217,2711,3121,1324,0.2937000887311446,3615,3511,1487,0.2636992374534492
POSTHOC_DESCRIPTIVE_NOT_PROMOTION_EVIDENCE,dominant_cell,RT-1206,RT-1218,2711,7193,1378,0.16162326999765422,3615,13704,1752,0.11254576989786086
POSTHOC_DESCRIPTIVE_NOT_PROMOTION_EVIDENCE,dominant_cell,RT-1207,RT-1208,2989,2983,1365,0.29628825700021705,3130,3344,1355,0.2647001367454581
POSTHOC_DESCRIPTIVE_NOT_PROMOTION_EVIDENCE,dominant_cell,RT-1207,RT-1209,2989,2719,1360,0.31278748850046,3130,3482,1501,0.2936802973977695
POSTHOC_DESCRIPTIVE_NOT_PROMOTION_EVIDENCE,dominant_cell,RT-1207,RT-1210,2989,2834,1246,0.27223071881144856,3130,3603,1401,0.2627531882970743
POSTHOC_DESCRIPTIVE_NOT_PROMOTION_EVIDENCE,dominant_cell,RT-1207,RT-1211,2989,3017,1305,0.27760051052967455,3130,3649,1412,0.2630892491149618
POSTHOC_DESCRIPTIVE_NOT_PROMOTION_EVIDENCE,dominant_cell,RT-1207,RT-1212,2989,3204,1309,0.268018018018018,3130,3535,1325,0.24812734082397003
POSTHOC_DESCRIPTIVE_NOT_PROMOTION_EVIDENCE,dominant_cell,RT-1207,RT-1213,2989,2855,1265,0.27626119240008734,3130,3595,1402,0.26338530903625773
POSTHOC_DESCRIPTIVE_NOT_PROMOTION_EVIDENCE,dominant_cell,RT-1207,RT-1214,2989,3014,1339,0.2870926243567753,3130,3440,1389,0.26809496236247826
POSTHOC_DESCRIPTIVE_NOT_PROMOTION_EVIDENCE,dominant_cell,RT-1207,RT-1215,2989,2965,1361,0.2963204876986719,3130,3113,1313,0.2663286004056795
POSTHOC_DESCRIPTIVE_NOT_PROMOTION_EVIDENCE,dominant_cell,RT-1207,RT-1216,2989,3116,1353,0.2847222222222222,3130,3458,1311,0.24843661171119955
POSTHOC_DESCRIPTIVE_NOT_PROMOTION_EVIDENCE,dominant_cell,RT-1207,RT-1217,2989,3121,1419,0.3024941377105095,3130,3511,1416,0.2710047846889952
POSTHOC_DESCRIPTIVE_NOT_PROMOTION_EVIDENCE,dominant_cell,RT-1207,RT-1218,2989,7193,1533,0.17724592438432188,3130,13704,1583,0.10379647236246803
POSTHOC_DESCRIPTIVE_NOT_PROMOTION_EVIDENCE,dominant_cell,RT-1208,RT-1209,2983,2719,1230,0.2750447227191413,3344,3482,1390,0.2557027225901398
POSTHOC_DESCRIPTIVE_NOT_PROMOTION_EVIDENCE,dominant_cell,RT-1208,RT-1210,2983,2834,1267,0.2784615384615385,3344,3603,1472,0.26885844748858445
POSTHOC_DESCRIPTIVE_NOT_PROMOTION_EVIDENCE,dominant_cell,RT-1208,RT-1211,2983,3017,1277,0.2703789964005928,3344,3649,1470,0.2661596958174905
POSTHOC_DESCRIPTIVE_NOT_PROMOTION_EVIDENCE,dominant_cell,RT-1208,RT-1212,2983,3204,1311,0.2688679245283019,3344,3535,1299,0.23279569892473118
POSTHOC_DESCRIPTIVE_NOT_PROMOTION_EVIDENCE,dominant_cell,RT-1208,RT-1213,2983,2855,1245,0.27106466361855,3344,3595,1385,0.24936982355059417
POSTHOC_DESCRIPTIVE_NOT_PROMOTION_EVIDENCE,dominant_cell,RT-1208,RT-1214,2983,3014,1331,0.28525503643377625,3344,3440,1429,0.2668534080298786
POSTHOC_DESCRIPTIVE_NOT_PROMOTION_EVIDENCE,dominant_cell,RT-1208,RT-1215,2983,2965,1350,0.293605915615485,3344,3113,1323,0.25769380599922087
POSTHOC_DESCRIPTIVE_NOT_PROMOTION_EVIDENCE,dominant_cell,RT-1208,RT-1216,2983,3116,1424,0.30459893048128345,3344,3458,1408,0.26103077493511306
POSTHOC_DESCRIPTIVE_NOT_PROMOTION_EVIDENCE,dominant_cell,RT-1208,RT-1217,2983,3121,1440,0.30874785591766724,3344,3511,1409,0.2587219977965479
POSTHOC_DESCRIPTIVE_NOT_PROMOTION_EVIDENCE,dominant_cell,RT-1208,RT-1218,2983,7193,1388,0.1579426490669094,3344,13704,1525,0.09824131933260323
POSTHOC_DESCRIPTIVE_NOT_PROMOTION_EVIDENCE,dominant_cell,RT-1209,RT-1210,2719,2834,1153,0.2620454545454545,3482,3603,1463,0.26022767698328
POSTHOC_DESCRIPTIVE_NOT_PROMOTION_EVIDENCE,dominant_cell,RT-1209,RT-1211,2719,3017,1224,0.2712765957446808,3482,3649,1464,0.2583377448385389
POSTHOC_DESCRIPTIVE_NOT_PROMOTION_EVIDENCE,dominant_cell,RT-1209,RT-1212,2719,3204,1246,0.26641009193927734,3482,3535,1400,0.24924336834609223
POSTHOC_DESCRIPTIVE_NOT_PROMOTION_EVIDENCE,dominant_cell,RT-1209,RT-1213,2719,2855,1182,0.2691256830601093,3482,3595,1471,0.2623974313235819
POSTHOC_DESCRIPTIVE_NOT_PROMOTION_EVIDENCE,dominant_cell,RT-1209,RT-1214,2719,3014,1265,0.2831244404655327,3482,3440,1480,0.2719588386622565
POSTHOC_DESCRIPTIVE_NOT_PROMOTION_EVIDENCE,dominant_cell,RT-1209,RT-1215,2719,2965,1225,0.27472527472527475,3482,3113,1383,0.26534919416730623
POSTHOC_DESCRIPTIVE_NOT_PROMOTION_EVIDENCE,dominant_cell,RT-1209,RT-1216,2719,3116,1227,0.2662760416666667,3482,3458,1354,0.24239169351951306
POSTHOC_DESCRIPTIVE_NOT_PROMOTION_EVIDENCE,dominant_cell,RT-1209,RT-1217,2719,3121,1272,0.27845884413309985,3482,3511,1422,0.2552504038772213
POSTHOC_DESCRIPTIVE_NOT_PROMOTION_EVIDENCE,dominant_cell,RT-1209,RT-1218,2719,7193,1359,0.15889161697649948,3482,13704,1740,0.11265052440761363
POSTHOC_DESCRIPTIVE_NOT_PROMOTION_EVIDENCE,dominant_cell,RT-1210,RT-1211,2834,3017,1423,0.32136404697380305,3603,3649,1720,0.3109182935647144
POSTHOC_DESCRIPTIVE_NOT_PROMOTION_EVIDENCE,dominant_cell,RT-1210,RT-1212,2834,3204,1171,0.24059995890692418,3603,3535,1407,0.24550689233990577
POSTHOC_DESCRIPTIVE_NOT_PROMOTION_EVIDENCE,dominant_cell,RT-1210,RT-1213,2834,2855,1202,0.2678850011143303,3603,3595,1465,0.2555381126809698
POSTHOC_DESCRIPTIVE_NOT_PROMOTION_EVIDENCE,dominant_cell,RT-1210,RT-1214,2834,3014,1411,0.31800766283524906,3603,3440,1599,0.2937178545187362
POSTHOC_DESCRIPTIVE_NOT_PROMOTION_EVIDENCE,dominant_cell,RT-1210,RT-1215,2834,2965,1276,0.282113641388459,3603,3113,1464,0.27875095201827876
POSTHOC_DESCRIPTIVE_NOT_PROMOTION_EVIDENCE,dominant_cell,RT-1210,RT-1216,2834,3116,1210,0.2552742616033755,3603,3458,1415,0.2506199078993978
POSTHOC_DESCRIPTIVE_NOT_PROMOTION_EVIDENCE,dominant_cell,RT-1210,RT-1217,2834,3121,1261,0.2686408180656157,3603,3511,1474,0.26134751773049647
POSTHOC_DESCRIPTIVE_NOT_PROMOTION_EVIDENCE,dominant_cell,RT-1210,RT-1218,2834,7193,1329,0.15279374568866405,3603,13704,1681,0.10757711506463587
POSTHOC_DESCRIPTIVE_NOT_PROMOTION_EVIDENCE,dominant_cell,RT-1211,RT-1212,3017,3204,1275,0.2577840679336838,3649,3535,1399,0.24183232497839238
POSTHOC_DESCRIPTIVE_NOT_PROMOTION_EVIDENCE,dominant_cell,RT-1211,RT-1213,3017,2855,1253,0.2712708378436891,3649,3595,1447,0.24961186820769363
POSTHOC_DESCRIPTIVE_NOT_PROMOTION_EVIDENCE,dominant_cell,RT-1211,RT-1214,3017,3014,1326,0.2818278427205101,3649,3440,1571,0.2847046031170714
POSTHOC_DESCRIPTIVE_NOT_PROMOTION_EVIDENCE,dominant_cell,RT-1211,RT-1215,3017,2965,1316,0.28204029147021004,3649,3113,1436,0.26962072850168983
POSTHOC_DESCRIPTIVE_NOT_PROMOTION_EVIDENCE,dominant_cell,RT-1211,RT-1216,3017,3116,1249,0.2557330057330057,3649,3458,1408,0.2470608878750658
POSTHOC_DESCRIPTIVE_NOT_PROMOTION_EVIDENCE,dominant_cell,RT-1211,RT-1217,3017,3121,1313,0.2721243523316062,3649,3511,1466,0.2574639971900246
POSTHOC_DESCRIPTIVE_NOT_PROMOTION_EVIDENCE,dominant_cell,RT-1211,RT-1218,3017,7193,1371,0.15510804389636837,3649,13704,1692,0.1080390779643701
POSTHOC_DESCRIPTIVE_NOT_PROMOTION_EVIDENCE,dominant_cell,RT-1212,RT-1213,3204,2855,1285,0.2691663175534143,3535,3595,1501,0.2666548232368094
POSTHOC_DESCRIPTIVE_NOT_PROMOTION_EVIDENCE,dominant_cell,RT-1212,RT-1214,3204,3014,1284,0.2602351033644102,3535,3440,1412,0.253819881358979
POSTHOC_DESCRIPTIVE_NOT_PROMOTION_EVIDENCE,dominant_cell,RT-1212,RT-1215,3204,2965,1287,0.2636214666120442,3535,3113,1265,0.23499907114991642
POSTHOC_DESCRIPTIVE_NOT_PROMOTION_EVIDENCE,dominant_cell,RT-1212,RT-1216,3204,3116,1320,0.264,3535,3458,1376,0.24497062488873064
POSTHOC_DESCRIPTIVE_NOT_PROMOTION_EVIDENCE,dominant_cell,RT-1212,RT-1217,3204,3121,1332,0.2667734828760264,3535,3511,1418,0.251954513148543
POSTHOC_DESCRIPTIVE_NOT_PROMOTION_EVIDENCE,dominant_cell,RT-1212,RT-1218,3204,7193,1469,0.16453853046594982,3535,13704,1670,0.10726443573768386
POSTHOC_DESCRIPTIVE_NOT_PROMOTION_EVIDENCE,dominant_cell,RT-1213,RT-1214,2855,3014,1275,0.27753591641271225,3595,3440,1461,0.2621097954790097
POSTHOC_DESCRIPTIVE_NOT_PROMOTION_EVIDENCE,dominant_cell,RT-1213,RT-1215,2855,2965,1234,0.2690798081116441,3595,3113,1327,0.24660843709347705
POSTHOC_DESCRIPTIVE_NOT_PROMOTION_EVIDENCE,dominant_cell,RT-1213,RT-1216,2855,3116,1250,0.2647744122008049,3595,3458,1387,0.2447935051182492
POSTHOC_DESCRIPTIVE_NOT_PROMOTION_EVIDENCE,dominant_cell,RT-1213,RT-1217,2855,3121,1287,0.2744721689059501,3595,3511,1463,0.25925925925925924
POSTHOC_DESCRIPTIVE_NOT_PROMOTION_EVIDENCE,dominant_cell,RT-1213,RT-1218,2855,7193,1356,0.15600552231937415,3595,13704,1645,0.10508496230995273
POSTHOC_DESCRIPTIVE_NOT_PROMOTION_EVIDENCE,dominant_cell,RT-1214,RT-1215,3014,2965,1526,0.34269032113182124,3440,3113,1557,0.31164931945556446
POSTHOC_DESCRIPTIVE_NOT_PROMOTION_EVIDENCE,dominant_cell,RT-1214,RT-1216,3014,3116,1315,0.2731048805815161,3440,3458,1419,0.25898886658149295
POSTHOC_DESCRIPTIVE_NOT_PROMOTION_EVIDENCE,dominant_cell,RT-1214,RT-1217,3014,3121,1385,0.29157894736842105,3440,3511,1470,0.2681992337164751
POSTHOC_DESCRIPTIVE_NOT_PROMOTION_EVIDENCE,dominant_cell,RT-1214,RT-1218,3014,7193,1359,0.15359403254972875,3440,13704,1552,0.09953822473063109
POSTHOC_DESCRIPTIVE_NOT_PROMOTION_EVIDENCE,dominant_cell,RT-1215,RT-1216,2965,3116,1367,0.2899872719558761,3113,3458,1317,0.25066615911686335
POSTHOC_DESCRIPTIVE_NOT_PROMOTION_EVIDENCE,dominant_cell,RT-1215,RT-1217,2965,3121,1384,0.2943428328370906,3113,3511,1345,0.25478310286039024
POSTHOC_DESCRIPTIVE_NOT_PROMOTION_EVIDENCE,dominant_cell,RT-1215,RT-1218,2965,7193,1363,0.1549744172825469,3113,13704,1456,0.0947854957359547
POSTHOC_DESCRIPTIVE_NOT_PROMOTION_EVIDENCE,dominant_cell,RT-1216,RT-1217,3116,3121,1548,0.33013435700575816,3458,3511,1601,0.2982488822652757
POSTHOC_DESCRIPTIVE_NOT_PROMOTION_EVIDENCE,dominant_cell,RT-1216,RT-1218,3116,7193,1447,0.16328142631460166,3458,13704,1612,0.10366559485530547
POSTHOC_DESCRIPTIVE_NOT_PROMOTION_EVIDENCE,dominant_cell,RT-1217,RT-1218,3121,7193,1494,0.16938775510204082,3511,13704,1682,0.10828558552758642
POSTHOC_DESCRIPTIVE_NOT_PROMOTION_EVIDENCE,cell_never_break_neg,RT-1200,RT-1201,3586,6755,2295,0.28523489932885904,4796,10042,2709,0.2233489982686124
POSTHOC_DESCRIPTIVE_NOT_PROMOTION_EVIDENCE,cell_never_break_neg,RT-1200,RT-1202,3586,8033,1765,0.17911508017048913,4796,17757,2393,0.11870039682539682
POSTHOC_DESCRIPTIVE_NOT_PROMOTION_EVIDENCE,cell_never_break_neg,RT-1200,RT-1203,3586,7747,1688,0.17501296008294454,4796,17919,2312,0.11331666911728668
POSTHOC_DESCRIPTIVE_NOT_PROMOTION_EVIDENCE,cell_never_break_neg,RT-1200,RT-1204,3586,2716,963,0.18037085596553662,4796,3333,1177,0.16930379746835442
POSTHOC_DESCRIPTIVE_NOT_PROMOTION_EVIDENCE,cell_never_break_neg,RT-1200,RT-1205,3586,2750,969,0.1805477920626048,4796,3385,1134,0.16091954022988506
POSTHOC_DESCRIPTIVE_NOT_PROMOTION_EVIDENCE,cell_never_break_neg,RT-1200,RT-1206,3586,2643,910,0.17108479037413046,4796,3650,1196,0.1649655172413793
POSTHOC_DESCRIPTIVE_NOT_PROMOTION_EVIDENCE,cell_never_break_neg,RT-1200,RT-1207,3586,2970,1047,0.19005264113269196,4796,3175,1080,0.1567261645624728
POSTHOC_DESCRIPTIVE_NOT_PROMOTION_EVIDENCE,cell_never_break_neg,RT-1200,RT-1208,3586,2853,1026,0.18954369111398486,4796,3434,1213,0.1728658971070258
POSTHOC_DESCRIPTIVE_NOT_PROMOTION_EVIDENCE,cell_never_break_neg,RT-1200,RT-1209,3586,2790,1003,0.18667411129722689,4796,3556,1205,0.1686022107177837
POSTHOC_DESCRIPTIVE_NOT_PROMOTION_EVIDENCE,cell_never_break_neg,RT-1200,RT-1210,3586,2738,1028,0.19410876132930513,4796,3676,1268,0.17601332593003888
POSTHOC_DESCRIPTIVE_NOT_PROMOTION_EVIDENCE,cell_never_break_neg,RT-1200,RT-1211,3586,2939,1110,0.20498614958448755,4796,3584,1194,0.16615641525187866
POSTHOC_DESCRIPTIVE_NOT_PROMOTION_EVIDENCE,cell_never_break_neg,RT-1200,RT-1212,3586,3108,1022,0.1801833568406206,4796,3639,1185,0.16344827586206898
POSTHOC_DESCRIPTIVE_NOT_PROMOTION_EVIDENCE,cell_never_break_neg,RT-1200,RT-1213,3586,2807,1023,0.19050279329608938,4796,3594,1112,0.15278922780983786
POSTHOC_DESCRIPTIVE_NOT_PROMOTION_EVIDENCE,cell_never_break_neg,RT-1200,RT-1214,3586,2922,1006,0.18284260268993094,4796,3353,1125,0.16016514806378132
POSTHOC_DESCRIPTIVE_NOT_PROMOTION_EVIDENCE,cell_never_break_neg,RT-1200,RT-1215,3586,2835,1013,0.18731508875739644,4796,3246,1118,0.1614673599075679
POSTHOC_DESCRIPTIVE_NOT_PROMOTION_EVIDENCE,cell_never_break_neg,RT-1200,RT-1216,3586,3089,1094,0.1960222182404587,4796,3308,1129,0.16186379928315411
POSTHOC_DESCRIPTIVE_NOT_PROMOTION_EVIDENCE,cell_never_break_neg,RT-1200,RT-1217,3586,3050,1011,0.17973333333333333,4796,3457,1128,0.15831578947368422
POSTHOC_DESCRIPTIVE_NOT_PROMOTION_EVIDENCE,cell_never_break_neg,RT-1200,RT-1218,3586,7151,1678,0.18523015785406777,4796,13777,2227,0.13624128227089197
POSTHOC_DESCRIPTIVE_NOT_PROMOTION_EVIDENCE,cell_never_break_neg,RT-1201,RT-1202,6755,8033,3454,0.30474677960119995,10042,17757,5082,0.22370911652066733
POSTHOC_DESCRIPTIVE_NOT_PROMOTION_EVIDENCE,cell_never_break_neg,RT-1201,RT-1203,6755,7747,3405,0.3068396864017302,10042,17919,5085,0.22228536457422626
POSTHOC_DESCRIPTIVE_NOT_PROMOTION_EVIDENCE,cell_never_break_neg,RT-1201,RT-1204,6755,2716,1251,0.1521897810218978,10042,3333,1385,0.11551292743953294
POSTHOC_DESCRIPTIVE_NOT_PROMOTION_EVIDENCE,cell_never_break_neg,RT-1201,RT-1205,6755,2750,1309,0.15971205466081015,10042,3385,1402,0.1165904365904366
POSTHOC_DESCRIPTIVE_NOT_PROMOTION_EVIDENCE,cell_never_break_neg,RT-1201,RT-1206,6755,2643,1256,0.15426185212478508,10042,3650,1535,0.12626470346302543
POSTHOC_DESCRIPTIVE_NOT_PROMOTION_EVIDENCE,cell_never_break_neg,RT-1201,RT-1207,6755,2970,1326,0.15787593761162044,10042,3175,1145,0.09484758117958914
POSTHOC_DESCRIPTIVE_NOT_PROMOTION_EVIDENCE,cell_never_break_neg,RT-1201,RT-1208,6755,2853,1244,0.14873266379722622,10042,3434,1358,0.11206469714474336
POSTHOC_DESCRIPTIVE_NOT_PROMOTION_EVIDENCE,cell_never_break_neg,RT-1201,RT-1209,6755,2790,1248,0.15041581294443776,10042,3556,1435,0.11798076132533092
POSTHOC_DESCRIPTIVE_NOT_PROMOTION_EVIDENCE,cell_never_break_neg,RT-1201,RT-1210,6755,2738,1330,0.16293029523459512,10042,3676,1595,0.13156809370617834
POSTHOC_DESCRIPTIVE_NOT_PROMOTION_EVIDENCE,cell_never_break_neg,RT-1201,RT-1211,6755,2939,1526,0.1868266405484819,10042,3584,1657,0.1384409725123235
POSTHOC_DESCRIPTIVE_NOT_PROMOTION_EVIDENCE,cell_never_break_neg,RT-1201,RT-1212,6755,3108,1315,0.15383715489003275,10042,3639,1481,0.12139344262295082
POSTHOC_DESCRIPTIVE_NOT_PROMOTION_EVIDENCE,cell_never_break_neg,RT-1201,RT-1213,6755,2807,1329,0.1614235394145512,10042,3594,1390,0.11350645108606892
POSTHOC_DESCRIPTIVE_NOT_PROMOTION_EVIDENCE,cell_never_break_neg,RT-1201,RT-1214,6755,2922,1318,0.1576743629620768,10042,3353,1394,0.11615698691775686
POSTHOC_DESCRIPTIVE_NOT_PROMOTION_EVIDENCE,cell_never_break_neg,RT-1201,RT-1215,6755,2835,1290,0.15542168674698795,10042,3246,1321,0.11038689730091084
POSTHOC_DESCRIPTIVE_NOT_PROMOTION_EVIDENCE,cell_never_break_neg,RT-1201,RT-1216,6755,3089,1458,0.17386119723348437,10042,3308,1400,0.11715481171548117
POSTHOC_DESCRIPTIVE_NOT_PROMOTION_EVIDENCE,cell_never_break_neg,RT-1201,RT-1217,6755,3050,1407,0.16753989045010717,10042,3457,1392,0.11497480796233583
POSTHOC_DESCRIPTIVE_NOT_PROMOTION_EVIDENCE,cell_never_break_neg,RT-1201,RT-1218,6755,7151,3173,0.2956302990776111,10042,13777,4793,0.25191842741511616
POSTHOC_DESCRIPTIVE_NOT_PROMOTION_EVIDENCE,cell_never_break_neg,RT-1202,RT-1203,8033,7747,5362,0.5146861201766174,17757,17919,12660,0.5500521376433786
POSTHOC_DESCRIPTIVE_NOT_PROMOTION_EVIDENCE,cell_never_break_neg,RT-1202,RT-1204,8033,2716,1379,0.1471718249733191,17757,3333,1756,0.09082445432916106
POSTHOC_DESCRIPTIVE_NOT_PROMOTION_EVIDENCE,cell_never_break_neg,RT-1202,RT-1205,8033,2750,1397,0.14883869593010868,17757,3385,1788,0.09238400330680996
POSTHOC_DESCRIPTIVE_NOT_PROMOTION_EVIDENCE,cell_never_break_neg,RT-1202,RT-1206,8033,2643,1394,0.15018315018315018,17757,3650,1923,0.09869636624923014
POSTHOC_DESCRIPTIVE_NOT_PROMOTION_EVIDENCE,cell_never_break_neg,RT-1202,RT-1207,8033,2970,1566,0.16594256649358907,17757,3175,1665,0.0864171900140136
POSTHOC_DESCRIPTIVE_NOT_PROMOTION_EVIDENCE,cell_never_break_neg,RT-1202,RT-1208,8033,2853,1483,0.1577156226736148,17757,3434,1811,0.0934468524251806
POSTHOC_DESCRIPTIVE_NOT_PROMOTION_EVIDENCE,cell_never_break_neg,RT-1202,RT-1209,8033,2790,1447,0.154330204778157,17757,3556,1859,0.09555875398375656
POSTHOC_DESCRIPTIVE_NOT_PROMOTION_EVIDENCE,cell_never_break_neg,RT-1202,RT-1210,8033,2738,1316,0.13918561607615018,17757,3676,1807,0.09207174156730867
POSTHOC_DESCRIPTIVE_NOT_PROMOTION_EVIDENCE,cell_never_break_neg,RT-1202,RT-1211,8033,2939,1513,0.15995348345491067,17757,3584,1845,0.09463479688141158
POSTHOC_DESCRIPTIVE_NOT_PROMOTION_EVIDENCE,cell_never_break_neg,RT-1202,RT-1212,8033,3108,1614,0.1694132465624016,17757,3639,1940,0.09971217105263158
POSTHOC_DESCRIPTIVE_NOT_PROMOTION_EVIDENCE,cell_never_break_neg,RT-1202,RT-1213,8033,2807,1456,0.15515771526001704,17757,3594,1857,0.09526008002462297
POSTHOC_DESCRIPTIVE_NOT_PROMOTION_EVIDENCE,cell_never_break_neg,RT-1202,RT-1214,8033,2922,1510,0.1598729486500794,17757,3353,1791,0.09270666183549874
POSTHOC_DESCRIPTIVE_NOT_PROMOTION_EVIDENCE,cell_never_break_neg,RT-1202,RT-1215,8033,2835,1403,0.14823032223983096,17757,3246,1678,0.08683053040103493
POSTHOC_DESCRIPTIVE_NOT_PROMOTION_EVIDENCE,cell_never_break_neg,RT-1202,RT-1216,8033,3089,1574,0.16485127775450356,17757,3308,1667,0.0859366945045881
POSTHOC_DESCRIPTIVE_NOT_PROMOTION_EVIDENCE,cell_never_break_neg,RT-1202,RT-1217,8033,3050,1543,0.16174004192872118,17757,3457,1831,0.09446422122478461
POSTHOC_DESCRIPTIVE_NOT_PROMOTION_EVIDENCE,cell_never_break_neg,RT-1202,RT-1218,8033,7151,3646,0.3159993066389322,17757,13777,7219,0.2968949208307629
POSTHOC_DESCRIPTIVE_NOT_PROMOTION_EVIDENCE,cell_never_break_neg,RT-1203,RT-1204,7747,2716,1348,0.147888096544158,17919,3333,1630,0.0830700234430741
POSTHOC_DESCRIPTIVE_NOT_PROMOTION_EVIDENCE,cell_never_break_neg,RT-1203,RT-1205,7747,2750,1333,0.1454604975993016,17919,3385,1705,0.08699423439971427
POSTHOC_DESCRIPTIVE_NOT_PROMOTION_EVIDENCE,cell_never_break_neg,RT-1203,RT-1206,7747,2643,1296,0.14251154607433472,17919,3650,1785,0.09022442377678933
POSTHOC_DESCRIPTIVE_NOT_PROMOTION_EVIDENCE,cell_never_break_neg,RT-1203,RT-1207,7747,2970,1495,0.1621123400563869,17919,3175,1612,0.08274304486192383
POSTHOC_DESCRIPTIVE_NOT_PROMOTION_EVIDENCE,cell_never_break_neg,RT-1203,RT-1208,7747,2853,1422,0.15493571584223143,17919,3434,1734,0.08838370966919823
POSTHOC_DESCRIPTIVE_NOT_PROMOTION_EVIDENCE,cell_never_break_neg,RT-1203,RT-1209,7747,2790,1340,0.1456996846797869,17919,3556,1770,0.0898249175336209
POSTHOC_DESCRIPTIVE_NOT_PROMOTION_EVIDENCE,cell_never_break_neg,RT-1203,RT-1210,7747,2738,1370,0.1503017004936917,17919,3676,1861,0.09430424647815952
POSTHOC_DESCRIPTIVE_NOT_PROMOTION_EVIDENCE,cell_never_break_neg,RT-1203,RT-1211,7747,2939,1467,0.15912788805727301,17919,3584,1797,0.09119050035522176
POSTHOC_DESCRIPTIVE_NOT_PROMOTION_EVIDENCE,cell_never_break_neg,RT-1203,RT-1212,7747,3108,1534,0.16457461645746166,17919,3639,1763,0.0890628946703713
POSTHOC_DESCRIPTIVE_NOT_PROMOTION_EVIDENCE,cell_never_break_neg,RT-1203,RT-1213,7747,2807,1453,0.1596527854081969,17919,3594,1801,0.09136566558441558
POSTHOC_DESCRIPTIVE_NOT_PROMOTION_EVIDENCE,cell_never_break_neg,RT-1203,RT-1214,7747,2922,1461,0.1586663770634231,17919,3353,1720,0.08797054009819967
POSTHOC_DESCRIPTIVE_NOT_PROMOTION_EVIDENCE,cell_never_break_neg,RT-1203,RT-1215,7747,2835,1341,0.14511416513364356,17919,3246,1587,0.08106037388905915
POSTHOC_DESCRIPTIVE_NOT_PROMOTION_EVIDENCE,cell_never_break_neg,RT-1203,RT-1216,7747,3089,1466,0.15645677694770543,17919,3308,1605,0.08179594332891653
POSTHOC_DESCRIPTIVE_NOT_PROMOTION_EVIDENCE,cell_never_break_neg,RT-1203,RT-1217,7747,3050,1528,0.16485057719279317,17919,3457,1737,0.08844645857732064
POSTHOC_DESCRIPTIVE_NOT_PROMOTION_EVIDENCE,cell_never_break_neg,RT-1203,RT-1218,7747,7151,3622,0.3212131961688542,17919,13777,7081,0.2876701198456226
POSTHOC_DESCRIPTIVE_NOT_PROMOTION_EVIDENCE,cell_never_break_neg,RT-1204,RT-1205,2716,2750,1236,0.29219858156028367,3333,3385,1389,0.2606492775379996
POSTHOC_DESCRIPTIVE_NOT_PROMOTION_EVIDENCE,cell_never_break_neg,RT-1204,RT-1206,2716,2643,1203,0.2894610202117421,3333,3650,1494,0.27218072508653673
POSTHOC_DESCRIPTIVE_NOT_PROMOTION_EVIDENCE,cell_never_break_neg,RT-1204,RT-1207,2716,2970,1292,0.29403732362312246,3333,3175,1298,0.2491362763915547
POSTHOC_DESCRIPTIVE_NOT_PROMOTION_EVIDENCE,cell_never_break_neg,RT-1204,RT-1208,2716,2853,1241,0.28673752310536044,3333,3434,1404,0.2617937721424576
POSTHOC_DESCRIPTIVE_NOT_PROMOTION_EVIDENCE,cell_never_break_neg,RT-1204,RT-1209,2716,2790,1222,0.2852474323062558,3333,3556,1422,0.2601060910920066
POSTHOC_DESCRIPTIVE_NOT_PROMOTION_EVIDENCE,cell_never_break_neg,RT-1204,RT-1210,2716,2738,1111,0.2558139534883721,3333,3676,1372,0.24339187511087457
POSTHOC_DESCRIPTIVE_NOT_PROMOTION_EVIDENCE,cell_never_break_neg,RT-1204,RT-1211,2716,2939,1190,0.26651735722284436,3333,3584,1304,0.2323178336005701
POSTHOC_DESCRIPTIVE_NOT_PROMOTION_EVIDENCE,cell_never_break_neg,RT-1204,RT-1212,2716,3108,1184,0.25517241379310346,3333,3639,1364,0.24322396576319544
POSTHOC_DESCRIPTIVE_NOT_PROMOTION_EVIDENCE,cell_never_break_neg,RT-1204,RT-1213,2716,2807,1222,0.28411997209951173,3333,3594,1407,0.2548913043478261
POSTHOC_DESCRIPTIVE_NOT_PROMOTION_EVIDENCE,cell_never_break_neg,RT-1204,RT-1214,2716,2922,1270,0.2907509157509158,3333,3353,1350,0.2529985007496252
POSTHOC_DESCRIPTIVE_NOT_PROMOTION_EVIDENCE,cell_never_break_neg,RT-1204,RT-1215,2716,2835,1230,0.28465632955334413,3333,3246,1416,0.27425915165601394
POSTHOC_DESCRIPTIVE_NOT_PROMOTION_EVIDENCE,cell_never_break_neg,RT-1204,RT-1216,2716,3089,1260,0.27722772277227725,3333,3308,1279,0.23853039910481164
POSTHOC_DESCRIPTIVE_NOT_PROMOTION_EVIDENCE,cell_never_break_neg,RT-1204,RT-1217,2716,3050,1260,0.2796271637816245,3333,3457,1345,0.24701561065197428
POSTHOC_DESCRIPTIVE_NOT_PROMOTION_EVIDENCE,cell_never_break_neg,RT-1204,RT-1218,2716,7151,1329,0.15565706254392128,3333,13777,1505,0.09644344761294457
POSTHOC_DESCRIPTIVE_NOT_PROMOTION_EVIDENCE,cell_never_break_neg,RT-1205,RT-1206,2750,2643,1148,0.27043580683156654,3385,3650,1453,0.26030096739519887
POSTHOC_DESCRIPTIVE_NOT_PROMOTION_EVIDENCE,cell_never_break_neg,RT-1205,RT-1207,2750,2970,1316,0.298819255222525,3385,3175,1337,0.2559831514455294
POSTHOC_DESCRIPTIVE_NOT_PROMOTION_EVIDENCE,cell_never_break_neg,RT-1205,RT-1208,2750,2853,1249,0.2868626550298576,3385,3434,1358,0.24867240432155283
POSTHOC_DESCRIPTIVE_NOT_PROMOTION_EVIDENCE,cell_never_break_neg,RT-1205,RT-1209,2750,2790,1236,0.2871747211895911,3385,3556,1452,0.26452905811623245
POSTHOC_DESCRIPTIVE_NOT_PROMOTION_EVIDENCE,cell_never_break_neg,RT-1205,RT-1210,2750,2738,1245,0.29342446382276693,3385,3676,1502,0.2701924806619896
POSTHOC_DESCRIPTIVE_NOT_PROMOTION_EVIDENCE,cell_never_break_neg,RT-1205,RT-1211,2750,2939,1326,0.3039193215677286,3385,3584,1471,0.26755183703164787
POSTHOC_DESCRIPTIVE_NOT_PROMOTION_EVIDENCE,cell_never_break_neg,RT-1205,RT-1212,2750,3108,1173,0.2503735325506937,3385,3639,1307,0.2286164072065769
POSTHOC_DESCRIPTIVE_NOT_PROMOTION_EVIDENCE,cell_never_break_neg,RT-1205,RT-1213,2750,2807,1224,0.282483267943688,3385,3594,1371,0.24447218259629103
POSTHOC_DESCRIPTIVE_NOT_PROMOTION_EVIDENCE,cell_never_break_neg,RT-1205,RT-1214,2750,2922,1399,0.32740463374678214,3385,3353,1530,0.29377880184331795
POSTHOC_DESCRIPTIVE_NOT_PROMOTION_EVIDENCE,cell_never_break_neg,RT-1205,RT-1215,2750,2835,1477,0.3595423563777994,3385,3246,1622,0.3238171291674985
POSTHOC_DESCRIPTIVE_NOT_PROMOTION_EVIDENCE,cell_never_break_neg,RT-1205,RT-1216,2750,3089,1250,0.2723904990193942,3385,3308,1339,0.250093388121031
POSTHOC_DESCRIPTIVE_NOT_PROMOTION_EVIDENCE,cell_never_break_neg,RT-1205,RT-1217,2750,3050,1306,0.2906097018246551,3385,3457,1392,0.25541284403669723
POSTHOC_DESCRIPTIVE_NOT_PROMOTION_EVIDENCE,cell_never_break_neg,RT-1205,RT-1218,2750,7151,1319,0.1536937776742018,3385,13777,1576,0.10111638650070576
POSTHOC_DESCRIPTIVE_NOT_PROMOTION_EVIDENCE,cell_never_break_neg,RT-1206,RT-1207,2643,2970,1294,0.2996063903681408,3650,3175,1352,0.24703087885985747
POSTHOC_DESCRIPTIVE_NOT_PROMOTION_EVIDENCE,cell_never_break_neg,RT-1206,RT-1208,2643,2853,1246,0.2931764705882353,3650,3434,1558,0.2819399203764025
POSTHOC_DESCRIPTIVE_NOT_PROMOTION_EVIDENCE,cell_never_break_neg,RT-1206,RT-1209,2643,2790,1185,0.278954802259887,3650,3556,1513,0.2657649745301247
POSTHOC_DESCRIPTIVE_NOT_PROMOTION_EVIDENCE,cell_never_break_neg,RT-1206,RT-1210,2643,2738,1134,0.2670120084765717,3650,3676,1504,0.25833047062864994
POSTHOC_DESCRIPTIVE_NOT_PROMOTION_EVIDENCE,cell_never_break_neg,RT-1206,RT-1211,2643,2939,1147,0.25862457722660653,3650,3584,1380,0.23573624871882473
POSTHOC_DESCRIPTIVE_NOT_PROMOTION_EVIDENCE,cell_never_break_neg,RT-1206,RT-1212,2643,3108,1229,0.27178239716939406,3650,3639,1501,0.2593296475466482
POSTHOC_DESCRIPTIVE_NOT_PROMOTION_EVIDENCE,cell_never_break_neg,RT-1206,RT-1213,2643,2807,1202,0.2829566854990584,3650,3594,1491,0.25916912915000867
POSTHOC_DESCRIPTIVE_NOT_PROMOTION_EVIDENCE,cell_never_break_neg,RT-1206,RT-1214,2643,2922,1230,0.2837370242214533,3650,3353,1495,0.2714233841684822
POSTHOC_DESCRIPTIVE_NOT_PROMOTION_EVIDENCE,cell_never_break_neg,RT-1206,RT-1215,2643,2835,1188,0.27692307692307694,3650,3246,1398,0.25427428155692977
POSTHOC_DESCRIPTIVE_NOT_PROMOTION_EVIDENCE,cell_never_break_neg,RT-1206,RT-1216,2643,3089,1309,0.29595297309518426,3650,3308,1481,0.270403505568742
POSTHOC_DESCRIPTIVE_NOT_PROMOTION_EVIDENCE,cell_never_break_neg,RT-1206,RT-1217,2643,3050,1354,0.3120534685411385,3650,3457,1458,0.2580987785448752
POSTHOC_DESCRIPTIVE_NOT_PROMOTION_EVIDENCE,cell_never_break_neg,RT-1206,RT-1218,2643,7151,1370,0.16263057929724598,3650,13777,1783,0.11397340833546407
POSTHOC_DESCRIPTIVE_NOT_PROMOTION_EVIDENCE,cell_never_break_neg,RT-1207,RT-1208,2970,2853,1315,0.2917036379769299,3175,3434,1337,0.25360394537177544
POSTHOC_DESCRIPTIVE_NOT_PROMOTION_EVIDENCE,cell_never_break_neg,RT-1207,RT-1209,2970,2790,1391,0.3183794918745708,3175,3556,1462,0.27747200607325867
POSTHOC_DESCRIPTIVE_NOT_PROMOTION_EVIDENCE,cell_never_break_neg,RT-1207,RT-1210,2970,2738,1210,0.26900844819919967,3175,3676,1389,0.25430245331380447
POSTHOC_DESCRIPTIVE_NOT_PROMOTION_EVIDENCE,cell_never_break_neg,RT-1207,RT-1211,2970,2939,1306,0.2837280034759939,3175,3584,1313,0.24109438119720897
POSTHOC_DESCRIPTIVE_NOT_PROMOTION_EVIDENCE,cell_never_break_neg,RT-1207,RT-1212,2970,3108,1311,0.2750157331655129,3175,3639,1323,0.2409397195410672
POSTHOC_DESCRIPTIVE_NOT_PROMOTION_EVIDENCE,cell_never_break_neg,RT-1207,RT-1213,2970,2807,1290,0.28749721417428126,3175,3594,1358,0.25097024579560157
POSTHOC_DESCRIPTIVE_NOT_PROMOTION_EVIDENCE,cell_never_break_neg,RT-1207,RT-1214,2970,2922,1330,0.2915387987724682,3175,3353,1323,0.25417867435158503
POSTHOC_DESCRIPTIVE_NOT_PROMOTION_EVIDENCE,cell_never_break_neg,RT-1207,RT-1215,2970,2835,1328,0.2966272057181148,3175,3246,1321,0.25901960784313727
POSTHOC_DESCRIPTIVE_NOT_PROMOTION_EVIDENCE,cell_never_break_neg,RT-1207,RT-1216,2970,3089,1328,0.2807017543859649,3175,3308,1177,0.22182434979268753
POSTHOC_DESCRIPTIVE_NOT_PROMOTION_EVIDENCE,cell_never_break_neg,RT-1207,RT-1217,2970,3050,1390,0.3002159827213823,3175,3457,1337,0.2525023607176582
POSTHOC_DESCRIPTIVE_NOT_PROMOTION_EVIDENCE,cell_never_break_neg,RT-1207,RT-1218,2970,7151,1549,0.18070461969202053,3175,13777,1533,0.0994227900642065
POSTHOC_DESCRIPTIVE_NOT_PROMOTION_EVIDENCE,cell_never_break_neg,RT-1208,RT-1209,2853,2790,1266,0.2892392049348869,3434,3556,1393,0.2488833303555476
POSTHOC_DESCRIPTIVE_NOT_PROMOTION_EVIDENCE,cell_never_break_neg,RT-1208,RT-1210,2853,2738,1194,0.27154878326131454,3434,3676,1458,0.25796178343949044
POSTHOC_DESCRIPTIVE_NOT_PROMOTION_EVIDENCE,cell_never_break_neg,RT-1208,RT-1211,2853,2939,1270,0.28084918177797435,3434,3584,1446,0.2595118449389806
POSTHOC_DESCRIPTIVE_NOT_PROMOTION_EVIDENCE,cell_never_break_neg,RT-1208,RT-1212,2853,3108,1238,0.262121532923989,3434,3639,1350,0.23589026734230298
POSTHOC_DESCRIPTIVE_NOT_PROMOTION_EVIDENCE,cell_never_break_neg,RT-1208,RT-1213,2853,2807,1234,0.2788070492544058,3434,3594,1376,0.2434536447275301
POSTHOC_DESCRIPTIVE_NOT_PROMOTION_EVIDENCE,cell_never_break_neg,RT-1208,RT-1214,2853,2922,1281,0.2850467289719626,3434,3353,1432,0.26741363211951447
POSTHOC_DESCRIPTIVE_NOT_PROMOTION_EVIDENCE,cell_never_break_neg,RT-1208,RT-1215,2853,2835,1313,0.3001142857142857,3434,3246,1401,0.2653911725705626
POSTHOC_DESCRIPTIVE_NOT_PROMOTION_EVIDENCE,cell_never_break_neg,RT-1208,RT-1216,2853,3089,1389,0.3050735778607512,3434,3308,1391,0.2599514109512241
POSTHOC_DESCRIPTIVE_NOT_PROMOTION_EVIDENCE,cell_never_break_neg,RT-1208,RT-1217,2853,3050,1348,0.29593852908891327,3434,3457,1402,0.2554199307706322
POSTHOC_DESCRIPTIVE_NOT_PROMOTION_EVIDENCE,cell_never_break_neg,RT-1208,RT-1218,2853,7151,1319,0.15187104202648244,3434,13777,1516,0.0965912711054476
POSTHOC_DESCRIPTIVE_NOT_PROMOTION_EVIDENCE,cell_never_break_neg,RT-1209,RT-1210,2790,2738,1152,0.263254113345521,3556,3676,1433,0.24711157096051042
POSTHOC_DESCRIPTIVE_NOT_PROMOTION_EVIDENCE,cell_never_break_neg,RT-1209,RT-1211,2790,2939,1263,0.28280340349305866,3556,3584,1412,0.24650837988826815
POSTHOC_DESCRIPTIVE_NOT_PROMOTION_EVIDENCE,cell_never_break_neg,RT-1209,RT-1212,2790,3108,1280,0.2771762667821568,3556,3639,1393,0.24008962426749397
POSTHOC_DESCRIPTIVE_NOT_PROMOTION_EVIDENCE,cell_never_break_neg,RT-1209,RT-1213,2790,2807,1211,0.2761057911536708,3556,3594,1452,0.2548262548262548
POSTHOC_DESCRIPTIVE_NOT_PROMOTION_EVIDENCE,cell_never_break_neg,RT-1209,RT-1214,2790,2922,1252,0.2807174887892377,3556,3353,1415,0.25755369493993446
POSTHOC_DESCRIPTIVE_NOT_PROMOTION_EVIDENCE,cell_never_break_neg,RT-1209,RT-1215,2790,2835,1254,0.2868908716540837,3556,3246,1401,0.25939640807257913
POSTHOC_DESCRIPTIVE_NOT_PROMOTION_EVIDENCE,cell_never_break_neg,RT-1209,RT-1216,2790,3089,1280,0.27832137421178516,3556,3308,1309,0.23564356435643563
POSTHOC_DESCRIPTIVE_NOT_PROMOTION_EVIDENCE,cell_never_break_neg,RT-1209,RT-1217,2790,3050,1303,0.2871941811769892,3556,3457,1396,0.24853124443653196
POSTHOC_DESCRIPTIVE_NOT_PROMOTION_EVIDENCE,cell_never_break_neg,RT-1209,RT-1218,2790,7151,1435,0.16870444392193745,3556,13777,1767,0.11351663882821535
POSTHOC_DESCRIPTIVE_NOT_PROMOTION_EVIDENCE,cell_never_break_neg,RT-1210,RT-1211,2738,2939,1438,0.33923095069591885,3676,3584,1659,0.29619710765934654
POSTHOC_DESCRIPTIVE_NOT_PROMOTION_EVIDENCE,cell_never_break_neg,RT-1210,RT-1212,2738,3108,1138,0.24171622769753612,3676,3639,1396,0.23585065044771075
POSTHOC_DESCRIPTIVE_NOT_PROMOTION_EVIDENCE,cell_never_break_neg,RT-1210,RT-1213,2738,2807,1154,0.2628102937827374,3676,3594,1500,0.25996533795493937
POSTHOC_DESCRIPTIVE_NOT_PROMOTION_EVIDENCE,cell_never_break_neg,RT-1210,RT-1214,2738,2922,1333,0.308065634388722,3676,3353,1577,0.2892516507703595
POSTHOC_DESCRIPTIVE_NOT_PROMOTION_EVIDENCE,cell_never_break_neg,RT-1210,RT-1215,2738,2835,1239,0.28587909552376556,3676,3246,1451,0.26521659660025587
POSTHOC_DESCRIPTIVE_NOT_PROMOTION_EVIDENCE,cell_never_break_neg,RT-1210,RT-1216,2738,3089,1208,0.26152846936566354,3676,3308,1332,0.2356687898089172
POSTHOC_DESCRIPTIVE_NOT_PROMOTION_EVIDENCE,cell_never_break_neg,RT-1210,RT-1217,2738,3050,1243,0.2734873487348735,3676,3457,1437,0.2522823033707865
POSTHOC_DESCRIPTIVE_NOT_PROMOTION_EVIDENCE,cell_never_break_neg,RT-1210,RT-1218,2738,7151,1276,0.14814814814814814,3676,13777,1687,0.10700241024990485
POSTHOC_DESCRIPTIVE_NOT_PROMOTION_EVIDENCE,cell_never_break_neg,RT-1211,RT-1212,2939,3108,1239,0.2576955074875208,3584,3639,1342,0.22819248427138242
POSTHOC_DESCRIPTIVE_NOT_PROMOTION_EVIDENCE,cell_never_break_neg,RT-1211,RT-1213,2939,2807,1244,0.2763216348289649,3584,3594,1366,0.23503097040605644
POSTHOC_DESCRIPTIVE_NOT_PROMOTION_EVIDENCE,cell_never_break_neg,RT-1211,RT-1214,2939,2922,1353,0.30013309671694766,3584,3353,1499,0.27565281353438764
POSTHOC_DESCRIPTIVE_NOT_PROMOTION_EVIDENCE,cell_never_break_neg,RT-1211,RT-1215,2939,2835,1315,0.2949091724601929,3584,3246,1390,0.2555147058823529
POSTHOC_DESCRIPTIVE_NOT_PROMOTION_EVIDENCE,cell_never_break_neg,RT-1211,RT-1216,2939,3089,1299,0.2746880947346162,3584,3308,1283,0.22873952576216794
POSTHOC_DESCRIPTIVE_NOT_PROMOTION_EVIDENCE,cell_never_break_neg,RT-1211,RT-1217,2939,3050,1300,0.27724461505651526,3584,3457,1374,0.2424563260984648
POSTHOC_DESCRIPTIVE_NOT_PROMOTION_EVIDENCE,cell_never_break_neg,RT-1211,RT-1218,2939,7151,1355,0.1551230681167716,3584,13777,1630,0.10361706185239336
POSTHOC_DESCRIPTIVE_NOT_PROMOTION_EVIDENCE,cell_never_break_neg,RT-1212,RT-1213,3108,2807,1329,0.2897950283471435,3639,3594,1525,0.26716888577435177
POSTHOC_DESCRIPTIVE_NOT_PROMOTION_EVIDENCE,cell_never_break_neg,RT-1212,RT-1214,3108,2922,1242,0.2593984962406015,3639,3353,1380,0.2459016393442623
POSTHOC_DESCRIPTIVE_NOT_PROMOTION_EVIDENCE,cell_never_break_neg,RT-1212,RT-1215,3108,2835,1248,0.265814696485623,3639,3246,1311,0.23519913885898816
POSTHOC_DESCRIPTIVE_NOT_PROMOTION_EVIDENCE,cell_never_break_neg,RT-1212,RT-1216,3108,3089,1317,0.26987704918032784,3639,3308,1304,0.23108275739854686
POSTHOC_DESCRIPTIVE_NOT_PROMOTION_EVIDENCE,cell_never_break_neg,RT-1212,RT-1217,3108,3050,1314,0.2712634186622626,3639,3457,1377,0.2407763595034097
POSTHOC_DESCRIPTIVE_NOT_PROMOTION_EVIDENCE,cell_never_break_neg,RT-1212,RT-1218,3108,7151,1463,0.1663256025466121,3639,13777,1628,0.10311629085381302
POSTHOC_DESCRIPTIVE_NOT_PROMOTION_EVIDENCE,cell_never_break_neg,RT-1213,RT-1214,2807,2922,1219,0.2702882483370288,3594,3353,1398,0.251937285997477
POSTHOC_DESCRIPTIVE_NOT_PROMOTION_EVIDENCE,cell_never_break_neg,RT-1213,RT-1215,2807,2835,1250,0.284608378870674,3594,3246,1332,0.24183006535947713
POSTHOC_DESCRIPTIVE_NOT_PROMOTION_EVIDENCE,cell_never_break_neg,RT-1213,RT-1216,2807,3089,1264,0.27288428324697755,3594,3308,1277,0.2270222222222222
POSTHOC_DESCRIPTIVE_NOT_PROMOTION_EVIDENCE,cell_never_break_neg,RT-1213,RT-1217,2807,3050,1301,0.28555750658472345,3594,3457,1361,0.2391915641476274
POSTHOC_DESCRIPTIVE_NOT_PROMOTION_EVIDENCE,cell_never_break_neg,RT-1213,RT-1218,2807,7151,1358,0.15790697674418605,3594,13777,1592,0.1008935927498574
POSTHOC_DESCRIPTIVE_NOT_PROMOTION_EVIDENCE,cell_never_break_neg,RT-1214,RT-1215,2922,2835,1443,0.3344923504867872,3353,3246,1517,0.29850452577725306
POSTHOC_DESCRIPTIVE_NOT_PROMOTION_EVIDENCE,cell_never_break_neg,RT-1214,RT-1216,2922,3089,1319,0.28111679454390454,3353,3308,1304,0.2434198245286541
POSTHOC_DESCRIPTIVE_NOT_PROMOTION_EVIDENCE,cell_never_break_neg,RT-1214,RT-1217,2922,3050,1332,0.28706896551724137,3353,3457,1382,0.2546057479734709
POSTHOC_DESCRIPTIVE_NOT_PROMOTION_EVIDENCE,cell_never_break_neg,RT-1214,RT-1218,2922,7151,1310,0.1494921830423371,3353,13777,1455,0.09282296650717703
POSTHOC_DESCRIPTIVE_NOT_PROMOTION_EVIDENCE,cell_never_break_neg,RT-1215,RT-1216,2835,3089,1311,0.2841968350314329,3246,3308,1279,0.2424644549763033
POSTHOC_DESCRIPTIVE_NOT_PROMOTION_EVIDENCE,cell_never_break_neg,RT-1215,RT-1217,2835,3050,1349,0.29739858906525574,3246,3457,1333,0.24823091247672252
POSTHOC_DESCRIPTIVE_NOT_PROMOTION_EVIDENCE,cell_never_break_neg,RT-1215,RT-1218,2835,7151,1313,0.15138936930704486,3246,13777,1479,0.09514925373134328
POSTHOC_DESCRIPTIVE_NOT_PROMOTION_EVIDENCE,cell_never_break_neg,RT-1216,RT-1217,3089,3050,1532,0.332537443021489,3308,3457,1448,0.27233402294526987
POSTHOC_DESCRIPTIVE_NOT_PROMOTION_EVIDENCE,cell_never_break_neg,RT-1216,RT-1218,3089,7151,1461,0.1664198655883358,3308,13777,1490,0.0955434434113498
POSTHOC_DESCRIPTIVE_NOT_PROMOTION_EVIDENCE,cell_never_break_neg,RT-1217,RT-1218,3050,7151,1499,0.17225925074695472,3457,13777,1539,0.09805670595731125
POSTHOC_DESCRIPTIVE_NOT_PROMOTION_EVIDENCE,cell_pre_break_neg,RT-1200,RT-1201,3542,6322,2224,0.29109947643979056,4125,10210,2488,0.21001097324217102
POSTHOC_DESCRIPTIVE_NOT_PROMOTION_EVIDENCE,cell_pre_break_neg,RT-1200,RT-1202,3542,7375,1710,0.18572825024437928,4125,16619,2198,0.11851612207484094
POSTHOC_DESCRIPTIVE_NOT_PROMOTION_EVIDENCE,cell_pre_break_neg,RT-1200,RT-1203,3542,7436,1678,0.1804301075268817,4125,16740,1908,0.10064883684127235
POSTHOC_DESCRIPTIVE_NOT_PROMOTION_EVIDENCE,cell_pre_break_neg,RT-1200,RT-1204,3542,2763,1080,0.20669856459330144,4125,2729,881,0.14749707014900384
POSTHOC_DESCRIPTIVE_NOT_PROMOTION_EVIDENCE,cell_pre_break_neg,RT-1200,RT-1205,3542,2575,1013,0.1984717868338558,4125,3308,1103,0.17424960505529227
POSTHOC_DESCRIPTIVE_NOT_PROMOTION_EVIDENCE,cell_pre_break_neg,RT-1200,RT-1206,3542,2771,1082,0.2068438157140126,4125,3261,1040,0.16388276079420108
POSTHOC_DESCRIPTIVE_NOT_PROMOTION_EVIDENCE,cell_pre_break_neg,RT-1200,RT-1207,3542,2784,1075,0.20472290992191963,4125,3113,1004,0.16105229387231312
POSTHOC_DESCRIPTIVE_NOT_PROMOTION_EVIDENCE,cell_pre_break_neg,RT-1200,RT-1208,3542,2842,1146,0.21878579610538373,4125,3001,983,0.16001953442943187
POSTHOC_DESCRIPTIVE_NOT_PROMOTION_EVIDENCE,cell_pre_break_neg,RT-1200,RT-1209,3542,2248,887,0.18090964715480318,4125,3584,1174,0.17964804896710024
POSTHOC_DESCRIPTIVE_NOT_PROMOTION_EVIDENCE,cell_pre_break_neg,RT-1200,RT-1210,3542,2758,1098,0.21107266435986158,4125,3294,1147,0.18287627551020408
POSTHOC_DESCRIPTIVE_NOT_PROMOTION_EVIDENCE,cell_pre_break_neg,RT-1200,RT-1211,3542,2799,1078,0.20482614478434352,4125,3703,1184,0.1782059000602047
POSTHOC_DESCRIPTIVE_NOT_PROMOTION_EVIDENCE,cell_pre_break_neg,RT-1200,RT-1212,3542,3387,1246,0.21925039591764914,4125,3026,1074,0.17673194010202403
POSTHOC_DESCRIPTIVE_NOT_PROMOTION_EVIDENCE,cell_pre_break_neg,RT-1200,RT-1213,3542,2741,1038,0.1979027645376549,4125,3474,1056,0.16139385602934433
POSTHOC_DESCRIPTIVE_NOT_PROMOTION_EVIDENCE,cell_pre_break_neg,RT-1200,RT-1214,3542,3239,1173,0.20916547788873038,4125,3031,940,0.15122265122265122
POSTHOC_DESCRIPTIVE_NOT_PROMOTION_EVIDENCE,cell_pre_break_neg,RT-1200,RT-1215,3542,2979,1119,0.20714550166604961,4125,2650,891,0.15142760027192387
POSTHOC_DESCRIPTIVE_NOT_PROMOTION_EVIDENCE,cell_pre_break_neg,RT-1200,RT-1216,3542,3270,1213,0.21664582961243078,4125,2901,940,0.15445284258954978
POSTHOC_DESCRIPTIVE_NOT_PROMOTION_EVIDENCE,cell_pre_break_neg,RT-1200,RT-1217,3542,2963,1032,0.18856203179243558,4125,3162,1021,0.16294286626236834
POSTHOC_DESCRIPTIVE_NOT_PROMOTION_EVIDENCE,cell_pre_break_neg,RT-1200,RT-1218,3542,5665,1457,0.188,4125,15517,2185,0.1251646903820817
POSTHOC_DESCRIPTIVE_NOT_PROMOTION_EVIDENCE,cell_pre_break_neg,RT-1201,RT-1202,6322,7375,3124,0.2954695923578927,10210,16619,4929,0.22506849315068495
POSTHOC_DESCRIPTIVE_NOT_PROMOTION_EVIDENCE,cell_pre_break_neg,RT-1201,RT-1203,6322,7436,3192,0.30210107893242477,10210,16740,5005,0.22807017543859648
POSTHOC_DESCRIPTIVE_NOT_PROMOTION_EVIDENCE,cell_pre_break_neg,RT-1201,RT-1204,6322,2763,1212,0.15394385875777974,10210,2729,1162,0.09866689309671393
POSTHOC_DESCRIPTIVE_NOT_PROMOTION_EVIDENCE,cell_pre_break_neg,RT-1201,RT-1205,6322,2575,1275,0.16727892941485176,10210,3308,1472,0.1221982400796945
POSTHOC_DESCRIPTIVE_NOT_PROMOTION_EVIDENCE,cell_pre_break_neg,RT-1201,RT-1206,6322,2771,1488,0.19566074950690335,10210,3261,1609,0.13564323048389818
POSTHOC_DESCRIPTIVE_NOT_PROMOTION_EVIDENCE,cell_pre_break_neg,RT-1201,RT-1207,6322,2784,1211,0.15338822039265357,10210,3113,1169,0.0961823268059898
POSTHOC_DESCRIPTIVE_NOT_PROMOTION_EVIDENCE,cell_pre_break_neg,RT-1201,RT-1208,6322,2842,1291,0.16397815318176046,10210,3001,1273,0.10663427709834143
POSTHOC_DESCRIPTIVE_NOT_PROMOTION_EVIDENCE,cell_pre_break_neg,RT-1201,RT-1209,6322,2248,920,0.12026143790849673,10210,3584,1455,0.11791879406759057
POSTHOC_DESCRIPTIVE_NOT_PROMOTION_EVIDENCE,cell_pre_break_neg,RT-1201,RT-1210,6322,2758,1292,0.16589625064201335,10210,3294,1496,0.1245836109260493
POSTHOC_DESCRIPTIVE_NOT_PROMOTION_EVIDENCE,cell_pre_break_neg,RT-1201,RT-1211,6322,2799,1353,0.1741761071060762,10210,3703,1681,0.13742642249836495
POSTHOC_DESCRIPTIVE_NOT_PROMOTION_EVIDENCE,cell_pre_break_neg,RT-1201,RT-1212,6322,3387,1454,0.17613567534827376,10210,3026,1392,0.11752786220871327
POSTHOC_DESCRIPTIVE_NOT_PROMOTION_EVIDENCE,cell_pre_break_neg,RT-1201,RT-1213,6322,2741,1309,0.1688160949187516,10210,3474,1610,0.13334437634586715
POSTHOC_DESCRIPTIVE_NOT_PROMOTION_EVIDENCE,cell_pre_break_neg,RT-1201,RT-1214,6322,3239,1586,0.19887147335423197,10210,3031,1334,0.11203493743176283
POSTHOC_DESCRIPTIVE_NOT_PROMOTION_EVIDENCE,cell_pre_break_neg,RT-1201,RT-1215,6322,2979,1358,0.1709681480548911,10210,2650,1121,0.09549365363318851
POSTHOC_DESCRIPTIVE_NOT_PROMOTION_EVIDENCE,cell_pre_break_neg,RT-1201,RT-1216,6322,3270,1369,0.16648425148972396,10210,2901,1179,0.09880992289641301
POSTHOC_DESCRIPTIVE_NOT_PROMOTION_EVIDENCE,cell_pre_break_neg,RT-1201,RT-1217,6322,2963,1277,0.15946553446553446,10210,3162,1274,0.1053066622582245
POSTHOC_DESCRIPTIVE_NOT_PROMOTION_EVIDENCE,cell_pre_break_neg,RT-1201,RT-1218,6322,5665,2395,0.24968723936613846,10210,15517,5731,0.28660732146429285
POSTHOC_DESCRIPTIVE_NOT_PROMOTION_EVIDENCE,cell_pre_break_neg,RT-1202,RT-1203,7375,7436,4931,0.4990890688259109,16619,16740,11890,0.5538217895570358
POSTHOC_DESCRIPTIVE_NOT_PROMOTION_EVIDENCE,cell_pre_break_neg,RT-1202,RT-1204,7375,2763,1373,0.15664575014261267,16619,2729,1492,0.0835573476702509
POSTHOC_DESCRIPTIVE_NOT_PROMOTION_EVIDENCE,cell_pre_break_neg,RT-1202,RT-1205,7375,2575,1346,0.15643886564388657,16619,3308,1883,0.10435601862114831
POSTHOC_DESCRIPTIVE_NOT_PROMOTION_EVIDENCE,cell_pre_break_neg,RT-1202,RT-1206,7375,2771,1419,0.16259883121347543,16619,3261,1836,0.10175127466193748
POSTHOC_DESCRIPTIVE_NOT_PROMOTION_EVIDENCE,cell_pre_break_neg,RT-1202,RT-1207,7375,2784,1404,0.16036550542547115,16619,3113,1723,0.09567438502970736
POSTHOC_DESCRIPTIVE_NOT_PROMOTION_EVIDENCE,cell_pre_break_neg,RT-1202,RT-1208,7375,2842,1292,0.14476190476190476,16619,3001,1641,0.09127315201067912
POSTHOC_DESCRIPTIVE_NOT_PROMOTION_EVIDENCE,cell_pre_break_neg,RT-1202,RT-1209,7375,2248,1090,0.12773936481893824,16619,3584,1983,0.1088364434687157
POSTHOC_DESCRIPTIVE_NOT_PROMOTION_EVIDENCE,cell_pre_break_neg,RT-1202,RT-1210,7375,2758,1321,0.14990921470721744,16619,3294,1744,0.09598767130827233
POSTHOC_DESCRIPTIVE_NOT_PROMOTION_EVIDENCE,cell_pre_break_neg,RT-1202,RT-1211,7375,2799,1412,0.1611504222780187,16619,3703,2102,0.11536772777167947
POSTHOC_DESCRIPTIVE_NOT_PROMOTION_EVIDENCE,cell_pre_break_neg,RT-1202,RT-1212,7375,3387,1625,0.1778483090729999,16619,3026,1672,0.09302843153619318
POSTHOC_DESCRIPTIVE_NOT_PROMOTION_EVIDENCE,cell_pre_break_neg,RT-1202,RT-1213,7375,2741,1303,0.1478497673890843,16619,3474,1933,0.10644273127753304
POSTHOC_DESCRIPTIVE_NOT_PROMOTION_EVIDENCE,cell_pre_break_neg,RT-1202,RT-1214,7375,3239,1621,0.18025130657177804,16619,3031,1674,0.0931241655540721
POSTHOC_DESCRIPTIVE_NOT_PROMOTION_EVIDENCE,cell_pre_break_neg,RT-1202,RT-1215,7375,2979,1542,0.17498865183840218,16619,2650,1546,0.08723128138576991
POSTHOC_DESCRIPTIVE_NOT_PROMOTION_EVIDENCE,cell_pre_break_neg,RT-1202,RT-1216,7375,3270,1621,0.17963209219858156,16619,2901,1575,0.08776818055168571
POSTHOC_DESCRIPTIVE_NOT_PROMOTION_EVIDENCE,cell_pre_break_neg,RT-1202,RT-1217,7375,2963,1466,0.16523895401262398,16619,3162,1797,0.09992215302491103
POSTHOC_DESCRIPTIVE_NOT_PROMOTION_EVIDENCE,cell_pre_break_neg,RT-1202,RT-1218,7375,5665,2771,0.2698412698412698,16619,15517,8068,0.3352168854911085
POSTHOC_DESCRIPTIVE_NOT_PROMOTION_EVIDENCE,cell_pre_break_neg,RT-1203,RT-1204,7436,2763,1368,0.1549088438455441,16740,2729,1441,0.07993121810516973
POSTHOC_DESCRIPTIVE_NOT_PROMOTION_EVIDENCE,cell_pre_break_neg,RT-1203,RT-1205,7436,2575,1257,0.14359150102810145,16740,3308,1794,0.09827982907855812
POSTHOC_DESCRIPTIVE_NOT_PROMOTION_EVIDENCE,cell_pre_break_neg,RT-1203,RT-1206,7436,2771,1392,0.1579126488939308,16740,3261,1751,0.09594520547945205
POSTHOC_DESCRIPTIVE_NOT_PROMOTION_EVIDENCE,cell_pre_break_neg,RT-1203,RT-1207,7436,2784,1343,0.15128985017460853,16740,3113,1585,0.08676373987300197
POSTHOC_DESCRIPTIVE_NOT_PROMOTION_EVIDENCE,cell_pre_break_neg,RT-1203,RT-1208,7436,2842,1355,0.151854757368598,16740,3001,1581,0.08705947136563877
POSTHOC_DESCRIPTIVE_NOT_PROMOTION_EVIDENCE,cell_pre_break_neg,RT-1203,RT-1209,7436,2248,1064,0.1234338747099768,16740,3584,1884,0.10216919739696312
POSTHOC_DESCRIPTIVE_NOT_PROMOTION_EVIDENCE,cell_pre_break_neg,RT-1203,RT-1210,7436,2758,1347,0.15225500169549,16740,3294,1713,0.09349926314065826
POSTHOC_DESCRIPTIVE_NOT_PROMOTION_EVIDENCE,cell_pre_break_neg,RT-1203,RT-1211,7436,2799,1444,0.1642589011489023,16740,3703,2039,0.11079113236252988
POSTHOC_DESCRIPTIVE_NOT_PROMOTION_EVIDENCE,cell_pre_break_neg,RT-1203,RT-1212,7436,3387,1588,0.17195452084461288,16740,3026,1533,0.08407831953052158
POSTHOC_DESCRIPTIVE_NOT_PROMOTION_EVIDENCE,cell_pre_break_neg,RT-1203,RT-1213,7436,2741,1286,0.14464064784613653,16740,3474,1862,0.10146033129904097
POSTHOC_DESCRIPTIVE_NOT_PROMOTION_EVIDENCE,cell_pre_break_neg,RT-1203,RT-1214,7436,3239,1558,0.1708895470001097,16740,3031,1606,0.08841178089733003
POSTHOC_DESCRIPTIVE_NOT_PROMOTION_EVIDENCE,cell_pre_break_neg,RT-1203,RT-1215,7436,2979,1411,0.15670812972012438,16740,2650,1376,0.07638503386255135
POSTHOC_DESCRIPTIVE_NOT_PROMOTION_EVIDENCE,cell_pre_break_neg,RT-1203,RT-1216,7436,3270,1545,0.16864971073026963,16740,2901,1519,0.08382077033440018
POSTHOC_DESCRIPTIVE_NOT_PROMOTION_EVIDENCE,cell_pre_break_neg,RT-1203,RT-1217,7436,2963,1431,0.15956735057983942,16740,3162,1662,0.09111842105263158
POSTHOC_DESCRIPTIVE_NOT_PROMOTION_EVIDENCE,cell_pre_break_neg,RT-1203,RT-1218,7436,5665,2787,0.2702152414194299,16740,15517,8096,0.33508546831670877
POSTHOC_DESCRIPTIVE_NOT_PROMOTION_EVIDENCE,cell_pre_break_neg,RT-1204,RT-1205,2763,2575,1209,0.2928069750544926,2729,3308,1249,0.26086048454469507
POSTHOC_DESCRIPTIVE_NOT_PROMOTION_EVIDENCE,cell_pre_break_neg,RT-1204,RT-1206,2763,2771,1223,0.28369287868244025,2729,3261,1190,0.24791666666666667
POSTHOC_DESCRIPTIVE_NOT_PROMOTION_EVIDENCE,cell_pre_break_neg,RT-1204,RT-1207,2763,2784,1246,0.28970006975122065,2729,3113,1165,0.24909129784049605
POSTHOC_DESCRIPTIVE_NOT_PROMOTION_EVIDENCE,cell_pre_break_neg,RT-1204,RT-1208,2763,2842,1225,0.2796803652968037,2729,3001,1078,0.23172828890799657
POSTHOC_DESCRIPTIVE_NOT_PROMOTION_EVIDENCE,cell_pre_break_neg,RT-1204,RT-1209,2763,2248,1124,0.28916902495497815,2729,3584,1280,0.2543214782435923
POSTHOC_DESCRIPTIVE_NOT_PROMOTION_EVIDENCE,cell_pre_break_neg,RT-1204,RT-1210,2763,2758,1170,0.2689037002987819,2729,3294,1077,0.2177517185604529
POSTHOC_DESCRIPTIVE_NOT_PROMOTION_EVIDENCE,cell_pre_break_neg,RT-1204,RT-1211,2763,2799,1150,0.2606527651858567,2729,3703,1232,0.23692307692307693
POSTHOC_DESCRIPTIVE_NOT_PROMOTION_EVIDENCE,cell_pre_break_neg,RT-1204,RT-1212,2763,3387,1305,0.2693498452012384,2729,3026,1008,0.21234463871919107
POSTHOC_DESCRIPTIVE_NOT_PROMOTION_EVIDENCE,cell_pre_break_neg,RT-1204,RT-1213,2763,2741,1250,0.2938410907381288,2729,3474,1216,0.24383396831762583
POSTHOC_DESCRIPTIVE_NOT_PROMOTION_EVIDENCE,cell_pre_break_neg,RT-1204,RT-1214,2763,3239,1382,0.29913419913419914,2729,3031,1153,0.2502713262426742
POSTHOC_DESCRIPTIVE_NOT_PROMOTION_EVIDENCE,cell_pre_break_neg,RT-1204,RT-1215,2763,2979,1345,0.3058903798044121,2729,2650,1053,0.2434119278779473
POSTHOC_DESCRIPTIVE_NOT_PROMOTION_EVIDENCE,cell_pre_break_neg,RT-1204,RT-1216,2763,3270,1311,0.2776365946632783,2729,2901,1021,0.2215231069646344
POSTHOC_DESCRIPTIVE_NOT_PROMOTION_EVIDENCE,cell_pre_break_neg,RT-1204,RT-1217,2763,2963,1285,0.28934924566539066,2729,3162,1015,0.20816242821985234
POSTHOC_DESCRIPTIVE_NOT_PROMOTION_EVIDENCE,cell_pre_break_neg,RT-1204,RT-1218,2763,5665,1189,0.16424920569139384,2729,15517,1540,0.09218244941937029
POSTHOC_DESCRIPTIVE_NOT_PROMOTION_EVIDENCE,cell_pre_break_neg,RT-1205,RT-1206,2575,2771,1173,0.28109273903666426,3308,3261,1433,0.2790109034267913
POSTHOC_DESCRIPTIVE_NOT_PROMOTION_EVIDENCE,cell_pre_break_neg,RT-1205,RT-1207,2575,2784,1199,0.2882211538461538,3308,3113,1363,0.2694741004349545
POSTHOC_DESCRIPTIVE_NOT_PROMOTION_EVIDENCE,cell_pre_break_neg,RT-1205,RT-1208,2575,2842,1104,0.2559703222814746,3308,3001,1281,0.25477326968973746
POSTHOC_DESCRIPTIVE_NOT_PROMOTION_EVIDENCE,cell_pre_break_neg,RT-1205,RT-1209,2575,2248,998,0.26091503267973853,3308,3584,1519,0.28270984552391587
POSTHOC_DESCRIPTIVE_NOT_PROMOTION_EVIDENCE,cell_pre_break_neg,RT-1205,RT-1210,2575,2758,1210,0.29347562454523407,3308,3294,1444,0.27995347033734
POSTHOC_DESCRIPTIVE_NOT_PROMOTION_EVIDENCE,cell_pre_break_neg,RT-1205,RT-1211,2575,2799,1227,0.2958765372558476,3308,3703,1594,0.29425881484216354
POSTHOC_DESCRIPTIVE_NOT_PROMOTION_EVIDENCE,cell_pre_break_neg,RT-1205,RT-1212,2575,3387,1137,0.23564766839378237,3308,3026,1145,0.22065908652919639
POSTHOC_DESCRIPTIVE_NOT_PROMOTION_EVIDENCE,cell_pre_break_neg,RT-1205,RT-1213,2575,2741,1155,0.277577505407354,3308,3474,1399,0.2598922533903028
POSTHOC_DESCRIPTIVE_NOT_PROMOTION_EVIDENCE,cell_pre_break_neg,RT-1205,RT-1214,2575,3239,1519,0.35366705471478466,3308,3031,1504,0.3110651499482937
POSTHOC_DESCRIPTIVE_NOT_PROMOTION_EVIDENCE,cell_pre_break_neg,RT-1205,RT-1215,2575,2979,1522,0.3774801587301587,3308,2650,1488,0.33288590604026846
POSTHOC_DESCRIPTIVE_NOT_PROMOTION_EVIDENCE,cell_pre_break_neg,RT-1205,RT-1216,2575,3270,1207,0.2602414833980164,3308,2901,1209,0.2418
POSTHOC_DESCRIPTIVE_NOT_PROMOTION_EVIDENCE,cell_pre_break_neg,RT-1205,RT-1217,2575,2963,1156,0.2638064810588772,3308,3162,1277,0.24590795301367224
POSTHOC_DESCRIPTIVE_NOT_PROMOTION_EVIDENCE,cell_pre_break_neg,RT-1205,RT-1218,2575,5665,963,0.1323347533324172,3308,15517,1695,0.0989492119089317
POSTHOC_DESCRIPTIVE_NOT_PROMOTION_EVIDENCE,cell_pre_break_neg,RT-1206,RT-1207,2771,2784,1241,0.28766805748725083,3261,3113,1356,0.2702271821442806
POSTHOC_DESCRIPTIVE_NOT_PROMOTION_EVIDENCE,cell_pre_break_neg,RT-1206,RT-1208,2771,2842,1294,0.2996063903681408,3261,3001,1389,0.28504001641699156
POSTHOC_DESCRIPTIVE_NOT_PROMOTION_EVIDENCE,cell_pre_break_neg,RT-1206,RT-1209,2771,2248,1051,0.26486895161290325,3261,3584,1433,0.2647819660014782
POSTHOC_DESCRIPTIVE_NOT_PROMOTION_EVIDENCE,cell_pre_break_neg,RT-1206,RT-1210,2771,2758,1179,0.2710344827586207,3261,3294,1317,0.25143184421534936
POSTHOC_DESCRIPTIVE_NOT_PROMOTION_EVIDENCE,cell_pre_break_neg,RT-1206,RT-1211,2771,2799,1141,0.2576202303002935,3261,3703,1487,0.27149899580062076
POSTHOC_DESCRIPTIVE_NOT_PROMOTION_EVIDENCE,cell_pre_break_neg,RT-1206,RT-1212,2771,3387,1359,0.2831839966659721,3261,3026,1221,0.24101855507303593
POSTHOC_DESCRIPTIVE_NOT_PROMOTION_EVIDENCE,cell_pre_break_neg,RT-1206,RT-1213,2771,2741,1212,0.28186046511627905,3261,3474,1346,0.2497680460196697
POSTHOC_DESCRIPTIVE_NOT_PROMOTION_EVIDENCE,cell_pre_break_neg,RT-1206,RT-1214,2771,3239,1358,0.29191745485812554,3261,3031,1247,0.24717542120911795
POSTHOC_DESCRIPTIVE_NOT_PROMOTION_EVIDENCE,cell_pre_break_neg,RT-1206,RT-1215,2771,2979,1262,0.28119429590017825,3261,2650,1143,0.23972315436241612
POSTHOC_DESCRIPTIVE_NOT_PROMOTION_EVIDENCE,cell_pre_break_neg,RT-1206,RT-1216,2771,3270,1290,0.27152178488739215,3261,2901,1220,0.24686361796843384
POSTHOC_DESCRIPTIVE_NOT_PROMOTION_EVIDENCE,cell_pre_break_neg,RT-1206,RT-1217,2771,2963,1295,0.291732372155891,3261,3162,1357,0.26786419265692857
POSTHOC_DESCRIPTIVE_NOT_PROMOTION_EVIDENCE,cell_pre_break_neg,RT-1206,RT-1218,2771,5665,1119,0.15293152931529316,3261,15517,1824,0.10758523062404153
POSTHOC_DESCRIPTIVE_NOT_PROMOTION_EVIDENCE,cell_pre_break_neg,RT-1207,RT-1208,2784,2842,1214,0.2751586582048957,3113,3001,1243,0.2551837405050298
POSTHOC_DESCRIPTIVE_NOT_PROMOTION_EVIDENCE,cell_pre_break_neg,RT-1207,RT-1209,2784,2248,1146,0.29490478641276374,3113,3584,1520,0.29360633571566547
POSTHOC_DESCRIPTIVE_NOT_PROMOTION_EVIDENCE,cell_pre_break_neg,RT-1207,RT-1210,2784,2758,1216,0.2810910772075821,3113,3294,1326,0.2609722495571738
POSTHOC_DESCRIPTIVE_NOT_PROMOTION_EVIDENCE,cell_pre_break_neg,RT-1207,RT-1211,2784,2799,1217,0.2787448465414567,3113,3703,1462,0.2730668658946582
POSTHOC_DESCRIPTIVE_NOT_PROMOTION_EVIDENCE,cell_pre_break_neg,RT-1207,RT-1212,2784,3387,1351,0.2802904564315353,3113,3026,1199,0.24271255060728744
POSTHOC_DESCRIPTIVE_NOT_PROMOTION_EVIDENCE,cell_pre_break_neg,RT-1207,RT-1213,2784,2741,1247,0.2914913510986442,3113,3474,1324,0.25156754702641076
POSTHOC_DESCRIPTIVE_NOT_PROMOTION_EVIDENCE,cell_pre_break_neg,RT-1207,RT-1214,2784,3239,1290,0.2725544052398056,3113,3031,1262,0.2585006145022532
POSTHOC_DESCRIPTIVE_NOT_PROMOTION_EVIDENCE,cell_pre_break_neg,RT-1207,RT-1215,2784,2979,1372,0.3124572990207242,3113,2650,1222,0.26910372164721424
POSTHOC_DESCRIPTIVE_NOT_PROMOTION_EVIDENCE,cell_pre_break_neg,RT-1207,RT-1216,2784,3270,1462,0.31837979094076657,3113,2901,1229,0.2568443051201672
POSTHOC_DESCRIPTIVE_NOT_PROMOTION_EVIDENCE,cell_pre_break_neg,RT-1207,RT-1217,2784,2963,1363,0.31090328467153283,3113,3162,1357,0.2759251728344856
POSTHOC_DESCRIPTIVE_NOT_PROMOTION_EVIDENCE,cell_pre_break_neg,RT-1207,RT-1218,2784,5665,1212,0.16747270968633413,3113,15517,1728,0.10223642172523961
POSTHOC_DESCRIPTIVE_NOT_PROMOTION_EVIDENCE,cell_pre_break_neg,RT-1208,RT-1209,2842,2248,1074,0.26743027888446214,3001,3584,1333,0.2538080731150038
POSTHOC_DESCRIPTIVE_NOT_PROMOTION_EVIDENCE,cell_pre_break_neg,RT-1208,RT-1210,2842,2758,1223,0.2794151245145077,3001,3294,1286,0.25673787183070473
POSTHOC_DESCRIPTIVE_NOT_PROMOTION_EVIDENCE,cell_pre_break_neg,RT-1208,RT-1211,2842,2799,1132,0.2510534486582391,3001,3703,1336,0.2488822652757079
POSTHOC_DESCRIPTIVE_NOT_PROMOTION_EVIDENCE,cell_pre_break_neg,RT-1208,RT-1212,2842,3387,1357,0.2785303776683087,3001,3026,1094,0.22177174133387392
POSTHOC_DESCRIPTIVE_NOT_PROMOTION_EVIDENCE,cell_pre_break_neg,RT-1208,RT-1213,2842,2741,1134,0.25488873904248144,3001,3474,1250,0.23923444976076555
POSTHOC_DESCRIPTIVE_NOT_PROMOTION_EVIDENCE,cell_pre_break_neg,RT-1208,RT-1214,2842,3239,1227,0.2527812113720643,3001,3031,1186,0.24473792818819645
POSTHOC_DESCRIPTIVE_NOT_PROMOTION_EVIDENCE,cell_pre_break_neg,RT-1208,RT-1215,2842,2979,1259,0.2759754493643139,3001,2650,1057,0.23008271658685242
POSTHOC_DESCRIPTIVE_NOT_PROMOTION_EVIDENCE,cell_pre_break_neg,RT-1208,RT-1216,2842,3270,1351,0.28376391514387733,3001,2901,1191,0.25281256633411164
POSTHOC_DESCRIPTIVE_NOT_PROMOTION_EVIDENCE,cell_pre_break_neg,RT-1208,RT-1217,2842,2963,1343,0.3009861048857015,3001,3162,1290,0.26472398932895547
POSTHOC_DESCRIPTIVE_NOT_PROMOTION_EVIDENCE,cell_pre_break_neg,RT-1208,RT-1218,2842,5665,1155,0.1571001088139282,3001,15517,1600,0.09457382669346258
POSTHOC_DESCRIPTIVE_NOT_PROMOTION_EVIDENCE,cell_pre_break_neg,RT-1209,RT-1210,2248,2758,1000,0.24962556165751373,3584,3294,1389,0.2530515576607761
POSTHOC_DESCRIPTIVE_NOT_PROMOTION_EVIDENCE,cell_pre_break_neg,RT-1209,RT-1211,2248,2799,1004,0.24833044768736087,3584,3703,1546,0.26929106427451666
POSTHOC_DESCRIPTIVE_NOT_PROMOTION_EVIDENCE,cell_pre_break_neg,RT-1209,RT-1212,2248,3387,1115,0.24668141592920353,3584,3026,1291,0.2427147960142884
POSTHOC_DESCRIPTIVE_NOT_PROMOTION_EVIDENCE,cell_pre_break_neg,RT-1209,RT-1213,2248,2741,1107,0.28516228748068007,3584,3474,1539,0.2788548650117775
POSTHOC_DESCRIPTIVE_NOT_PROMOTION_EVIDENCE,cell_pre_break_neg,RT-1209,RT-1214,2248,3239,1138,0.2616693492756956,3584,3031,1393,0.2667560321715818
POSTHOC_DESCRIPTIVE_NOT_PROMOTION_EVIDENCE,cell_pre_break_neg,RT-1209,RT-1215,2248,2979,1178,0.29093603358854037,3584,2650,1318,0.2681041497152156
POSTHOC_DESCRIPTIVE_NOT_PROMOTION_EVIDENCE,cell_pre_break_neg,RT-1209,RT-1216,2248,3270,1089,0.24587943102280424,3584,2901,1196,0.2261297031574967
POSTHOC_DESCRIPTIVE_NOT_PROMOTION_EVIDENCE,cell_pre_break_neg,RT-1209,RT-1217,2248,2963,1096,0.26634264884568654,3584,3162,1419,0.26637882485451475
POSTHOC_DESCRIPTIVE_NOT_PROMOTION_EVIDENCE,cell_pre_break_neg,RT-1209,RT-1218,2248,5665,940,0.13480567904775562,3584,15517,2111,0.12424955856386109
POSTHOC_DESCRIPTIVE_NOT_PROMOTION_EVIDENCE,cell_pre_break_neg,RT-1210,RT-1211,2758,2799,1333,0.3155776515151515,3294,3703,1678,0.3154728332393307
POSTHOC_DESCRIPTIVE_NOT_PROMOTION_EVIDENCE,cell_pre_break_neg,RT-1210,RT-1212,2758,3387,1282,0.2636232778120502,3294,3026,1215,0.23800195886385897
POSTHOC_DESCRIPTIVE_NOT_PROMOTION_EVIDENCE,cell_pre_break_neg,RT-1210,RT-1213,2758,2741,1164,0.2685121107266436,3294,3474,1280,0.23323615160349853
POSTHOC_DESCRIPTIVE_NOT_PROMOTION_EVIDENCE,cell_pre_break_neg,RT-1210,RT-1214,2758,3239,1352,0.29106566200215284,3294,3031,1309,0.26096491228070173
POSTHOC_DESCRIPTIVE_NOT_PROMOTION_EVIDENCE,cell_pre_break_neg,RT-1210,RT-1215,2758,2979,1277,0.28632286995515693,3294,2650,1232,0.2614601018675722
POSTHOC_DESCRIPTIVE_NOT_PROMOTION_EVIDENCE,cell_pre_break_neg,RT-1210,RT-1216,2758,3270,1300,0.2749576988155668,3294,2901,1221,0.24547647768395658
POSTHOC_DESCRIPTIVE_NOT_PROMOTION_EVIDENCE,cell_pre_break_neg,RT-1210,RT-1217,2758,2963,1280,0.28822337311416346,3294,3162,1358,0.2663789721459396
POSTHOC_DESCRIPTIVE_NOT_PROMOTION_EVIDENCE,cell_pre_break_neg,RT-1210,RT-1218,2758,5665,1046,0.14179205639148706,3294,15517,1655,0.09646770809046398
POSTHOC_DESCRIPTIVE_NOT_PROMOTION_EVIDENCE,cell_pre_break_neg,RT-1211,RT-1212,2799,3387,1254,0.2542579075425791,3703,3026,1252,0.2285922950520358
POSTHOC_DESCRIPTIVE_NOT_PROMOTION_EVIDENCE,cell_pre_break_neg,RT-1211,RT-1213,2799,2741,1190,0.2735632183908046,3703,3474,1425,0.24773991655076494
POSTHOC_DESCRIPTIVE_NOT_PROMOTION_EVIDENCE,cell_pre_break_neg,RT-1211,RT-1214,2799,3239,1342,0.28577512776831343,3703,3031,1431,0.2698472562700358
POSTHOC_DESCRIPTIVE_NOT_PROMOTION_EVIDENCE,cell_pre_break_neg,RT-1211,RT-1215,2799,2979,1360,0.30783159800814847,3703,2650,1308,0.2592666005946482
POSTHOC_DESCRIPTIVE_NOT_PROMOTION_EVIDENCE,cell_pre_break_neg,RT-1211,RT-1216,2799,3270,1343,0.2841726618705036,3703,2901,1317,0.2491015698884055
POSTHOC_DESCRIPTIVE_NOT_PROMOTION_EVIDENCE,cell_pre_break_neg,RT-1211,RT-1217,2799,2963,1230,0.27140335392762577,3703,3162,1409,0.25824780058651026
POSTHOC_DESCRIPTIVE_NOT_PROMOTION_EVIDENCE,cell_pre_break_neg,RT-1211,RT-1218,2799,5665,1049,0.14146999325691167,3703,15517,1981,0.11491385811241951
POSTHOC_DESCRIPTIVE_NOT_PROMOTION_EVIDENCE,cell_pre_break_neg,RT-1212,RT-1213,3387,2741,1305,0.27057847812564795,3026,3474,1306,0.25144397381594147
POSTHOC_DESCRIPTIVE_NOT_PROMOTION_EVIDENCE,cell_pre_break_neg,RT-1212,RT-1214,3387,3239,1356,0.2573055028462998,3026,3031,1105,0.2231421647819063
POSTHOC_DESCRIPTIVE_NOT_PROMOTION_EVIDENCE,cell_pre_break_neg,RT-1212,RT-1215,3387,2979,1388,0.27882683808758535,3026,2650,1054,0.22803980960623108
POSTHOC_DESCRIPTIVE_NOT_PROMOTION_EVIDENCE,cell_pre_break_neg,RT-1212,RT-1216,3387,3270,1482,0.2863768115942029,3026,2901,1024,0.20885172343463185
POSTHOC_DESCRIPTIVE_NOT_PROMOTION_EVIDENCE,cell_pre_break_neg,RT-1212,RT-1217,3387,2963,1419,0.28777124315554653,3026,3162,1162,0.23119777158774374
POSTHOC_DESCRIPTIVE_NOT_PROMOTION_EVIDENCE,cell_pre_break_neg,RT-1212,RT-1218,3387,5665,1238,0.15843358075249553,3026,15517,1570,0.09249985270724091
POSTHOC_DESCRIPTIVE_NOT_PROMOTION_EVIDENCE,cell_pre_break_neg,RT-1213,RT-1214,2741,3239,1417,0.31054131054131057,3474,3031,1385,0.2705078125
POSTHOC_DESCRIPTIVE_NOT_PROMOTION_EVIDENCE,cell_pre_break_neg,RT-1213,RT-1215,2741,2979,1341,0.30623430006850877,3474,2650,1253,0.2572367070416752
POSTHOC_DESCRIPTIVE_NOT_PROMOTION_EVIDENCE,cell_pre_break_neg,RT-1213,RT-1216,2741,3270,1273,0.2686787674124103,3474,2901,1155,0.22126436781609196
POSTHOC_DESCRIPTIVE_NOT_PROMOTION_EVIDENCE,cell_pre_break_neg,RT-1213,RT-1217,2741,2963,1293,0.2931308093402856,3474,3162,1326,0.2497175141242938
POSTHOC_DESCRIPTIVE_NOT_PROMOTION_EVIDENCE,cell_pre_break_neg,RT-1213,RT-1218,2741,5665,1088,0.1486745012298442,3474,15517,1894,0.11077966894776861
POSTHOC_DESCRIPTIVE_NOT_PROMOTION_EVIDENCE,cell_pre_break_neg,RT-1214,RT-1215,3239,2979,1650,0.36120840630472856,3031,2650,1311,0.3
POSTHOC_DESCRIPTIVE_NOT_PROMOTION_EVIDENCE,cell_pre_break_neg,RT-1214,RT-1216,3239,3270,1370,0.26658883051177273,3031,2901,1149,0.24022579970729668
POSTHOC_DESCRIPTIVE_NOT_PROMOTION_EVIDENCE,cell_pre_break_neg,RT-1214,RT-1217,3239,2963,1418,0.2964046822742475,3031,3162,1287,0.2623318385650224
POSTHOC_DESCRIPTIVE_NOT_PROMOTION_EVIDENCE,cell_pre_break_neg,RT-1214,RT-1218,3239,5665,1101,0.14109957708573626,3031,15517,1560,0.09182952672474688
POSTHOC_DESCRIPTIVE_NOT_PROMOTION_EVIDENCE,cell_pre_break_neg,RT-1215,RT-1216,2979,3270,1422,0.29459291485394656,2650,2901,1021,0.22538631346578367
POSTHOC_DESCRIPTIVE_NOT_PROMOTION_EVIDENCE,cell_pre_break_neg,RT-1215,RT-1217,2979,2963,1392,0.3059340659340659,2650,3162,1162,0.24989247311827956
POSTHOC_DESCRIPTIVE_NOT_PROMOTION_EVIDENCE,cell_pre_break_neg,RT-1215,RT-1218,2979,5665,1142,0.1522260730471874,2650,15517,1361,0.08098298226823754
POSTHOC_DESCRIPTIVE_NOT_PROMOTION_EVIDENCE,cell_pre_break_neg,RT-1216,RT-1217,3270,2963,1610,0.3482587064676617,2901,3162,1338,0.2831746031746032
POSTHOC_DESCRIPTIVE_NOT_PROMOTION_EVIDENCE,cell_pre_break_neg,RT-1216,RT-1218,3270,5665,1250,0.16265452179570591,2901,15517,1506,0.0890491958372753
POSTHOC_DESCRIPTIVE_NOT_PROMOTION_EVIDENCE,cell_pre_break_neg,RT-1217,RT-1218,2963,5665,1115,0.14840942366564622,3162,15517,1726,0.1018108889282133
