experiment_id,pilot,family,mechanism,candidate_or_control,mode,feature_count,model_type,standalone_whole_auc,dominant_cell_auc,mature_vs_never_auc,mature_vs_prebreak_auc,within_t_rank_corr_rt600,E0,E1,E2,gain_vs_rt600,marginal_vs_clone,candidate_vs_matched_control_marginal,whole_pair_repairs,whole_pair_damage,whole_pair_net,dominant_pair_repairs,dominant_pair_damage,dominant_pair_net,neverbreak_repairs,neverbreak_damage,neverbreak_net,prebreak_repairs,prebreak_damage,prebreak_net,training_runtime_s,primary_gate,secondary_gate,verdict,failure_mode,notes,source_report
PILOT-1,Pilot 1,specialist/error-manifold diagnostic,failure manifolds and specialist routing headroom,diagnostic,diagnostic_only,,,,,,,,,,,,,,,,,,,,,,,,,,,routing/fingerprint headroom,specialist pair-flow decomposition,WEAK_DIAGNOSTIC_NO_PROMOTION,D. NARROW COVERAGE; F. INTEGRATION FAILURE,verdict=WEAK; selector_delta=-0.02355858608009953; disagreement_loss_spearman=0.18756755236007572; specialist_pair_flow_all_net_negative=True; POSTHOC_DESCRIPTIVE_NOT_PROMOTION_EVIDENCE,pilot01_failure_manifolds.json
RT-1200,Pilot 2,score-state relay,relay score-state transform of RT600 evidence,candidate,score_transform,1,relay_state_score,0.6196105599887116,0.6582295961436627,0.6558591182202723,0.6648441355984896,0.7745811809431761,0.6382763032336511,0.6385863723277498,0.6383797389829954,0.00010343574934423838,-0.00020663334475445883,,1443,2361,-918,1158,1476,-318,1131,1481,-350,923,1243,-320,99.6,marginal_vs_clone >= +0.0010,positive dominant-cell pair flow,KILLED,B. REDUNDANT SIGNAL; C. WRONG PAIR FLOW; F. INTEGRATION FAILURE,"PRE-CLEANUP / PROVISIONAL. KILL: E0 RT600=0.638276, E1 RT600+RT-401=0.638586, E2 RT600+RT-1200=0.638380, marginal_vs_clone=-0.000207, gain_vs_base=+0.000103. Dominant-cell candidate AUC=0.658230 vs RT600=0.677711; within-t rho=0.7746; dominant net pair lift=-318. See research/reports/new_avenues_2026/pilot02_relay_logic.{md,json}.; POSTHOC_DESCRIPTIVE_NOT_PROMOTION_EVIDENCE",pilot02_relay_logic.json
RT-1201,Pilot 3,IM2/dwell,matched-length run null plus excursion dwell bank,candidate,direct_score,9,direct_score,0.5835784083869228,0.6101579099132464,0.613459422882462,0.6009454268185858,0.38170592359325234,0.6382763032336511,0.6385863723277498,0.6388878422328821,0.0006115389992309428,0.0003014699051322456,,2797,4244,-1447,2021,3172,-1151,2053,3107,-1054,1598,2840,-1242,254.4,marginal_vs_clone >= +0.0010,dominant-cell repair without broad damage,KILLED,A. WEAK RAW SIGNAL; C. WRONG PAIR FLOW; D. NARROW COVERAGE,"PRE-CLEANUP / PROVISIONAL. KILL: E0 RT600=0.638276, E1 RT600+RT-401=0.638586, E2 RT600+RT-1201=0.638888, marginal_vs_clone=+0.000301, gain_vs_base=+0.000612. Dominant-cell candidate AUC=0.610158 vs RT600=0.677711; mature-vs-never=0.613459; within-t rho=0.3817; dominant net pair lift=-1151. See research/reports/new_avenues_2026/pilot03_im2_dwell.{md,json}.; POSTHOC_DESCRIPTIVE_NOT_PROMOTION_EVIDENCE",pilot03_im2_dwell.json
RT-1202,Pilot 4,trajectory geometry,real path-geometry summaries,candidate,direct_score,4,direct_score,0.4993241154717414,0.5003078121537549,0.5014101310507508,0.4972319211007167,0.003912508286385561,0.6382763032336511,0.6385863723277498,0.6359995149866899,-0.0022767882469612033,-0.0025868573410599005,0.00045477142432415185,3287,6546,-3259,2460,5434,-2974,2521,5393,-2872,1998,4614,-2616,328.3,marginal_vs_clone >= +0.0010 and beat shuffled control,standalone same-t signal,KILLED,A. NO RAW SIGNAL; C. WRONG PAIR FLOW; I. REPRESENTATION FAILURE,PRE-CLEANUP / PROVISIONAL. KILL: E0 RT600=0.638276 E1 RT600+RT-401=0.638586 E2 RT600+RT-1202=0.636000 marginal_vs_clone=-0.002587 gain_vs_base=-0.002277. Standalone whole-fold=0.499324 dominant=0.500308 mature-vs-never=0.501410 within-t rho=0.0039 dominant net pair lift=-2974. Shuffled control RT-1203 marginal_vs_clone=-0.003042 real-control gap=+0.000455. See research/reports/new_avenues_2026/pilot04_trajectory_geometry.md and .json.; POSTHOC_DESCRIPTIVE_NOT_PROMOTION_EVIDENCE,pilot04_trajectory_geometry.json
RT-1203,Pilot 4,trajectory geometry,shuffled trajectory-geometry control,control,matched_control,4,direct_score_control,0.49382375251781835,0.4896501628018786,0.486356248528824,0.4988414426298617,0.007449944711364755,0.6382763032336511,0.6385863723277498,0.6355447435623658,-0.002731559671285355,-0.0030416287653840524,-0.00045477142432415185,3285,6471,-3186,2357,5487,-3130,2408,5522,-3114,2020,4572,-2552,328.3,control should not match candidate,negative control sanity check,CONTROL_NEGATIVE,A. NO RAW SIGNAL; C. WRONG PAIR FLOW,PRE-CLEANUP / PROVISIONAL. CONTROL/KILL: E2 RT600+RT-1203=0.635545 marginal_vs_clone=-0.003042 gain_vs_base=-0.002732. Standalone whole-fold=0.493824 dominant=0.489650 mature-vs-never=0.486356 within-t rho=0.0074 dominant net pair lift=-3130. Used only as shuffled-order control for RT-1202. See research/reports/new_avenues_2026/pilot04_trajectory_geometry.md and .json.; POSTHOC_DESCRIPTIVE_NOT_PROMOTION_EVIDENCE,pilot04_trajectory_geometry.json
RT-1204,Pilot 5,scale survival,dyadic cross-scale survival summaries,candidate,feature_block,505,lgbm,0.6294443792513317,0.6702178499122973,0.6660915548201617,0.6817317903796917,0.8859803485661977,0.6382763032336511,0.6385863723277498,0.6383504240656881,7.412083203695019e-05,-0.00023594826206174702,0.00047056286209390397,1229,1487,-258,874,1005,-131,824,1022,-198,846,751,95,476.0,marginal_vs_clone >= +0.0010,candidate-control gap >= +0.0005,KILLED,B. REDUNDANT SIGNAL; C. WRONG PAIR FLOW; E. CONTROL FAILURE,Pilot 5 summary arm. Fold-0 screen only; folds 1-4 generated only as fold-pure SCDF calibration support.; POSTHOC_DESCRIPTIVE_NOT_PROMOTION_EVIDENCE,pilot05_scale_survival.json
RT-1205,Pilot 5,scale survival,individual-scale surprise control,control,matched_control,506,lgbm,0.6252377490721925,0.6643875733921781,0.6629211082195573,0.6684795717388899,0.8870224736247405,0.6382763032336511,0.6385863723277498,0.6378798612035942,-0.0003964420300569538,-0.000706511124155651,-0.00047056286209390397,1242,1475,-233,871,1046,-175,818,1020,-202,687,920,-233,475.5,control should trail summary arm,negative control sanity check,CONTROL_MATCHED,B. REDUNDANT SIGNAL; C. WRONG PAIR FLOW,Pilot 5 individual-scale control. Fold-0 screen only; folds 1-4 generated only as fold-pure SCDF calibration support.; POSTHOC_DESCRIPTIVE_NOT_PROMOTION_EVIDENCE,pilot05_scale_survival.json
RT-1206,Pilot 6,spectral impulse,localized spectral impulse contrast,candidate,feature_block,508,lgbm,0.62763628527406,0.6675776107908251,0.6647951654767386,0.6753416967286521,0.8808904284254538,0.6382763032336511,0.6385863723277498,0.6382333549196059,-4.294831404527688e-05,-0.0003530174081439741,-0.0005417598966039883,1247,1541,-294,892,1141,-249,849,1154,-305,747,944,-197,486.2,marginal_vs_clone >= +0.0010,beat plain-energy control,KILLED,B. REDUNDANT SIGNAL; C. WRONG PAIR FLOW; E. CONTROL FAILURE,Pilot 6 spectral impulsiveness contrast arm. Fold-0 screen only; folds 1-4 generated only as fold-pure SCDF calibration support.; POSTHOC_DESCRIPTIVE_NOT_PROMOTION_EVIDENCE,pilot06_spectral_impulse.json
RT-1207,Pilot 6,spectral impulse,plain spectral-energy control,control,matched_control,504,lgbm,0.6310837576540292,0.6745712564601588,0.6733109893630214,0.6780878833628521,0.8851397306660036,0.6382763032336511,0.6385863723277498,0.6387751148162099,0.0004988115825587114,0.00018874248846001418,0.0005417598966039883,1280,1428,-148,942,962,-20,898,941,-43,778,911,-133,472.8,control should trail contrast arm,negative control sanity check,CONTROL_BEAT_CANDIDATE,B. REDUNDANT SIGNAL; F. INTEGRATION FAILURE,Pilot 6 plain band-energy control. Fold-0 screen only; folds 1-4 generated only as fold-pure SCDF calibration support.; POSTHOC_DESCRIPTIVE_NOT_PROMOTION_EVIDENCE,pilot06_spectral_impulse.json
RT-1208,Pilot 7,ordinal irreversibility,ordinal transition irreversibility,candidate,feature_block,508,lgbm,0.6291410480816085,0.6682682544245729,0.6645700968556962,0.6785875275585388,0.8780245832948086,0.6382763032336511,0.6385863723277498,0.6385505979429743,0.000274294709323164,-3.5774384775533186e-05,0.0004719551466303429,1320,1492,-172,925,1000,-75,923,1054,-131,751,882,-131,507.3,marginal_vs_clone >= +0.0010,candidate-control gap >= +0.0005,KILLED,B. REDUNDANT SIGNAL; C. WRONG PAIR FLOW; E. CONTROL FAILURE,Pilot 7 ordinal transition/asymmetry arm. Fold-0 screen only; folds 1-4 generated only as fold-pure SCDF calibration support.; POSTHOC_DESCRIPTIVE_NOT_PROMOTION_EVIDENCE,pilot07_ordinal_irreversibility.json
RT-1209,Pilot 7,ordinal irreversibility,ordinal entropy control,control,matched_control,504,lgbm,0.6268359927946491,0.6630770099251316,0.6634001835597972,0.6621752319603748,0.885033645135209,0.6382763032336511,0.6385863723277498,0.638078642796344,-0.00019766043730717886,-0.0005077295314058761,-0.0004719551466303429,1270,1496,-226,863,1139,-276,826,1057,-231,636,1017,-381,498.1,control should trail irreversibility arm,negative control sanity check,CONTROL_CLOSE,B. REDUNDANT SIGNAL; C. WRONG PAIR FLOW,Pilot 7 permutation-entropy-only control. Fold-0 screen only; folds 1-4 generated only as fold-pure SCDF calibration support.; POSTHOC_DESCRIPTIVE_NOT_PROMOTION_EVIDENCE,pilot07_ordinal_irreversibility.json
RT-1210,Pilot 10,joint rarity,joint rarity of large residuals and dwell,candidate,feature_block,506,lgbm,0.6261209264484071,0.6637581264890128,0.6595926059847496,0.6753815208490547,0.877884680428554,0.6382763032336511,0.6385863723277498,0.6380648298681789,-0.00021147336547222562,-0.0005215424595709228,-0.00028485775226738674,1260,1494,-234,902,1139,-237,854,1188,-334,737,949,-212,501.0,marginal_vs_clone >= +0.0010,beat dwell-only control,KILLED,B. REDUNDANT SIGNAL; C. WRONG PAIR FLOW; E. CONTROL FAILURE,Pilot 10 joint size-duration rarity arm. Fold-0 screen only; folds 1-4 generated only as fold-pure SCDF calibration support.; POSTHOC_DESCRIPTIVE_NOT_PROMOTION_EVIDENCE,pilot10_joint_rarity.json
RT-1211,Pilot 10,joint rarity,dwell-only control,control,matched_control,506,lgbm,0.6271413610964836,0.6646541789733722,0.6625307790086742,0.6705792764848415,0.870366809017101,0.6382763032336511,0.6385863723277498,0.6383496876204463,7.338438679516113e-05,-0.00023668470730353608,0.00028485775226738674,1325,1639,-314,941,1146,-205,926,1131,-205,799,1052,-253,489.3,control should trail joint-rarity arm,negative control sanity check,CONTROL_BEAT_CANDIDATE,B. REDUNDANT SIGNAL; C. WRONG PAIR FLOW,Pilot 10 dwell-only rarity control. Fold-0 screen only; folds 1-4 generated only as fold-pure SCDF calibration support.; POSTHOC_DESCRIPTIVE_NOT_PROMOTION_EVIDENCE,pilot10_joint_rarity.json
RT-1212,Pilot 9,scalar difficulty,real scalar difficulty gate,candidate,scalar_gate,501,lgbm,0.6291334564669777,0.6666351637255618,0.6638175683154477,0.6744973318664416,0.8628542793676871,0.6382763032336511,0.6385863723277498,0.6387501086531524,0.00047380541950126087,0.00016373632540256366,-0.00010529335002851248,1365,1522,-157,983,1054,-71,939,1115,-176,890,912,-22,491.3,marginal_vs_clone >= +0.0010,beat deranged scalar control,KILLED,B. REDUNDANT SIGNAL; E. CONTROL FAILURE; F. INTEGRATION FAILURE,Pilot 9(i) nested scalar difficulty arm. Fold-0 screen only; folds 1-4 generated only as fold-pure SCDF calibration support.; POSTHOC_DESCRIPTIVE_NOT_PROMOTION_EVIDENCE,pilot09_difficulty_gate.json
RT-1213,Pilot 9,scalar difficulty,deranged scalar control,control,matched_control,501,lgbm,0.6302454997736512,0.6669124645854941,0.664873868035925,0.6726009281550316,0.8711705964092913,0.6382763032336511,0.6385863723277498,0.6388554020031809,0.0005790987695297733,0.00026902967543107614,0.00010529335002851248,1302,1608,-306,902,1128,-226,862,1131,-269,786,974,-188,491.0,control should trail real scalar,negative control sanity check,CONTROL_BEAT_CANDIDATE,B. REDUNDANT SIGNAL; E. CONTROL FAILURE,Pilot 9(i) within-fold deranged scalar control. Fold-0 screen only; folds 1-4 generated only as fold-pure SCDF calibration support.; POSTHOC_DESCRIPTIVE_NOT_PROMOTION_EVIDENCE,pilot09_difficulty_gate.json
RT-1214,Pilot 3B,state observers,Kalman/NIS observer block,candidate,feature_block,506,lgbm,0.630816523292869,0.6700672598071861,0.667935767199545,0.6760149388856518,0.8835752943554889,0.6382763032336511,0.6385863723277498,0.6387218562687809,0.0004455530351297199,0.00013548394103102268,,1280,1475,-195,927,1025,-98,898,1056,-158,884,834,50,497.9,marginal_vs_clone >= +0.0010,dominant-cell pair flow,KILLED,B. REDUNDANT SIGNAL; C. WRONG PAIR FLOW; F. INTEGRATION FAILURE,Pilot 3 frozen AR(2)-state Kalman/NIS observer arm. Fold-0 screen only; folds 1-4 generated only as fold-pure SCDF calibration support.; POSTHOC_DESCRIPTIVE_NOT_PROMOTION_EVIDENCE,pilot03_observers.json
RT-1215,Pilot 3B,state observers,Hankel-DMD observer block,candidate,feature_block,506,lgbm,0.6313312252386775,0.6732376553336862,0.6699223735516979,0.6824885586787237,0.8858580997826474,0.6382763032336511,0.6385863723277498,0.6388123694192821,0.0005360661856309568,0.00022599709153225955,,1308,1437,-129,920,931,-11,853,983,-130,839,790,49,498.2,marginal_vs_clone >= +0.0010,within-t rho <= 0.85 redundancy gate,KILLED,B. REDUNDANT SIGNAL; F. INTEGRATION FAILURE,Pilot 3 frozen Hankel-DMD observer arm. Fold-0 screen only; folds 1-4 generated only as fold-pure SCDF calibration support.; POSTHOC_DESCRIPTIVE_NOT_PROMOTION_EVIDENCE,pilot03_observers.json
RT-1216,Pilot 8,weighted CTM,tail-weighted conformal test martingale,candidate,feature_block,508,lgbm,0.6342791898938198,0.6739864917323464,0.6702901614034252,0.6843006661684251,0.8652758676630837,0.6382763032336511,0.6385863723277498,0.6395229401520337,0.0012466369183825599,0.0009365678242838626,0.0007241308513561417,1450,1517,-67,992,1027,-35,928,1079,-151,898,843,55,499.5,marginal_vs_clone >= +0.0010,beat unweighted CTM on mature-vs-never,KILLED_CLOSE_MISS,B. REDUNDANT SIGNAL; C. WRONG PAIR FLOW; F. INTEGRATION FAILURE,Pilot 8 weighted conformal test martingale arm. Fold-0 screen only; folds 1-4 generated only as fold-pure SCDF calibration support.; POSTHOC_DESCRIPTIVE_NOT_PROMOTION_EVIDENCE,pilot08_weighted_ctm.json
RT-1217,Pilot 8,weighted CTM,unweighted conformal test martingale control,control,matched_control,508,lgbm,0.6298026946685278,0.6708327268563673,0.6681554542805351,0.6783033406551409,0.8683079648073693,0.6382763032336511,0.6385863723277498,0.6387988093006776,0.0005225060670264181,0.0002124369729277209,-0.0007241308513561417,1380,1517,-137,999,1044,-45,937,1030,-93,803,901,-98,492.2,control should trail weighted CTM,mature-vs-never contrast,CONTROL_CLOSE,B. REDUNDANT SIGNAL; C. WRONG PAIR FLOW,Pilot 8 matched unweighted CTM control. Fold-0 screen only; folds 1-4 generated only as fold-pure SCDF calibration support.; POSTHOC_DESCRIPTIVE_NOT_PROMOTION_EVIDENCE,pilot08_weighted_ctm.json
RT-1218,Pilot 8,weighted CTM,direct e-value aggregation,candidate,direct_score,5,log_mean_evalue,0.5256778853876939,0.5367566763137017,0.5405053538142789,0.5262964332604673,0.1341477659239802,0.6382763032336511,0.6385863723277498,0.6363727461679604,-0.0019035570656907863,-0.0022136261597894835,,3078,5375,-2297,2202,4369,-2167,2193,4233,-2040,1675,4093,-2418,1.3,marginal_vs_clone >= +0.0010,standalone same-t signal,KILLED,A. NO RAW SIGNAL; C. WRONG PAIR FLOW; I. REPRESENTATION FAILURE,Pilot 8 H2 parameter-free e-value aggregation direct-score arm. Fold-0 screen only.; POSTHOC_DESCRIPTIVE_NOT_PROMOTION_EVIDENCE,pilot08_weighted_ctm.json
