notice,sample,left,right,within_t_rank_corr,rows_used
POSTHOC_DESCRIPTIVE_NOT_PROMOTION_EVIDENCE,fold0_dev_same_t_ranked,RT600_BLEND,RT600_BLEND,1.0,806332
POSTHOC_DESCRIPTIVE_NOT_PROMOTION_EVIDENCE,fold0_dev_same_t_ranked,RT600_BLEND,RT-1200,0.677050188736524,806332
POSTHOC_DESCRIPTIVE_NOT_PROMOTION_EVIDENCE,fold0_dev_same_t_ranked,RT600_BLEND,RT-1201,0.28151148295625045,806332
POSTHOC_DESCRIPTIVE_NOT_PROMOTION_EVIDENCE,fold0_dev_same_t_ranked,RT600_BLEND,RT-1202,0.004644013216797847,806332
POSTHOC_DESCRIPTIVE_NOT_PROMOTION_EVIDENCE,fold0_dev_same_t_ranked,RT600_BLEND,RT-1203,0.014750206017844427,806332
POSTHOC_DESCRIPTIVE_NOT_PROMOTION_EVIDENCE,fold0_dev_same_t_ranked,RT600_BLEND,RT-1204,0.8242741246273871,806332
POSTHOC_DESCRIPTIVE_NOT_PROMOTION_EVIDENCE,fold0_dev_same_t_ranked,RT600_BLEND,RT-1205,0.8199779575123901,806332
POSTHOC_DESCRIPTIVE_NOT_PROMOTION_EVIDENCE,fold0_dev_same_t_ranked,RT600_BLEND,RT-1206,0.822344811538888,806332
POSTHOC_DESCRIPTIVE_NOT_PROMOTION_EVIDENCE,fold0_dev_same_t_ranked,RT600_BLEND,RT-1207,0.8184149343332752,806332
POSTHOC_DESCRIPTIVE_NOT_PROMOTION_EVIDENCE,fold0_dev_same_t_ranked,RT600_BLEND,RT-1208,0.8132890025838126,806332
POSTHOC_DESCRIPTIVE_NOT_PROMOTION_EVIDENCE,fold0_dev_same_t_ranked,RT600_BLEND,RT-1209,0.8214897608586263,806332
POSTHOC_DESCRIPTIVE_NOT_PROMOTION_EVIDENCE,fold0_dev_same_t_ranked,RT600_BLEND,RT-1210,0.8229046314062523,806332
POSTHOC_DESCRIPTIVE_NOT_PROMOTION_EVIDENCE,fold0_dev_same_t_ranked,RT600_BLEND,RT-1211,0.8148710739002345,806332
POSTHOC_DESCRIPTIVE_NOT_PROMOTION_EVIDENCE,fold0_dev_same_t_ranked,RT600_BLEND,RT-1212,0.7905998424607605,806332
POSTHOC_DESCRIPTIVE_NOT_PROMOTION_EVIDENCE,fold0_dev_same_t_ranked,RT600_BLEND,RT-1213,0.7935919697670586,806332
POSTHOC_DESCRIPTIVE_NOT_PROMOTION_EVIDENCE,fold0_dev_same_t_ranked,RT600_BLEND,RT-1214,0.8194613665070934,806332
POSTHOC_DESCRIPTIVE_NOT_PROMOTION_EVIDENCE,fold0_dev_same_t_ranked,RT600_BLEND,RT-1215,0.8172541239504194,806332
POSTHOC_DESCRIPTIVE_NOT_PROMOTION_EVIDENCE,fold0_dev_same_t_ranked,RT600_BLEND,RT-1216,0.7889331710547075,806332
POSTHOC_DESCRIPTIVE_NOT_PROMOTION_EVIDENCE,fold0_dev_same_t_ranked,RT600_BLEND,RT-1217,0.8026686731028986,806332
POSTHOC_DESCRIPTIVE_NOT_PROMOTION_EVIDENCE,fold0_dev_same_t_ranked,RT600_BLEND,RT-1218,0.015195049961822957,806332
POSTHOC_DESCRIPTIVE_NOT_PROMOTION_EVIDENCE,fold0_dev_same_t_ranked,RT600_BLEND,RT-300,0.8668879739237505,806332
POSTHOC_DESCRIPTIVE_NOT_PROMOTION_EVIDENCE,fold0_dev_same_t_ranked,RT600_BLEND,RT-410,0.7823239633129506,806332
POSTHOC_DESCRIPTIVE_NOT_PROMOTION_EVIDENCE,fold0_dev_same_t_ranked,RT600_BLEND,RT-411,0.6884446258451032,806332
POSTHOC_DESCRIPTIVE_NOT_PROMOTION_EVIDENCE,fold0_dev_same_t_ranked,RT600_BLEND,RT-412,0.8030628837752267,806332
POSTHOC_DESCRIPTIVE_NOT_PROMOTION_EVIDENCE,fold0_dev_same_t_ranked,RT600_BLEND,RT-413,0.8681728925570097,806332
POSTHOC_DESCRIPTIVE_NOT_PROMOTION_EVIDENCE,fold0_dev_same_t_ranked,RT600_BLEND,RT-414,0.7485119804818938,806332
POSTHOC_DESCRIPTIVE_NOT_PROMOTION_EVIDENCE,fold0_dev_same_t_ranked,RT600_BLEND,RT-415,0.8572368701780524,806332
POSTHOC_DESCRIPTIVE_NOT_PROMOTION_EVIDENCE,fold0_dev_same_t_ranked,RT600_BLEND,RT-401,0.8231650711369523,806332
POSTHOC_DESCRIPTIVE_NOT_PROMOTION_EVIDENCE,fold0_dev_same_t_ranked,RT600_BLEND,RT-995,0.8053984331683715,806332
POSTHOC_DESCRIPTIVE_NOT_PROMOTION_EVIDENCE,fold0_dev_same_t_ranked,RT-1200,RT600_BLEND,0.677050188736524,806332
POSTHOC_DESCRIPTIVE_NOT_PROMOTION_EVIDENCE,fold0_dev_same_t_ranked,RT-1200,RT-1200,1.0,806332
POSTHOC_DESCRIPTIVE_NOT_PROMOTION_EVIDENCE,fold0_dev_same_t_ranked,RT-1200,RT-1201,0.3943775430938626,806332
POSTHOC_DESCRIPTIVE_NOT_PROMOTION_EVIDENCE,fold0_dev_same_t_ranked,RT-1200,RT-1202,0.003842070143751041,806332
POSTHOC_DESCRIPTIVE_NOT_PROMOTION_EVIDENCE,fold0_dev_same_t_ranked,RT-1200,RT-1203,-0.0003730170019036106,806332
POSTHOC_DESCRIPTIVE_NOT_PROMOTION_EVIDENCE,fold0_dev_same_t_ranked,RT-1200,RT-1204,0.5896608136302759,806332
POSTHOC_DESCRIPTIVE_NOT_PROMOTION_EVIDENCE,fold0_dev_same_t_ranked,RT-1200,RT-1205,0.5839967583181032,806332
POSTHOC_DESCRIPTIVE_NOT_PROMOTION_EVIDENCE,fold0_dev_same_t_ranked,RT-1200,RT-1206,0.5852653505617271,806332
POSTHOC_DESCRIPTIVE_NOT_PROMOTION_EVIDENCE,fold0_dev_same_t_ranked,RT-1200,RT-1207,0.5857763861984232,806332
POSTHOC_DESCRIPTIVE_NOT_PROMOTION_EVIDENCE,fold0_dev_same_t_ranked,RT-1200,RT-1208,0.5819396949715098,806332
POSTHOC_DESCRIPTIVE_NOT_PROMOTION_EVIDENCE,fold0_dev_same_t_ranked,RT-1200,RT-1209,0.5917681921581822,806332
POSTHOC_DESCRIPTIVE_NOT_PROMOTION_EVIDENCE,fold0_dev_same_t_ranked,RT-1200,RT-1210,0.5918556403353383,806332
POSTHOC_DESCRIPTIVE_NOT_PROMOTION_EVIDENCE,fold0_dev_same_t_ranked,RT-1200,RT-1211,0.5869179238766284,806332
POSTHOC_DESCRIPTIVE_NOT_PROMOTION_EVIDENCE,fold0_dev_same_t_ranked,RT-1200,RT-1212,0.5743883899946972,806332
POSTHOC_DESCRIPTIVE_NOT_PROMOTION_EVIDENCE,fold0_dev_same_t_ranked,RT-1200,RT-1213,0.5654631666807831,806332
POSTHOC_DESCRIPTIVE_NOT_PROMOTION_EVIDENCE,fold0_dev_same_t_ranked,RT-1200,RT-1214,0.5849631239779381,806332
POSTHOC_DESCRIPTIVE_NOT_PROMOTION_EVIDENCE,fold0_dev_same_t_ranked,RT-1200,RT-1215,0.5846635421971266,806332
POSTHOC_DESCRIPTIVE_NOT_PROMOTION_EVIDENCE,fold0_dev_same_t_ranked,RT-1200,RT-1216,0.5749447970611126,806332
POSTHOC_DESCRIPTIVE_NOT_PROMOTION_EVIDENCE,fold0_dev_same_t_ranked,RT-1200,RT-1217,0.5728899117333994,806332
POSTHOC_DESCRIPTIVE_NOT_PROMOTION_EVIDENCE,fold0_dev_same_t_ranked,RT-1200,RT-1218,0.050700812842114654,806332
POSTHOC_DESCRIPTIVE_NOT_PROMOTION_EVIDENCE,fold0_dev_same_t_ranked,RT-1200,RT-300,0.6064659857840139,806332
POSTHOC_DESCRIPTIVE_NOT_PROMOTION_EVIDENCE,fold0_dev_same_t_ranked,RT-1200,RT-410,0.556561809858394,806332
POSTHOC_DESCRIPTIVE_NOT_PROMOTION_EVIDENCE,fold0_dev_same_t_ranked,RT-1200,RT-411,0.4935309047050093,806332
POSTHOC_DESCRIPTIVE_NOT_PROMOTION_EVIDENCE,fold0_dev_same_t_ranked,RT-1200,RT-412,0.5530342150421672,806332
POSTHOC_DESCRIPTIVE_NOT_PROMOTION_EVIDENCE,fold0_dev_same_t_ranked,RT-1200,RT-413,0.5804441225577616,806332
POSTHOC_DESCRIPTIVE_NOT_PROMOTION_EVIDENCE,fold0_dev_same_t_ranked,RT-1200,RT-414,0.5481062680075471,806332
POSTHOC_DESCRIPTIVE_NOT_PROMOTION_EVIDENCE,fold0_dev_same_t_ranked,RT-1200,RT-415,0.5989021370709187,806332
POSTHOC_DESCRIPTIVE_NOT_PROMOTION_EVIDENCE,fold0_dev_same_t_ranked,RT-1200,RT-401,0.5883457474730014,806332
POSTHOC_DESCRIPTIVE_NOT_PROMOTION_EVIDENCE,fold0_dev_same_t_ranked,RT-1200,RT-995,0.6007046477590063,806332
POSTHOC_DESCRIPTIVE_NOT_PROMOTION_EVIDENCE,fold0_dev_same_t_ranked,RT-1201,RT600_BLEND,0.28151148295625045,806332
POSTHOC_DESCRIPTIVE_NOT_PROMOTION_EVIDENCE,fold0_dev_same_t_ranked,RT-1201,RT-1200,0.3943775430938626,806332
POSTHOC_DESCRIPTIVE_NOT_PROMOTION_EVIDENCE,fold0_dev_same_t_ranked,RT-1201,RT-1201,1.0,806332
POSTHOC_DESCRIPTIVE_NOT_PROMOTION_EVIDENCE,fold0_dev_same_t_ranked,RT-1201,RT-1202,-0.002276579223511522,806332
POSTHOC_DESCRIPTIVE_NOT_PROMOTION_EVIDENCE,fold0_dev_same_t_ranked,RT-1201,RT-1203,-0.006770360236350526,806332
POSTHOC_DESCRIPTIVE_NOT_PROMOTION_EVIDENCE,fold0_dev_same_t_ranked,RT-1201,RT-1204,0.24285822967840084,806332
POSTHOC_DESCRIPTIVE_NOT_PROMOTION_EVIDENCE,fold0_dev_same_t_ranked,RT-1201,RT-1205,0.24197333767377274,806332
POSTHOC_DESCRIPTIVE_NOT_PROMOTION_EVIDENCE,fold0_dev_same_t_ranked,RT-1201,RT-1206,0.24720364886280827,806332
POSTHOC_DESCRIPTIVE_NOT_PROMOTION_EVIDENCE,fold0_dev_same_t_ranked,RT-1201,RT-1207,0.24538701610805466,806332
POSTHOC_DESCRIPTIVE_NOT_PROMOTION_EVIDENCE,fold0_dev_same_t_ranked,RT-1201,RT-1208,0.23906640160934803,806332
POSTHOC_DESCRIPTIVE_NOT_PROMOTION_EVIDENCE,fold0_dev_same_t_ranked,RT-1201,RT-1209,0.24490144999054492,806332
POSTHOC_DESCRIPTIVE_NOT_PROMOTION_EVIDENCE,fold0_dev_same_t_ranked,RT-1201,RT-1210,0.25053546010249017,806332
POSTHOC_DESCRIPTIVE_NOT_PROMOTION_EVIDENCE,fold0_dev_same_t_ranked,RT-1201,RT-1211,0.26514780373834157,806332
POSTHOC_DESCRIPTIVE_NOT_PROMOTION_EVIDENCE,fold0_dev_same_t_ranked,RT-1201,RT-1212,0.23797289781111364,806332
POSTHOC_DESCRIPTIVE_NOT_PROMOTION_EVIDENCE,fold0_dev_same_t_ranked,RT-1201,RT-1213,0.24850296052300136,806332
POSTHOC_DESCRIPTIVE_NOT_PROMOTION_EVIDENCE,fold0_dev_same_t_ranked,RT-1201,RT-1214,0.2383105045822913,806332
POSTHOC_DESCRIPTIVE_NOT_PROMOTION_EVIDENCE,fold0_dev_same_t_ranked,RT-1201,RT-1215,0.2483719716166766,806332
POSTHOC_DESCRIPTIVE_NOT_PROMOTION_EVIDENCE,fold0_dev_same_t_ranked,RT-1201,RT-1216,0.23849710338750454,806332
POSTHOC_DESCRIPTIVE_NOT_PROMOTION_EVIDENCE,fold0_dev_same_t_ranked,RT-1201,RT-1217,0.23840828892155463,806332
POSTHOC_DESCRIPTIVE_NOT_PROMOTION_EVIDENCE,fold0_dev_same_t_ranked,RT-1201,RT-1218,0.16589145254713467,806332
POSTHOC_DESCRIPTIVE_NOT_PROMOTION_EVIDENCE,fold0_dev_same_t_ranked,RT-1201,RT-300,0.25766287969965807,806332
POSTHOC_DESCRIPTIVE_NOT_PROMOTION_EVIDENCE,fold0_dev_same_t_ranked,RT-1201,RT-410,0.23422041335765745,806332
POSTHOC_DESCRIPTIVE_NOT_PROMOTION_EVIDENCE,fold0_dev_same_t_ranked,RT-1201,RT-411,0.29747722093903106,806332
POSTHOC_DESCRIPTIVE_NOT_PROMOTION_EVIDENCE,fold0_dev_same_t_ranked,RT-1201,RT-412,0.21540146636979385,806332
POSTHOC_DESCRIPTIVE_NOT_PROMOTION_EVIDENCE,fold0_dev_same_t_ranked,RT-1201,RT-413,0.21744714369700308,806332
POSTHOC_DESCRIPTIVE_NOT_PROMOTION_EVIDENCE,fold0_dev_same_t_ranked,RT-1201,RT-414,0.2616864338700871,806332
POSTHOC_DESCRIPTIVE_NOT_PROMOTION_EVIDENCE,fold0_dev_same_t_ranked,RT-1201,RT-415,0.24604736802416735,806332
POSTHOC_DESCRIPTIVE_NOT_PROMOTION_EVIDENCE,fold0_dev_same_t_ranked,RT-1201,RT-401,0.2518131404642652,806332
POSTHOC_DESCRIPTIVE_NOT_PROMOTION_EVIDENCE,fold0_dev_same_t_ranked,RT-1201,RT-995,0.31756582253288324,806332
POSTHOC_DESCRIPTIVE_NOT_PROMOTION_EVIDENCE,fold0_dev_same_t_ranked,RT-1202,RT600_BLEND,0.004644013216797847,806332
POSTHOC_DESCRIPTIVE_NOT_PROMOTION_EVIDENCE,fold0_dev_same_t_ranked,RT-1202,RT-1200,0.003842070143751041,806332
POSTHOC_DESCRIPTIVE_NOT_PROMOTION_EVIDENCE,fold0_dev_same_t_ranked,RT-1202,RT-1201,-0.002276579223511522,806332
POSTHOC_DESCRIPTIVE_NOT_PROMOTION_EVIDENCE,fold0_dev_same_t_ranked,RT-1202,RT-1202,1.0,806332
POSTHOC_DESCRIPTIVE_NOT_PROMOTION_EVIDENCE,fold0_dev_same_t_ranked,RT-1202,RT-1203,0.28579905315309223,806332
POSTHOC_DESCRIPTIVE_NOT_PROMOTION_EVIDENCE,fold0_dev_same_t_ranked,RT-1202,RT-1204,0.008042234662491012,806332
POSTHOC_DESCRIPTIVE_NOT_PROMOTION_EVIDENCE,fold0_dev_same_t_ranked,RT-1202,RT-1205,0.01049741266762941,806332
POSTHOC_DESCRIPTIVE_NOT_PROMOTION_EVIDENCE,fold0_dev_same_t_ranked,RT-1202,RT-1206,0.011868477779550952,806332
POSTHOC_DESCRIPTIVE_NOT_PROMOTION_EVIDENCE,fold0_dev_same_t_ranked,RT-1202,RT-1207,0.0020830735425953584,806332
POSTHOC_DESCRIPTIVE_NOT_PROMOTION_EVIDENCE,fold0_dev_same_t_ranked,RT-1202,RT-1208,0.010833073248539141,806332
POSTHOC_DESCRIPTIVE_NOT_PROMOTION_EVIDENCE,fold0_dev_same_t_ranked,RT-1202,RT-1209,0.008069116412025965,806332
POSTHOC_DESCRIPTIVE_NOT_PROMOTION_EVIDENCE,fold0_dev_same_t_ranked,RT-1202,RT-1210,0.0001271857506804881,806332
POSTHOC_DESCRIPTIVE_NOT_PROMOTION_EVIDENCE,fold0_dev_same_t_ranked,RT-1202,RT-1211,0.006847504233483211,806332
POSTHOC_DESCRIPTIVE_NOT_PROMOTION_EVIDENCE,fold0_dev_same_t_ranked,RT-1202,RT-1212,0.00537053952971535,806332
POSTHOC_DESCRIPTIVE_NOT_PROMOTION_EVIDENCE,fold0_dev_same_t_ranked,RT-1202,RT-1213,-0.0013717273265500716,806332
POSTHOC_DESCRIPTIVE_NOT_PROMOTION_EVIDENCE,fold0_dev_same_t_ranked,RT-1202,RT-1214,0.012312775076158154,806332
POSTHOC_DESCRIPTIVE_NOT_PROMOTION_EVIDENCE,fold0_dev_same_t_ranked,RT-1202,RT-1215,0.00994478976380915,806332
POSTHOC_DESCRIPTIVE_NOT_PROMOTION_EVIDENCE,fold0_dev_same_t_ranked,RT-1202,RT-1216,0.013487169664886486,806332
POSTHOC_DESCRIPTIVE_NOT_PROMOTION_EVIDENCE,fold0_dev_same_t_ranked,RT-1202,RT-1217,0.019098696031289393,806332
POSTHOC_DESCRIPTIVE_NOT_PROMOTION_EVIDENCE,fold0_dev_same_t_ranked,RT-1202,RT-1218,0.026291213381471595,806332
POSTHOC_DESCRIPTIVE_NOT_PROMOTION_EVIDENCE,fold0_dev_same_t_ranked,RT-1202,RT-300,0.009853498162123187,806332
POSTHOC_DESCRIPTIVE_NOT_PROMOTION_EVIDENCE,fold0_dev_same_t_ranked,RT-1202,RT-410,0.0022677319497786913,806332
POSTHOC_DESCRIPTIVE_NOT_PROMOTION_EVIDENCE,fold0_dev_same_t_ranked,RT-1202,RT-411,-0.010066454065631305,806332
POSTHOC_DESCRIPTIVE_NOT_PROMOTION_EVIDENCE,fold0_dev_same_t_ranked,RT-1202,RT-412,0.005989724704898214,806332
POSTHOC_DESCRIPTIVE_NOT_PROMOTION_EVIDENCE,fold0_dev_same_t_ranked,RT-1202,RT-413,0.013493111253656567,806332
POSTHOC_DESCRIPTIVE_NOT_PROMOTION_EVIDENCE,fold0_dev_same_t_ranked,RT-1202,RT-414,0.0008501177660922853,806332
POSTHOC_DESCRIPTIVE_NOT_PROMOTION_EVIDENCE,fold0_dev_same_t_ranked,RT-1202,RT-415,0.00137860844747675,806332
POSTHOC_DESCRIPTIVE_NOT_PROMOTION_EVIDENCE,fold0_dev_same_t_ranked,RT-1202,RT-401,0.007826040854271956,806332
POSTHOC_DESCRIPTIVE_NOT_PROMOTION_EVIDENCE,fold0_dev_same_t_ranked,RT-1202,RT-995,0.006961228052897521,806332
POSTHOC_DESCRIPTIVE_NOT_PROMOTION_EVIDENCE,fold0_dev_same_t_ranked,RT-1203,RT600_BLEND,0.014750206017844427,806332
POSTHOC_DESCRIPTIVE_NOT_PROMOTION_EVIDENCE,fold0_dev_same_t_ranked,RT-1203,RT-1200,-0.0003730170019036106,806332
POSTHOC_DESCRIPTIVE_NOT_PROMOTION_EVIDENCE,fold0_dev_same_t_ranked,RT-1203,RT-1201,-0.006770360236350526,806332
POSTHOC_DESCRIPTIVE_NOT_PROMOTION_EVIDENCE,fold0_dev_same_t_ranked,RT-1203,RT-1202,0.28579905315309223,806332
POSTHOC_DESCRIPTIVE_NOT_PROMOTION_EVIDENCE,fold0_dev_same_t_ranked,RT-1203,RT-1203,1.0,806332
POSTHOC_DESCRIPTIVE_NOT_PROMOTION_EVIDENCE,fold0_dev_same_t_ranked,RT-1203,RT-1204,0.010091707764063425,806332
POSTHOC_DESCRIPTIVE_NOT_PROMOTION_EVIDENCE,fold0_dev_same_t_ranked,RT-1203,RT-1205,0.010366473372215737,806332
POSTHOC_DESCRIPTIVE_NOT_PROMOTION_EVIDENCE,fold0_dev_same_t_ranked,RT-1203,RT-1206,0.005036902619267754,806332
POSTHOC_DESCRIPTIVE_NOT_PROMOTION_EVIDENCE,fold0_dev_same_t_ranked,RT-1203,RT-1207,0.008581580082837983,806332
POSTHOC_DESCRIPTIVE_NOT_PROMOTION_EVIDENCE,fold0_dev_same_t_ranked,RT-1203,RT-1208,0.008316268025805545,806332
POSTHOC_DESCRIPTIVE_NOT_PROMOTION_EVIDENCE,fold0_dev_same_t_ranked,RT-1203,RT-1209,0.006169635499215909,806332
POSTHOC_DESCRIPTIVE_NOT_PROMOTION_EVIDENCE,fold0_dev_same_t_ranked,RT-1203,RT-1210,0.009262050264525836,806332
POSTHOC_DESCRIPTIVE_NOT_PROMOTION_EVIDENCE,fold0_dev_same_t_ranked,RT-1203,RT-1211,0.008070152148501283,806332
POSTHOC_DESCRIPTIVE_NOT_PROMOTION_EVIDENCE,fold0_dev_same_t_ranked,RT-1203,RT-1212,0.0019129726580042984,806332
POSTHOC_DESCRIPTIVE_NOT_PROMOTION_EVIDENCE,fold0_dev_same_t_ranked,RT-1203,RT-1213,0.010984575962670677,806332
POSTHOC_DESCRIPTIVE_NOT_PROMOTION_EVIDENCE,fold0_dev_same_t_ranked,RT-1203,RT-1214,0.010087040785639118,806332
POSTHOC_DESCRIPTIVE_NOT_PROMOTION_EVIDENCE,fold0_dev_same_t_ranked,RT-1203,RT-1215,0.010278530712824583,806332
POSTHOC_DESCRIPTIVE_NOT_PROMOTION_EVIDENCE,fold0_dev_same_t_ranked,RT-1203,RT-1216,0.002457751039340804,806332
POSTHOC_DESCRIPTIVE_NOT_PROMOTION_EVIDENCE,fold0_dev_same_t_ranked,RT-1203,RT-1217,0.008880212643557372,806332
POSTHOC_DESCRIPTIVE_NOT_PROMOTION_EVIDENCE,fold0_dev_same_t_ranked,RT-1203,RT-1218,-0.009857927377544632,806332
POSTHOC_DESCRIPTIVE_NOT_PROMOTION_EVIDENCE,fold0_dev_same_t_ranked,RT-1203,RT-300,0.007447280942536526,806332
POSTHOC_DESCRIPTIVE_NOT_PROMOTION_EVIDENCE,fold0_dev_same_t_ranked,RT-1203,RT-410,0.008017495972067197,806332
POSTHOC_DESCRIPTIVE_NOT_PROMOTION_EVIDENCE,fold0_dev_same_t_ranked,RT-1203,RT-411,0.013204298187188171,806332
POSTHOC_DESCRIPTIVE_NOT_PROMOTION_EVIDENCE,fold0_dev_same_t_ranked,RT-1203,RT-412,0.010292127208096323,806332
POSTHOC_DESCRIPTIVE_NOT_PROMOTION_EVIDENCE,fold0_dev_same_t_ranked,RT-1203,RT-413,0.017330321499032828,806332
POSTHOC_DESCRIPTIVE_NOT_PROMOTION_EVIDENCE,fold0_dev_same_t_ranked,RT-1203,RT-414,0.010653300985461979,806332
POSTHOC_DESCRIPTIVE_NOT_PROMOTION_EVIDENCE,fold0_dev_same_t_ranked,RT-1203,RT-415,0.016654992967308272,806332
POSTHOC_DESCRIPTIVE_NOT_PROMOTION_EVIDENCE,fold0_dev_same_t_ranked,RT-1203,RT-401,0.008699532161502018,806332
POSTHOC_DESCRIPTIVE_NOT_PROMOTION_EVIDENCE,fold0_dev_same_t_ranked,RT-1203,RT-995,0.010330539434250921,806332
POSTHOC_DESCRIPTIVE_NOT_PROMOTION_EVIDENCE,fold0_dev_same_t_ranked,RT-1204,RT600_BLEND,0.8242741246273871,806332
POSTHOC_DESCRIPTIVE_NOT_PROMOTION_EVIDENCE,fold0_dev_same_t_ranked,RT-1204,RT-1200,0.5896608136302759,806332
POSTHOC_DESCRIPTIVE_NOT_PROMOTION_EVIDENCE,fold0_dev_same_t_ranked,RT-1204,RT-1201,0.24285822967840084,806332
POSTHOC_DESCRIPTIVE_NOT_PROMOTION_EVIDENCE,fold0_dev_same_t_ranked,RT-1204,RT-1202,0.008042234662491012,806332
POSTHOC_DESCRIPTIVE_NOT_PROMOTION_EVIDENCE,fold0_dev_same_t_ranked,RT-1204,RT-1203,0.010091707764063425,806332
POSTHOC_DESCRIPTIVE_NOT_PROMOTION_EVIDENCE,fold0_dev_same_t_ranked,RT-1204,RT-1204,1.0,806332
POSTHOC_DESCRIPTIVE_NOT_PROMOTION_EVIDENCE,fold0_dev_same_t_ranked,RT-1204,RT-1205,0.7903451019261162,806332
POSTHOC_DESCRIPTIVE_NOT_PROMOTION_EVIDENCE,fold0_dev_same_t_ranked,RT-1204,RT-1206,0.7878480740587873,806332
POSTHOC_DESCRIPTIVE_NOT_PROMOTION_EVIDENCE,fold0_dev_same_t_ranked,RT-1204,RT-1207,0.7864950388077885,806332
POSTHOC_DESCRIPTIVE_NOT_PROMOTION_EVIDENCE,fold0_dev_same_t_ranked,RT-1204,RT-1208,0.7807573327889155,806332
POSTHOC_DESCRIPTIVE_NOT_PROMOTION_EVIDENCE,fold0_dev_same_t_ranked,RT-1204,RT-1209,0.7902428084861984,806332
POSTHOC_DESCRIPTIVE_NOT_PROMOTION_EVIDENCE,fold0_dev_same_t_ranked,RT-1204,RT-1210,0.7865848313819717,806332
POSTHOC_DESCRIPTIVE_NOT_PROMOTION_EVIDENCE,fold0_dev_same_t_ranked,RT-1204,RT-1211,0.7794531749230647,806332
POSTHOC_DESCRIPTIVE_NOT_PROMOTION_EVIDENCE,fold0_dev_same_t_ranked,RT-1204,RT-1212,0.7541226873591149,806332
POSTHOC_DESCRIPTIVE_NOT_PROMOTION_EVIDENCE,fold0_dev_same_t_ranked,RT-1204,RT-1213,0.7632379564432608,806332
POSTHOC_DESCRIPTIVE_NOT_PROMOTION_EVIDENCE,fold0_dev_same_t_ranked,RT-1204,RT-1214,0.7899050129185036,806332
POSTHOC_DESCRIPTIVE_NOT_PROMOTION_EVIDENCE,fold0_dev_same_t_ranked,RT-1204,RT-1215,0.7866255346259385,806332
POSTHOC_DESCRIPTIVE_NOT_PROMOTION_EVIDENCE,fold0_dev_same_t_ranked,RT-1204,RT-1216,0.7524527537054619,806332
POSTHOC_DESCRIPTIVE_NOT_PROMOTION_EVIDENCE,fold0_dev_same_t_ranked,RT-1204,RT-1217,0.7705641521252207,806332
POSTHOC_DESCRIPTIVE_NOT_PROMOTION_EVIDENCE,fold0_dev_same_t_ranked,RT-1204,RT-1218,0.024072133079544172,806332
POSTHOC_DESCRIPTIVE_NOT_PROMOTION_EVIDENCE,fold0_dev_same_t_ranked,RT-1204,RT-300,0.7512916589333075,806332
POSTHOC_DESCRIPTIVE_NOT_PROMOTION_EVIDENCE,fold0_dev_same_t_ranked,RT-1204,RT-410,0.6224379370158469,806332
POSTHOC_DESCRIPTIVE_NOT_PROMOTION_EVIDENCE,fold0_dev_same_t_ranked,RT-1204,RT-411,0.59087903940968,806332
POSTHOC_DESCRIPTIVE_NOT_PROMOTION_EVIDENCE,fold0_dev_same_t_ranked,RT-1204,RT-412,0.6718539023049136,806332
POSTHOC_DESCRIPTIVE_NOT_PROMOTION_EVIDENCE,fold0_dev_same_t_ranked,RT-1204,RT-413,0.7510611359459549,806332
POSTHOC_DESCRIPTIVE_NOT_PROMOTION_EVIDENCE,fold0_dev_same_t_ranked,RT-1204,RT-414,0.5822665367721461,806332
POSTHOC_DESCRIPTIVE_NOT_PROMOTION_EVIDENCE,fold0_dev_same_t_ranked,RT-1204,RT-415,0.730712265890839,806332
POSTHOC_DESCRIPTIVE_NOT_PROMOTION_EVIDENCE,fold0_dev_same_t_ranked,RT-1204,RT-401,0.7445104129212837,806332
POSTHOC_DESCRIPTIVE_NOT_PROMOTION_EVIDENCE,fold0_dev_same_t_ranked,RT-1204,RT-995,0.7177943539342422,806332
POSTHOC_DESCRIPTIVE_NOT_PROMOTION_EVIDENCE,fold0_dev_same_t_ranked,RT-1205,RT600_BLEND,0.8199779575123901,806332
POSTHOC_DESCRIPTIVE_NOT_PROMOTION_EVIDENCE,fold0_dev_same_t_ranked,RT-1205,RT-1200,0.5839967583181032,806332
POSTHOC_DESCRIPTIVE_NOT_PROMOTION_EVIDENCE,fold0_dev_same_t_ranked,RT-1205,RT-1201,0.24197333767377274,806332
POSTHOC_DESCRIPTIVE_NOT_PROMOTION_EVIDENCE,fold0_dev_same_t_ranked,RT-1205,RT-1202,0.01049741266762941,806332
POSTHOC_DESCRIPTIVE_NOT_PROMOTION_EVIDENCE,fold0_dev_same_t_ranked,RT-1205,RT-1203,0.010366473372215737,806332
POSTHOC_DESCRIPTIVE_NOT_PROMOTION_EVIDENCE,fold0_dev_same_t_ranked,RT-1205,RT-1204,0.7903451019261162,806332
POSTHOC_DESCRIPTIVE_NOT_PROMOTION_EVIDENCE,fold0_dev_same_t_ranked,RT-1205,RT-1205,1.0,806332
POSTHOC_DESCRIPTIVE_NOT_PROMOTION_EVIDENCE,fold0_dev_same_t_ranked,RT-1205,RT-1206,0.7813472044674493,806332
POSTHOC_DESCRIPTIVE_NOT_PROMOTION_EVIDENCE,fold0_dev_same_t_ranked,RT-1205,RT-1207,0.7833570970413448,806332
POSTHOC_DESCRIPTIVE_NOT_PROMOTION_EVIDENCE,fold0_dev_same_t_ranked,RT-1205,RT-1208,0.7763802948583992,806332
POSTHOC_DESCRIPTIVE_NOT_PROMOTION_EVIDENCE,fold0_dev_same_t_ranked,RT-1205,RT-1209,0.7864309004796193,806332
POSTHOC_DESCRIPTIVE_NOT_PROMOTION_EVIDENCE,fold0_dev_same_t_ranked,RT-1205,RT-1210,0.7989313875899265,806332
POSTHOC_DESCRIPTIVE_NOT_PROMOTION_EVIDENCE,fold0_dev_same_t_ranked,RT-1205,RT-1211,0.7932979907138137,806332
POSTHOC_DESCRIPTIVE_NOT_PROMOTION_EVIDENCE,fold0_dev_same_t_ranked,RT-1205,RT-1212,0.7528468378649872,806332
POSTHOC_DESCRIPTIVE_NOT_PROMOTION_EVIDENCE,fold0_dev_same_t_ranked,RT-1205,RT-1213,0.760038338289278,806332
POSTHOC_DESCRIPTIVE_NOT_PROMOTION_EVIDENCE,fold0_dev_same_t_ranked,RT-1205,RT-1214,0.8093913663483505,806332
POSTHOC_DESCRIPTIVE_NOT_PROMOTION_EVIDENCE,fold0_dev_same_t_ranked,RT-1205,RT-1215,0.8139856585945298,806332
POSTHOC_DESCRIPTIVE_NOT_PROMOTION_EVIDENCE,fold0_dev_same_t_ranked,RT-1205,RT-1216,0.747120032039782,806332
POSTHOC_DESCRIPTIVE_NOT_PROMOTION_EVIDENCE,fold0_dev_same_t_ranked,RT-1205,RT-1217,0.7670644500963453,806332
POSTHOC_DESCRIPTIVE_NOT_PROMOTION_EVIDENCE,fold0_dev_same_t_ranked,RT-1205,RT-1218,0.036846784418983335,806332
POSTHOC_DESCRIPTIVE_NOT_PROMOTION_EVIDENCE,fold0_dev_same_t_ranked,RT-1205,RT-300,0.7542910120287876,806332
POSTHOC_DESCRIPTIVE_NOT_PROMOTION_EVIDENCE,fold0_dev_same_t_ranked,RT-1205,RT-410,0.6149330958348069,806332
POSTHOC_DESCRIPTIVE_NOT_PROMOTION_EVIDENCE,fold0_dev_same_t_ranked,RT-1205,RT-411,0.5941112200381472,806332
POSTHOC_DESCRIPTIVE_NOT_PROMOTION_EVIDENCE,fold0_dev_same_t_ranked,RT-1205,RT-412,0.6620537575147559,806332
POSTHOC_DESCRIPTIVE_NOT_PROMOTION_EVIDENCE,fold0_dev_same_t_ranked,RT-1205,RT-413,0.7486845432883157,806332
POSTHOC_DESCRIPTIVE_NOT_PROMOTION_EVIDENCE,fold0_dev_same_t_ranked,RT-1205,RT-414,0.5763424334655308,806332
POSTHOC_DESCRIPTIVE_NOT_PROMOTION_EVIDENCE,fold0_dev_same_t_ranked,RT-1205,RT-415,0.7295906558825951,806332
POSTHOC_DESCRIPTIVE_NOT_PROMOTION_EVIDENCE,fold0_dev_same_t_ranked,RT-1205,RT-401,0.7442426988601962,806332
POSTHOC_DESCRIPTIVE_NOT_PROMOTION_EVIDENCE,fold0_dev_same_t_ranked,RT-1205,RT-995,0.7095697144651087,806332
POSTHOC_DESCRIPTIVE_NOT_PROMOTION_EVIDENCE,fold0_dev_same_t_ranked,RT-1206,RT600_BLEND,0.822344811538888,806332
POSTHOC_DESCRIPTIVE_NOT_PROMOTION_EVIDENCE,fold0_dev_same_t_ranked,RT-1206,RT-1200,0.5852653505617271,806332
POSTHOC_DESCRIPTIVE_NOT_PROMOTION_EVIDENCE,fold0_dev_same_t_ranked,RT-1206,RT-1201,0.24720364886280827,806332
POSTHOC_DESCRIPTIVE_NOT_PROMOTION_EVIDENCE,fold0_dev_same_t_ranked,RT-1206,RT-1202,0.011868477779550952,806332
POSTHOC_DESCRIPTIVE_NOT_PROMOTION_EVIDENCE,fold0_dev_same_t_ranked,RT-1206,RT-1203,0.005036902619267754,806332
POSTHOC_DESCRIPTIVE_NOT_PROMOTION_EVIDENCE,fold0_dev_same_t_ranked,RT-1206,RT-1204,0.7878480740587873,806332
POSTHOC_DESCRIPTIVE_NOT_PROMOTION_EVIDENCE,fold0_dev_same_t_ranked,RT-1206,RT-1205,0.7813472044674493,806332
POSTHOC_DESCRIPTIVE_NOT_PROMOTION_EVIDENCE,fold0_dev_same_t_ranked,RT-1206,RT-1206,1.0,806332
POSTHOC_DESCRIPTIVE_NOT_PROMOTION_EVIDENCE,fold0_dev_same_t_ranked,RT-1206,RT-1207,0.7776259980670187,806332
POSTHOC_DESCRIPTIVE_NOT_PROMOTION_EVIDENCE,fold0_dev_same_t_ranked,RT-1206,RT-1208,0.7956739621527884,806332
POSTHOC_DESCRIPTIVE_NOT_PROMOTION_EVIDENCE,fold0_dev_same_t_ranked,RT-1206,RT-1209,0.7831912580464708,806332
POSTHOC_DESCRIPTIVE_NOT_PROMOTION_EVIDENCE,fold0_dev_same_t_ranked,RT-1206,RT-1210,0.7834047357300838,806332
POSTHOC_DESCRIPTIVE_NOT_PROMOTION_EVIDENCE,fold0_dev_same_t_ranked,RT-1206,RT-1211,0.7735176064615668,806332
POSTHOC_DESCRIPTIVE_NOT_PROMOTION_EVIDENCE,fold0_dev_same_t_ranked,RT-1206,RT-1212,0.7522003478649454,806332
POSTHOC_DESCRIPTIVE_NOT_PROMOTION_EVIDENCE,fold0_dev_same_t_ranked,RT-1206,RT-1213,0.7582766270108046,806332
POSTHOC_DESCRIPTIVE_NOT_PROMOTION_EVIDENCE,fold0_dev_same_t_ranked,RT-1206,RT-1214,0.7817809904119103,806332
POSTHOC_DESCRIPTIVE_NOT_PROMOTION_EVIDENCE,fold0_dev_same_t_ranked,RT-1206,RT-1215,0.7771903742416157,806332
POSTHOC_DESCRIPTIVE_NOT_PROMOTION_EVIDENCE,fold0_dev_same_t_ranked,RT-1206,RT-1216,0.7617002218963688,806332
POSTHOC_DESCRIPTIVE_NOT_PROMOTION_EVIDENCE,fold0_dev_same_t_ranked,RT-1206,RT-1217,0.7782366650565399,806332
POSTHOC_DESCRIPTIVE_NOT_PROMOTION_EVIDENCE,fold0_dev_same_t_ranked,RT-1206,RT-1218,0.03648989769287997,806332
POSTHOC_DESCRIPTIVE_NOT_PROMOTION_EVIDENCE,fold0_dev_same_t_ranked,RT-1206,RT-300,0.7525566219145676,806332
POSTHOC_DESCRIPTIVE_NOT_PROMOTION_EVIDENCE,fold0_dev_same_t_ranked,RT-1206,RT-410,0.6197783080523929,806332
POSTHOC_DESCRIPTIVE_NOT_PROMOTION_EVIDENCE,fold0_dev_same_t_ranked,RT-1206,RT-411,0.5876492805640852,806332
POSTHOC_DESCRIPTIVE_NOT_PROMOTION_EVIDENCE,fold0_dev_same_t_ranked,RT-1206,RT-412,0.6677306721819868,806332
POSTHOC_DESCRIPTIVE_NOT_PROMOTION_EVIDENCE,fold0_dev_same_t_ranked,RT-1206,RT-413,0.7442839217700516,806332
POSTHOC_DESCRIPTIVE_NOT_PROMOTION_EVIDENCE,fold0_dev_same_t_ranked,RT-1206,RT-414,0.5863802060730062,806332
POSTHOC_DESCRIPTIVE_NOT_PROMOTION_EVIDENCE,fold0_dev_same_t_ranked,RT-1206,RT-415,0.7281641577743644,806332
POSTHOC_DESCRIPTIVE_NOT_PROMOTION_EVIDENCE,fold0_dev_same_t_ranked,RT-1206,RT-401,0.7452842959129736,806332
POSTHOC_DESCRIPTIVE_NOT_PROMOTION_EVIDENCE,fold0_dev_same_t_ranked,RT-1206,RT-995,0.7131499400071369,806332
POSTHOC_DESCRIPTIVE_NOT_PROMOTION_EVIDENCE,fold0_dev_same_t_ranked,RT-1207,RT600_BLEND,0.8184149343332752,806332
POSTHOC_DESCRIPTIVE_NOT_PROMOTION_EVIDENCE,fold0_dev_same_t_ranked,RT-1207,RT-1200,0.5857763861984232,806332
POSTHOC_DESCRIPTIVE_NOT_PROMOTION_EVIDENCE,fold0_dev_same_t_ranked,RT-1207,RT-1201,0.24538701610805466,806332
POSTHOC_DESCRIPTIVE_NOT_PROMOTION_EVIDENCE,fold0_dev_same_t_ranked,RT-1207,RT-1202,0.0020830735425953584,806332
POSTHOC_DESCRIPTIVE_NOT_PROMOTION_EVIDENCE,fold0_dev_same_t_ranked,RT-1207,RT-1203,0.008581580082837983,806332
POSTHOC_DESCRIPTIVE_NOT_PROMOTION_EVIDENCE,fold0_dev_same_t_ranked,RT-1207,RT-1204,0.7864950388077885,806332
POSTHOC_DESCRIPTIVE_NOT_PROMOTION_EVIDENCE,fold0_dev_same_t_ranked,RT-1207,RT-1205,0.7833570970413448,806332
POSTHOC_DESCRIPTIVE_NOT_PROMOTION_EVIDENCE,fold0_dev_same_t_ranked,RT-1207,RT-1206,0.7776259980670187,806332
POSTHOC_DESCRIPTIVE_NOT_PROMOTION_EVIDENCE,fold0_dev_same_t_ranked,RT-1207,RT-1207,1.0,806332
POSTHOC_DESCRIPTIVE_NOT_PROMOTION_EVIDENCE,fold0_dev_same_t_ranked,RT-1207,RT-1208,0.773882948883275,806332
POSTHOC_DESCRIPTIVE_NOT_PROMOTION_EVIDENCE,fold0_dev_same_t_ranked,RT-1207,RT-1209,0.7984124366649993,806332
POSTHOC_DESCRIPTIVE_NOT_PROMOTION_EVIDENCE,fold0_dev_same_t_ranked,RT-1207,RT-1210,0.782180456323717,806332
POSTHOC_DESCRIPTIVE_NOT_PROMOTION_EVIDENCE,fold0_dev_same_t_ranked,RT-1207,RT-1211,0.7765733749781278,806332
POSTHOC_DESCRIPTIVE_NOT_PROMOTION_EVIDENCE,fold0_dev_same_t_ranked,RT-1207,RT-1212,0.7502043367679612,806332
POSTHOC_DESCRIPTIVE_NOT_PROMOTION_EVIDENCE,fold0_dev_same_t_ranked,RT-1207,RT-1213,0.7557103091940165,806332
POSTHOC_DESCRIPTIVE_NOT_PROMOTION_EVIDENCE,fold0_dev_same_t_ranked,RT-1207,RT-1214,0.7804851287760354,806332
POSTHOC_DESCRIPTIVE_NOT_PROMOTION_EVIDENCE,fold0_dev_same_t_ranked,RT-1207,RT-1215,0.7819940318215699,806332
POSTHOC_DESCRIPTIVE_NOT_PROMOTION_EVIDENCE,fold0_dev_same_t_ranked,RT-1207,RT-1216,0.7458752127279986,806332
POSTHOC_DESCRIPTIVE_NOT_PROMOTION_EVIDENCE,fold0_dev_same_t_ranked,RT-1207,RT-1217,0.7667683814358218,806332
POSTHOC_DESCRIPTIVE_NOT_PROMOTION_EVIDENCE,fold0_dev_same_t_ranked,RT-1207,RT-1218,0.036519153936179535,806332
POSTHOC_DESCRIPTIVE_NOT_PROMOTION_EVIDENCE,fold0_dev_same_t_ranked,RT-1207,RT-300,0.7502628304483566,806332
POSTHOC_DESCRIPTIVE_NOT_PROMOTION_EVIDENCE,fold0_dev_same_t_ranked,RT-1207,RT-410,0.6166692786820722,806332
POSTHOC_DESCRIPTIVE_NOT_PROMOTION_EVIDENCE,fold0_dev_same_t_ranked,RT-1207,RT-411,0.582609707919153,806332
POSTHOC_DESCRIPTIVE_NOT_PROMOTION_EVIDENCE,fold0_dev_same_t_ranked,RT-1207,RT-412,0.6624870220954627,806332
POSTHOC_DESCRIPTIVE_NOT_PROMOTION_EVIDENCE,fold0_dev_same_t_ranked,RT-1207,RT-413,0.743651629721125,806332
POSTHOC_DESCRIPTIVE_NOT_PROMOTION_EVIDENCE,fold0_dev_same_t_ranked,RT-1207,RT-414,0.586741468226844,806332
POSTHOC_DESCRIPTIVE_NOT_PROMOTION_EVIDENCE,fold0_dev_same_t_ranked,RT-1207,RT-415,0.7270731844435158,806332
POSTHOC_DESCRIPTIVE_NOT_PROMOTION_EVIDENCE,fold0_dev_same_t_ranked,RT-1207,RT-401,0.7362596261654836,806332
POSTHOC_DESCRIPTIVE_NOT_PROMOTION_EVIDENCE,fold0_dev_same_t_ranked,RT-1207,RT-995,0.7068061172709116,806332
POSTHOC_DESCRIPTIVE_NOT_PROMOTION_EVIDENCE,fold0_dev_same_t_ranked,RT-1208,RT600_BLEND,0.8132890025838126,806332
POSTHOC_DESCRIPTIVE_NOT_PROMOTION_EVIDENCE,fold0_dev_same_t_ranked,RT-1208,RT-1200,0.5819396949715098,806332
POSTHOC_DESCRIPTIVE_NOT_PROMOTION_EVIDENCE,fold0_dev_same_t_ranked,RT-1208,RT-1201,0.23906640160934803,806332
POSTHOC_DESCRIPTIVE_NOT_PROMOTION_EVIDENCE,fold0_dev_same_t_ranked,RT-1208,RT-1202,0.010833073248539141,806332
POSTHOC_DESCRIPTIVE_NOT_PROMOTION_EVIDENCE,fold0_dev_same_t_ranked,RT-1208,RT-1203,0.008316268025805545,806332
POSTHOC_DESCRIPTIVE_NOT_PROMOTION_EVIDENCE,fold0_dev_same_t_ranked,RT-1208,RT-1204,0.7807573327889155,806332
POSTHOC_DESCRIPTIVE_NOT_PROMOTION_EVIDENCE,fold0_dev_same_t_ranked,RT-1208,RT-1205,0.7763802948583992,806332
POSTHOC_DESCRIPTIVE_NOT_PROMOTION_EVIDENCE,fold0_dev_same_t_ranked,RT-1208,RT-1206,0.7956739621527884,806332
POSTHOC_DESCRIPTIVE_NOT_PROMOTION_EVIDENCE,fold0_dev_same_t_ranked,RT-1208,RT-1207,0.773882948883275,806332
POSTHOC_DESCRIPTIVE_NOT_PROMOTION_EVIDENCE,fold0_dev_same_t_ranked,RT-1208,RT-1208,1.0,806332
POSTHOC_DESCRIPTIVE_NOT_PROMOTION_EVIDENCE,fold0_dev_same_t_ranked,RT-1208,RT-1209,0.7744490496317867,806332
POSTHOC_DESCRIPTIVE_NOT_PROMOTION_EVIDENCE,fold0_dev_same_t_ranked,RT-1208,RT-1210,0.7770819849434798,806332
POSTHOC_DESCRIPTIVE_NOT_PROMOTION_EVIDENCE,fold0_dev_same_t_ranked,RT-1208,RT-1211,0.7690244947329958,806332
POSTHOC_DESCRIPTIVE_NOT_PROMOTION_EVIDENCE,fold0_dev_same_t_ranked,RT-1208,RT-1212,0.7433572286441262,806332
POSTHOC_DESCRIPTIVE_NOT_PROMOTION_EVIDENCE,fold0_dev_same_t_ranked,RT-1208,RT-1213,0.7529654109931609,806332
POSTHOC_DESCRIPTIVE_NOT_PROMOTION_EVIDENCE,fold0_dev_same_t_ranked,RT-1208,RT-1214,0.7750317160107902,806332
POSTHOC_DESCRIPTIVE_NOT_PROMOTION_EVIDENCE,fold0_dev_same_t_ranked,RT-1208,RT-1215,0.7751781534421356,806332
POSTHOC_DESCRIPTIVE_NOT_PROMOTION_EVIDENCE,fold0_dev_same_t_ranked,RT-1208,RT-1216,0.7510198326994993,806332
POSTHOC_DESCRIPTIVE_NOT_PROMOTION_EVIDENCE,fold0_dev_same_t_ranked,RT-1208,RT-1217,0.7717771714322079,806332
POSTHOC_DESCRIPTIVE_NOT_PROMOTION_EVIDENCE,fold0_dev_same_t_ranked,RT-1208,RT-1218,0.021542734855241365,806332
POSTHOC_DESCRIPTIVE_NOT_PROMOTION_EVIDENCE,fold0_dev_same_t_ranked,RT-1208,RT-300,0.7439339542929291,806332
POSTHOC_DESCRIPTIVE_NOT_PROMOTION_EVIDENCE,fold0_dev_same_t_ranked,RT-1208,RT-410,0.6122425018124275,806332
POSTHOC_DESCRIPTIVE_NOT_PROMOTION_EVIDENCE,fold0_dev_same_t_ranked,RT-1208,RT-411,0.5798272363637893,806332
POSTHOC_DESCRIPTIVE_NOT_PROMOTION_EVIDENCE,fold0_dev_same_t_ranked,RT-1208,RT-412,0.6568587579621545,806332
POSTHOC_DESCRIPTIVE_NOT_PROMOTION_EVIDENCE,fold0_dev_same_t_ranked,RT-1208,RT-413,0.7427248484498268,806332
POSTHOC_DESCRIPTIVE_NOT_PROMOTION_EVIDENCE,fold0_dev_same_t_ranked,RT-1208,RT-414,0.5822994526502425,806332
POSTHOC_DESCRIPTIVE_NOT_PROMOTION_EVIDENCE,fold0_dev_same_t_ranked,RT-1208,RT-415,0.7205928247250718,806332
POSTHOC_DESCRIPTIVE_NOT_PROMOTION_EVIDENCE,fold0_dev_same_t_ranked,RT-1208,RT-401,0.7378546498148877,806332
POSTHOC_DESCRIPTIVE_NOT_PROMOTION_EVIDENCE,fold0_dev_same_t_ranked,RT-1208,RT-995,0.7032285075836304,806332
POSTHOC_DESCRIPTIVE_NOT_PROMOTION_EVIDENCE,fold0_dev_same_t_ranked,RT-1209,RT600_BLEND,0.8214897608586263,806332
POSTHOC_DESCRIPTIVE_NOT_PROMOTION_EVIDENCE,fold0_dev_same_t_ranked,RT-1209,RT-1200,0.5917681921581822,806332
POSTHOC_DESCRIPTIVE_NOT_PROMOTION_EVIDENCE,fold0_dev_same_t_ranked,RT-1209,RT-1201,0.24490144999054492,806332
POSTHOC_DESCRIPTIVE_NOT_PROMOTION_EVIDENCE,fold0_dev_same_t_ranked,RT-1209,RT-1202,0.008069116412025965,806332
POSTHOC_DESCRIPTIVE_NOT_PROMOTION_EVIDENCE,fold0_dev_same_t_ranked,RT-1209,RT-1203,0.006169635499215909,806332
POSTHOC_DESCRIPTIVE_NOT_PROMOTION_EVIDENCE,fold0_dev_same_t_ranked,RT-1209,RT-1204,0.7902428084861984,806332
POSTHOC_DESCRIPTIVE_NOT_PROMOTION_EVIDENCE,fold0_dev_same_t_ranked,RT-1209,RT-1205,0.7864309004796193,806332
POSTHOC_DESCRIPTIVE_NOT_PROMOTION_EVIDENCE,fold0_dev_same_t_ranked,RT-1209,RT-1206,0.7831912580464708,806332
POSTHOC_DESCRIPTIVE_NOT_PROMOTION_EVIDENCE,fold0_dev_same_t_ranked,RT-1209,RT-1207,0.7984124366649993,806332
POSTHOC_DESCRIPTIVE_NOT_PROMOTION_EVIDENCE,fold0_dev_same_t_ranked,RT-1209,RT-1208,0.7744490496317867,806332
POSTHOC_DESCRIPTIVE_NOT_PROMOTION_EVIDENCE,fold0_dev_same_t_ranked,RT-1209,RT-1209,1.0,806332
POSTHOC_DESCRIPTIVE_NOT_PROMOTION_EVIDENCE,fold0_dev_same_t_ranked,RT-1209,RT-1210,0.7830704060022812,806332
POSTHOC_DESCRIPTIVE_NOT_PROMOTION_EVIDENCE,fold0_dev_same_t_ranked,RT-1209,RT-1211,0.7801236565674085,806332
POSTHOC_DESCRIPTIVE_NOT_PROMOTION_EVIDENCE,fold0_dev_same_t_ranked,RT-1209,RT-1212,0.7548816015583101,806332
POSTHOC_DESCRIPTIVE_NOT_PROMOTION_EVIDENCE,fold0_dev_same_t_ranked,RT-1209,RT-1213,0.7584984041398387,806332
POSTHOC_DESCRIPTIVE_NOT_PROMOTION_EVIDENCE,fold0_dev_same_t_ranked,RT-1209,RT-1214,0.7852572615808356,806332
POSTHOC_DESCRIPTIVE_NOT_PROMOTION_EVIDENCE,fold0_dev_same_t_ranked,RT-1209,RT-1215,0.7836151993497741,806332
POSTHOC_DESCRIPTIVE_NOT_PROMOTION_EVIDENCE,fold0_dev_same_t_ranked,RT-1209,RT-1216,0.7459149058508645,806332
POSTHOC_DESCRIPTIVE_NOT_PROMOTION_EVIDENCE,fold0_dev_same_t_ranked,RT-1209,RT-1217,0.7699436089507706,806332
POSTHOC_DESCRIPTIVE_NOT_PROMOTION_EVIDENCE,fold0_dev_same_t_ranked,RT-1209,RT-1218,0.04081475414832702,806332
POSTHOC_DESCRIPTIVE_NOT_PROMOTION_EVIDENCE,fold0_dev_same_t_ranked,RT-1209,RT-300,0.7523955353088047,806332
POSTHOC_DESCRIPTIVE_NOT_PROMOTION_EVIDENCE,fold0_dev_same_t_ranked,RT-1209,RT-410,0.6181413572304788,806332
POSTHOC_DESCRIPTIVE_NOT_PROMOTION_EVIDENCE,fold0_dev_same_t_ranked,RT-1209,RT-411,0.5864770658936369,806332
POSTHOC_DESCRIPTIVE_NOT_PROMOTION_EVIDENCE,fold0_dev_same_t_ranked,RT-1209,RT-412,0.6662264946504282,806332
POSTHOC_DESCRIPTIVE_NOT_PROMOTION_EVIDENCE,fold0_dev_same_t_ranked,RT-1209,RT-413,0.7446385558256045,806332
POSTHOC_DESCRIPTIVE_NOT_PROMOTION_EVIDENCE,fold0_dev_same_t_ranked,RT-1209,RT-414,0.5850365935648553,806332
POSTHOC_DESCRIPTIVE_NOT_PROMOTION_EVIDENCE,fold0_dev_same_t_ranked,RT-1209,RT-415,0.7306356459182785,806332
POSTHOC_DESCRIPTIVE_NOT_PROMOTION_EVIDENCE,fold0_dev_same_t_ranked,RT-1209,RT-401,0.7435432994322557,806332
POSTHOC_DESCRIPTIVE_NOT_PROMOTION_EVIDENCE,fold0_dev_same_t_ranked,RT-1209,RT-995,0.708463175371663,806332
POSTHOC_DESCRIPTIVE_NOT_PROMOTION_EVIDENCE,fold0_dev_same_t_ranked,RT-1210,RT600_BLEND,0.8229046314062523,806332
POSTHOC_DESCRIPTIVE_NOT_PROMOTION_EVIDENCE,fold0_dev_same_t_ranked,RT-1210,RT-1200,0.5918556403353383,806332
POSTHOC_DESCRIPTIVE_NOT_PROMOTION_EVIDENCE,fold0_dev_same_t_ranked,RT-1210,RT-1201,0.25053546010249017,806332
POSTHOC_DESCRIPTIVE_NOT_PROMOTION_EVIDENCE,fold0_dev_same_t_ranked,RT-1210,RT-1202,0.0001271857506804881,806332
POSTHOC_DESCRIPTIVE_NOT_PROMOTION_EVIDENCE,fold0_dev_same_t_ranked,RT-1210,RT-1203,0.009262050264525836,806332
POSTHOC_DESCRIPTIVE_NOT_PROMOTION_EVIDENCE,fold0_dev_same_t_ranked,RT-1210,RT-1204,0.7865848313819717,806332
POSTHOC_DESCRIPTIVE_NOT_PROMOTION_EVIDENCE,fold0_dev_same_t_ranked,RT-1210,RT-1205,0.7989313875899265,806332
POSTHOC_DESCRIPTIVE_NOT_PROMOTION_EVIDENCE,fold0_dev_same_t_ranked,RT-1210,RT-1206,0.7834047357300838,806332
POSTHOC_DESCRIPTIVE_NOT_PROMOTION_EVIDENCE,fold0_dev_same_t_ranked,RT-1210,RT-1207,0.782180456323717,806332
POSTHOC_DESCRIPTIVE_NOT_PROMOTION_EVIDENCE,fold0_dev_same_t_ranked,RT-1210,RT-1208,0.7770819849434798,806332
POSTHOC_DESCRIPTIVE_NOT_PROMOTION_EVIDENCE,fold0_dev_same_t_ranked,RT-1210,RT-1209,0.7830704060022812,806332
POSTHOC_DESCRIPTIVE_NOT_PROMOTION_EVIDENCE,fold0_dev_same_t_ranked,RT-1210,RT-1210,1.0,806332
POSTHOC_DESCRIPTIVE_NOT_PROMOTION_EVIDENCE,fold0_dev_same_t_ranked,RT-1210,RT-1211,0.8042206528491788,806332
POSTHOC_DESCRIPTIVE_NOT_PROMOTION_EVIDENCE,fold0_dev_same_t_ranked,RT-1210,RT-1212,0.7555428369664221,806332
POSTHOC_DESCRIPTIVE_NOT_PROMOTION_EVIDENCE,fold0_dev_same_t_ranked,RT-1210,RT-1213,0.756618163597982,806332
POSTHOC_DESCRIPTIVE_NOT_PROMOTION_EVIDENCE,fold0_dev_same_t_ranked,RT-1210,RT-1214,0.7970870161031638,806332
POSTHOC_DESCRIPTIVE_NOT_PROMOTION_EVIDENCE,fold0_dev_same_t_ranked,RT-1210,RT-1215,0.7971024739634006,806332
POSTHOC_DESCRIPTIVE_NOT_PROMOTION_EVIDENCE,fold0_dev_same_t_ranked,RT-1210,RT-1216,0.7466014109926871,806332
POSTHOC_DESCRIPTIVE_NOT_PROMOTION_EVIDENCE,fold0_dev_same_t_ranked,RT-1210,RT-1217,0.7646677541703967,806332
POSTHOC_DESCRIPTIVE_NOT_PROMOTION_EVIDENCE,fold0_dev_same_t_ranked,RT-1210,RT-1218,0.028030768238298764,806332
POSTHOC_DESCRIPTIVE_NOT_PROMOTION_EVIDENCE,fold0_dev_same_t_ranked,RT-1210,RT-300,0.7527538425141819,806332
POSTHOC_DESCRIPTIVE_NOT_PROMOTION_EVIDENCE,fold0_dev_same_t_ranked,RT-1210,RT-410,0.6214104095657661,806332
POSTHOC_DESCRIPTIVE_NOT_PROMOTION_EVIDENCE,fold0_dev_same_t_ranked,RT-1210,RT-411,0.5896081822876086,806332
POSTHOC_DESCRIPTIVE_NOT_PROMOTION_EVIDENCE,fold0_dev_same_t_ranked,RT-1210,RT-412,0.6644101095509545,806332
POSTHOC_DESCRIPTIVE_NOT_PROMOTION_EVIDENCE,fold0_dev_same_t_ranked,RT-1210,RT-413,0.7455626362250611,806332
POSTHOC_DESCRIPTIVE_NOT_PROMOTION_EVIDENCE,fold0_dev_same_t_ranked,RT-1210,RT-414,0.5859564971348487,806332
POSTHOC_DESCRIPTIVE_NOT_PROMOTION_EVIDENCE,fold0_dev_same_t_ranked,RT-1210,RT-415,0.729143376805037,806332
POSTHOC_DESCRIPTIVE_NOT_PROMOTION_EVIDENCE,fold0_dev_same_t_ranked,RT-1210,RT-401,0.7434264957734564,806332
POSTHOC_DESCRIPTIVE_NOT_PROMOTION_EVIDENCE,fold0_dev_same_t_ranked,RT-1210,RT-995,0.7096958274295238,806332
POSTHOC_DESCRIPTIVE_NOT_PROMOTION_EVIDENCE,fold0_dev_same_t_ranked,RT-1211,RT600_BLEND,0.8148710739002345,806332
POSTHOC_DESCRIPTIVE_NOT_PROMOTION_EVIDENCE,fold0_dev_same_t_ranked,RT-1211,RT-1200,0.5869179238766284,806332
POSTHOC_DESCRIPTIVE_NOT_PROMOTION_EVIDENCE,fold0_dev_same_t_ranked,RT-1211,RT-1201,0.26514780373834157,806332
POSTHOC_DESCRIPTIVE_NOT_PROMOTION_EVIDENCE,fold0_dev_same_t_ranked,RT-1211,RT-1202,0.006847504233483211,806332
POSTHOC_DESCRIPTIVE_NOT_PROMOTION_EVIDENCE,fold0_dev_same_t_ranked,RT-1211,RT-1203,0.008070152148501283,806332
POSTHOC_DESCRIPTIVE_NOT_PROMOTION_EVIDENCE,fold0_dev_same_t_ranked,RT-1211,RT-1204,0.7794531749230647,806332
POSTHOC_DESCRIPTIVE_NOT_PROMOTION_EVIDENCE,fold0_dev_same_t_ranked,RT-1211,RT-1205,0.7932979907138137,806332
POSTHOC_DESCRIPTIVE_NOT_PROMOTION_EVIDENCE,fold0_dev_same_t_ranked,RT-1211,RT-1206,0.7735176064615668,806332
POSTHOC_DESCRIPTIVE_NOT_PROMOTION_EVIDENCE,fold0_dev_same_t_ranked,RT-1211,RT-1207,0.7765733749781278,806332
POSTHOC_DESCRIPTIVE_NOT_PROMOTION_EVIDENCE,fold0_dev_same_t_ranked,RT-1211,RT-1208,0.7690244947329958,806332
POSTHOC_DESCRIPTIVE_NOT_PROMOTION_EVIDENCE,fold0_dev_same_t_ranked,RT-1211,RT-1209,0.7801236565674085,806332
POSTHOC_DESCRIPTIVE_NOT_PROMOTION_EVIDENCE,fold0_dev_same_t_ranked,RT-1211,RT-1210,0.8042206528491788,806332
POSTHOC_DESCRIPTIVE_NOT_PROMOTION_EVIDENCE,fold0_dev_same_t_ranked,RT-1211,RT-1211,1.0,806332
POSTHOC_DESCRIPTIVE_NOT_PROMOTION_EVIDENCE,fold0_dev_same_t_ranked,RT-1211,RT-1212,0.7460663911701777,806332
POSTHOC_DESCRIPTIVE_NOT_PROMOTION_EVIDENCE,fold0_dev_same_t_ranked,RT-1211,RT-1213,0.7564657634347792,806332
POSTHOC_DESCRIPTIVE_NOT_PROMOTION_EVIDENCE,fold0_dev_same_t_ranked,RT-1211,RT-1214,0.7918412513241583,806332
POSTHOC_DESCRIPTIVE_NOT_PROMOTION_EVIDENCE,fold0_dev_same_t_ranked,RT-1211,RT-1215,0.7892667578768404,806332
POSTHOC_DESCRIPTIVE_NOT_PROMOTION_EVIDENCE,fold0_dev_same_t_ranked,RT-1211,RT-1216,0.7426404466037041,806332
POSTHOC_DESCRIPTIVE_NOT_PROMOTION_EVIDENCE,fold0_dev_same_t_ranked,RT-1211,RT-1217,0.7627911544717256,806332
POSTHOC_DESCRIPTIVE_NOT_PROMOTION_EVIDENCE,fold0_dev_same_t_ranked,RT-1211,RT-1218,0.023406603276651127,806332
POSTHOC_DESCRIPTIVE_NOT_PROMOTION_EVIDENCE,fold0_dev_same_t_ranked,RT-1211,RT-300,0.7473590301913721,806332
POSTHOC_DESCRIPTIVE_NOT_PROMOTION_EVIDENCE,fold0_dev_same_t_ranked,RT-1211,RT-410,0.6147955444226151,806332
POSTHOC_DESCRIPTIVE_NOT_PROMOTION_EVIDENCE,fold0_dev_same_t_ranked,RT-1211,RT-411,0.5899402873353572,806332
POSTHOC_DESCRIPTIVE_NOT_PROMOTION_EVIDENCE,fold0_dev_same_t_ranked,RT-1211,RT-412,0.6593568764836759,806332
POSTHOC_DESCRIPTIVE_NOT_PROMOTION_EVIDENCE,fold0_dev_same_t_ranked,RT-1211,RT-413,0.7366478334939262,806332
POSTHOC_DESCRIPTIVE_NOT_PROMOTION_EVIDENCE,fold0_dev_same_t_ranked,RT-1211,RT-414,0.5765000768970381,806332
POSTHOC_DESCRIPTIVE_NOT_PROMOTION_EVIDENCE,fold0_dev_same_t_ranked,RT-1211,RT-415,0.7218277727604554,806332
POSTHOC_DESCRIPTIVE_NOT_PROMOTION_EVIDENCE,fold0_dev_same_t_ranked,RT-1211,RT-401,0.7357363817681031,806332
POSTHOC_DESCRIPTIVE_NOT_PROMOTION_EVIDENCE,fold0_dev_same_t_ranked,RT-1211,RT-995,0.7080703502803368,806332
POSTHOC_DESCRIPTIVE_NOT_PROMOTION_EVIDENCE,fold0_dev_same_t_ranked,RT-1212,RT600_BLEND,0.7905998424607605,806332
POSTHOC_DESCRIPTIVE_NOT_PROMOTION_EVIDENCE,fold0_dev_same_t_ranked,RT-1212,RT-1200,0.5743883899946972,806332
POSTHOC_DESCRIPTIVE_NOT_PROMOTION_EVIDENCE,fold0_dev_same_t_ranked,RT-1212,RT-1201,0.23797289781111364,806332
POSTHOC_DESCRIPTIVE_NOT_PROMOTION_EVIDENCE,fold0_dev_same_t_ranked,RT-1212,RT-1202,0.00537053952971535,806332
POSTHOC_DESCRIPTIVE_NOT_PROMOTION_EVIDENCE,fold0_dev_same_t_ranked,RT-1212,RT-1203,0.0019129726580042984,806332
POSTHOC_DESCRIPTIVE_NOT_PROMOTION_EVIDENCE,fold0_dev_same_t_ranked,RT-1212,RT-1204,0.7541226873591149,806332
POSTHOC_DESCRIPTIVE_NOT_PROMOTION_EVIDENCE,fold0_dev_same_t_ranked,RT-1212,RT-1205,0.7528468378649872,806332
POSTHOC_DESCRIPTIVE_NOT_PROMOTION_EVIDENCE,fold0_dev_same_t_ranked,RT-1212,RT-1206,0.7522003478649454,806332
POSTHOC_DESCRIPTIVE_NOT_PROMOTION_EVIDENCE,fold0_dev_same_t_ranked,RT-1212,RT-1207,0.7502043367679612,806332
POSTHOC_DESCRIPTIVE_NOT_PROMOTION_EVIDENCE,fold0_dev_same_t_ranked,RT-1212,RT-1208,0.7433572286441262,806332
POSTHOC_DESCRIPTIVE_NOT_PROMOTION_EVIDENCE,fold0_dev_same_t_ranked,RT-1212,RT-1209,0.7548816015583101,806332
POSTHOC_DESCRIPTIVE_NOT_PROMOTION_EVIDENCE,fold0_dev_same_t_ranked,RT-1212,RT-1210,0.7555428369664221,806332
POSTHOC_DESCRIPTIVE_NOT_PROMOTION_EVIDENCE,fold0_dev_same_t_ranked,RT-1212,RT-1211,0.7460663911701777,806332
POSTHOC_DESCRIPTIVE_NOT_PROMOTION_EVIDENCE,fold0_dev_same_t_ranked,RT-1212,RT-1212,1.0,806332
POSTHOC_DESCRIPTIVE_NOT_PROMOTION_EVIDENCE,fold0_dev_same_t_ranked,RT-1212,RT-1213,0.7394900692819353,806332
POSTHOC_DESCRIPTIVE_NOT_PROMOTION_EVIDENCE,fold0_dev_same_t_ranked,RT-1212,RT-1214,0.7538398787679546,806332
POSTHOC_DESCRIPTIVE_NOT_PROMOTION_EVIDENCE,fold0_dev_same_t_ranked,RT-1212,RT-1215,0.7492241704251577,806332
POSTHOC_DESCRIPTIVE_NOT_PROMOTION_EVIDENCE,fold0_dev_same_t_ranked,RT-1212,RT-1216,0.7195645431324871,806332
POSTHOC_DESCRIPTIVE_NOT_PROMOTION_EVIDENCE,fold0_dev_same_t_ranked,RT-1212,RT-1217,0.7319350117487599,806332
POSTHOC_DESCRIPTIVE_NOT_PROMOTION_EVIDENCE,fold0_dev_same_t_ranked,RT-1212,RT-1218,0.020395053424890817,806332
POSTHOC_DESCRIPTIVE_NOT_PROMOTION_EVIDENCE,fold0_dev_same_t_ranked,RT-1212,RT-300,0.7199516467596139,806332
POSTHOC_DESCRIPTIVE_NOT_PROMOTION_EVIDENCE,fold0_dev_same_t_ranked,RT-1212,RT-410,0.599624871062639,806332
POSTHOC_DESCRIPTIVE_NOT_PROMOTION_EVIDENCE,fold0_dev_same_t_ranked,RT-1212,RT-411,0.563972731791368,806332
POSTHOC_DESCRIPTIVE_NOT_PROMOTION_EVIDENCE,fold0_dev_same_t_ranked,RT-1212,RT-412,0.6389535093710628,806332
POSTHOC_DESCRIPTIVE_NOT_PROMOTION_EVIDENCE,fold0_dev_same_t_ranked,RT-1212,RT-413,0.7187996966285428,806332
POSTHOC_DESCRIPTIVE_NOT_PROMOTION_EVIDENCE,fold0_dev_same_t_ranked,RT-1212,RT-414,0.571925291218511,806332
POSTHOC_DESCRIPTIVE_NOT_PROMOTION_EVIDENCE,fold0_dev_same_t_ranked,RT-1212,RT-415,0.7021978445427299,806332
POSTHOC_DESCRIPTIVE_NOT_PROMOTION_EVIDENCE,fold0_dev_same_t_ranked,RT-1212,RT-401,0.7108069395322573,806332
POSTHOC_DESCRIPTIVE_NOT_PROMOTION_EVIDENCE,fold0_dev_same_t_ranked,RT-1212,RT-995,0.6785573617436552,806332
POSTHOC_DESCRIPTIVE_NOT_PROMOTION_EVIDENCE,fold0_dev_same_t_ranked,RT-1213,RT600_BLEND,0.7935919697670586,806332
POSTHOC_DESCRIPTIVE_NOT_PROMOTION_EVIDENCE,fold0_dev_same_t_ranked,RT-1213,RT-1200,0.5654631666807831,806332
POSTHOC_DESCRIPTIVE_NOT_PROMOTION_EVIDENCE,fold0_dev_same_t_ranked,RT-1213,RT-1201,0.24850296052300136,806332
POSTHOC_DESCRIPTIVE_NOT_PROMOTION_EVIDENCE,fold0_dev_same_t_ranked,RT-1213,RT-1202,-0.0013717273265500716,806332
POSTHOC_DESCRIPTIVE_NOT_PROMOTION_EVIDENCE,fold0_dev_same_t_ranked,RT-1213,RT-1203,0.010984575962670677,806332
POSTHOC_DESCRIPTIVE_NOT_PROMOTION_EVIDENCE,fold0_dev_same_t_ranked,RT-1213,RT-1204,0.7632379564432608,806332
POSTHOC_DESCRIPTIVE_NOT_PROMOTION_EVIDENCE,fold0_dev_same_t_ranked,RT-1213,RT-1205,0.760038338289278,806332
POSTHOC_DESCRIPTIVE_NOT_PROMOTION_EVIDENCE,fold0_dev_same_t_ranked,RT-1213,RT-1206,0.7582766270108046,806332
POSTHOC_DESCRIPTIVE_NOT_PROMOTION_EVIDENCE,fold0_dev_same_t_ranked,RT-1213,RT-1207,0.7557103091940165,806332
POSTHOC_DESCRIPTIVE_NOT_PROMOTION_EVIDENCE,fold0_dev_same_t_ranked,RT-1213,RT-1208,0.7529654109931609,806332
POSTHOC_DESCRIPTIVE_NOT_PROMOTION_EVIDENCE,fold0_dev_same_t_ranked,RT-1213,RT-1209,0.7584984041398387,806332
POSTHOC_DESCRIPTIVE_NOT_PROMOTION_EVIDENCE,fold0_dev_same_t_ranked,RT-1213,RT-1210,0.756618163597982,806332
POSTHOC_DESCRIPTIVE_NOT_PROMOTION_EVIDENCE,fold0_dev_same_t_ranked,RT-1213,RT-1211,0.7564657634347792,806332
POSTHOC_DESCRIPTIVE_NOT_PROMOTION_EVIDENCE,fold0_dev_same_t_ranked,RT-1213,RT-1212,0.7394900692819353,806332
POSTHOC_DESCRIPTIVE_NOT_PROMOTION_EVIDENCE,fold0_dev_same_t_ranked,RT-1213,RT-1213,1.0,806332
POSTHOC_DESCRIPTIVE_NOT_PROMOTION_EVIDENCE,fold0_dev_same_t_ranked,RT-1213,RT-1214,0.7570947341231776,806332
POSTHOC_DESCRIPTIVE_NOT_PROMOTION_EVIDENCE,fold0_dev_same_t_ranked,RT-1213,RT-1215,0.7554562739869298,806332
POSTHOC_DESCRIPTIVE_NOT_PROMOTION_EVIDENCE,fold0_dev_same_t_ranked,RT-1213,RT-1216,0.722233547336917,806332
POSTHOC_DESCRIPTIVE_NOT_PROMOTION_EVIDENCE,fold0_dev_same_t_ranked,RT-1213,RT-1217,0.7414715721488429,806332
POSTHOC_DESCRIPTIVE_NOT_PROMOTION_EVIDENCE,fold0_dev_same_t_ranked,RT-1213,RT-1218,0.02589917110093293,806332
POSTHOC_DESCRIPTIVE_NOT_PROMOTION_EVIDENCE,fold0_dev_same_t_ranked,RT-1213,RT-300,0.7279962578689648,806332
POSTHOC_DESCRIPTIVE_NOT_PROMOTION_EVIDENCE,fold0_dev_same_t_ranked,RT-1213,RT-410,0.599730161260536,806332
POSTHOC_DESCRIPTIVE_NOT_PROMOTION_EVIDENCE,fold0_dev_same_t_ranked,RT-1213,RT-411,0.5717257901827694,806332
POSTHOC_DESCRIPTIVE_NOT_PROMOTION_EVIDENCE,fold0_dev_same_t_ranked,RT-1213,RT-412,0.6447010930182142,806332
POSTHOC_DESCRIPTIVE_NOT_PROMOTION_EVIDENCE,fold0_dev_same_t_ranked,RT-1213,RT-413,0.7182391593114773,806332
POSTHOC_DESCRIPTIVE_NOT_PROMOTION_EVIDENCE,fold0_dev_same_t_ranked,RT-1213,RT-414,0.5691946256911044,806332
POSTHOC_DESCRIPTIVE_NOT_PROMOTION_EVIDENCE,fold0_dev_same_t_ranked,RT-1213,RT-415,0.7049183432295145,806332
POSTHOC_DESCRIPTIVE_NOT_PROMOTION_EVIDENCE,fold0_dev_same_t_ranked,RT-1213,RT-401,0.7166597841763531,806332
POSTHOC_DESCRIPTIVE_NOT_PROMOTION_EVIDENCE,fold0_dev_same_t_ranked,RT-1213,RT-995,0.6924836048281906,806332
POSTHOC_DESCRIPTIVE_NOT_PROMOTION_EVIDENCE,fold0_dev_same_t_ranked,RT-1214,RT600_BLEND,0.8194613665070934,806332
POSTHOC_DESCRIPTIVE_NOT_PROMOTION_EVIDENCE,fold0_dev_same_t_ranked,RT-1214,RT-1200,0.5849631239779381,806332
POSTHOC_DESCRIPTIVE_NOT_PROMOTION_EVIDENCE,fold0_dev_same_t_ranked,RT-1214,RT-1201,0.2383105045822913,806332
POSTHOC_DESCRIPTIVE_NOT_PROMOTION_EVIDENCE,fold0_dev_same_t_ranked,RT-1214,RT-1202,0.012312775076158154,806332
POSTHOC_DESCRIPTIVE_NOT_PROMOTION_EVIDENCE,fold0_dev_same_t_ranked,RT-1214,RT-1203,0.010087040785639118,806332
POSTHOC_DESCRIPTIVE_NOT_PROMOTION_EVIDENCE,fold0_dev_same_t_ranked,RT-1214,RT-1204,0.7899050129185036,806332
POSTHOC_DESCRIPTIVE_NOT_PROMOTION_EVIDENCE,fold0_dev_same_t_ranked,RT-1214,RT-1205,0.8093913663483505,806332
POSTHOC_DESCRIPTIVE_NOT_PROMOTION_EVIDENCE,fold0_dev_same_t_ranked,RT-1214,RT-1206,0.7817809904119103,806332
POSTHOC_DESCRIPTIVE_NOT_PROMOTION_EVIDENCE,fold0_dev_same_t_ranked,RT-1214,RT-1207,0.7804851287760354,806332
POSTHOC_DESCRIPTIVE_NOT_PROMOTION_EVIDENCE,fold0_dev_same_t_ranked,RT-1214,RT-1208,0.7750317160107902,806332
POSTHOC_DESCRIPTIVE_NOT_PROMOTION_EVIDENCE,fold0_dev_same_t_ranked,RT-1214,RT-1209,0.7852572615808356,806332
POSTHOC_DESCRIPTIVE_NOT_PROMOTION_EVIDENCE,fold0_dev_same_t_ranked,RT-1214,RT-1210,0.7970870161031638,806332
POSTHOC_DESCRIPTIVE_NOT_PROMOTION_EVIDENCE,fold0_dev_same_t_ranked,RT-1214,RT-1211,0.7918412513241583,806332
POSTHOC_DESCRIPTIVE_NOT_PROMOTION_EVIDENCE,fold0_dev_same_t_ranked,RT-1214,RT-1212,0.7538398787679546,806332
POSTHOC_DESCRIPTIVE_NOT_PROMOTION_EVIDENCE,fold0_dev_same_t_ranked,RT-1214,RT-1213,0.7570947341231776,806332
POSTHOC_DESCRIPTIVE_NOT_PROMOTION_EVIDENCE,fold0_dev_same_t_ranked,RT-1214,RT-1214,1.0,806332
POSTHOC_DESCRIPTIVE_NOT_PROMOTION_EVIDENCE,fold0_dev_same_t_ranked,RT-1214,RT-1215,0.8043352412117427,806332
POSTHOC_DESCRIPTIVE_NOT_PROMOTION_EVIDENCE,fold0_dev_same_t_ranked,RT-1214,RT-1216,0.7478729614409693,806332
POSTHOC_DESCRIPTIVE_NOT_PROMOTION_EVIDENCE,fold0_dev_same_t_ranked,RT-1214,RT-1217,0.7679899887236291,806332
POSTHOC_DESCRIPTIVE_NOT_PROMOTION_EVIDENCE,fold0_dev_same_t_ranked,RT-1214,RT-1218,0.026025075745744593,806332
POSTHOC_DESCRIPTIVE_NOT_PROMOTION_EVIDENCE,fold0_dev_same_t_ranked,RT-1214,RT-300,0.7520130161552128,806332
POSTHOC_DESCRIPTIVE_NOT_PROMOTION_EVIDENCE,fold0_dev_same_t_ranked,RT-1214,RT-410,0.6192511541142465,806332
POSTHOC_DESCRIPTIVE_NOT_PROMOTION_EVIDENCE,fold0_dev_same_t_ranked,RT-1214,RT-411,0.5873425506054714,806332
POSTHOC_DESCRIPTIVE_NOT_PROMOTION_EVIDENCE,fold0_dev_same_t_ranked,RT-1214,RT-412,0.6645492230977357,806332
POSTHOC_DESCRIPTIVE_NOT_PROMOTION_EVIDENCE,fold0_dev_same_t_ranked,RT-1214,RT-413,0.7436208233978826,806332
POSTHOC_DESCRIPTIVE_NOT_PROMOTION_EVIDENCE,fold0_dev_same_t_ranked,RT-1214,RT-414,0.5770168983294612,806332
POSTHOC_DESCRIPTIVE_NOT_PROMOTION_EVIDENCE,fold0_dev_same_t_ranked,RT-1214,RT-415,0.7315110591125857,806332
POSTHOC_DESCRIPTIVE_NOT_PROMOTION_EVIDENCE,fold0_dev_same_t_ranked,RT-1214,RT-401,0.744096777218159,806332
POSTHOC_DESCRIPTIVE_NOT_PROMOTION_EVIDENCE,fold0_dev_same_t_ranked,RT-1214,RT-995,0.7103185801451817,806332
POSTHOC_DESCRIPTIVE_NOT_PROMOTION_EVIDENCE,fold0_dev_same_t_ranked,RT-1215,RT600_BLEND,0.8172541239504194,806332
POSTHOC_DESCRIPTIVE_NOT_PROMOTION_EVIDENCE,fold0_dev_same_t_ranked,RT-1215,RT-1200,0.5846635421971266,806332
POSTHOC_DESCRIPTIVE_NOT_PROMOTION_EVIDENCE,fold0_dev_same_t_ranked,RT-1215,RT-1201,0.2483719716166766,806332
POSTHOC_DESCRIPTIVE_NOT_PROMOTION_EVIDENCE,fold0_dev_same_t_ranked,RT-1215,RT-1202,0.00994478976380915,806332
POSTHOC_DESCRIPTIVE_NOT_PROMOTION_EVIDENCE,fold0_dev_same_t_ranked,RT-1215,RT-1203,0.010278530712824583,806332
POSTHOC_DESCRIPTIVE_NOT_PROMOTION_EVIDENCE,fold0_dev_same_t_ranked,RT-1215,RT-1204,0.7866255346259385,806332
POSTHOC_DESCRIPTIVE_NOT_PROMOTION_EVIDENCE,fold0_dev_same_t_ranked,RT-1215,RT-1205,0.8139856585945298,806332
POSTHOC_DESCRIPTIVE_NOT_PROMOTION_EVIDENCE,fold0_dev_same_t_ranked,RT-1215,RT-1206,0.7771903742416157,806332
POSTHOC_DESCRIPTIVE_NOT_PROMOTION_EVIDENCE,fold0_dev_same_t_ranked,RT-1215,RT-1207,0.7819940318215699,806332
POSTHOC_DESCRIPTIVE_NOT_PROMOTION_EVIDENCE,fold0_dev_same_t_ranked,RT-1215,RT-1208,0.7751781534421356,806332
POSTHOC_DESCRIPTIVE_NOT_PROMOTION_EVIDENCE,fold0_dev_same_t_ranked,RT-1215,RT-1209,0.7836151993497741,806332
POSTHOC_DESCRIPTIVE_NOT_PROMOTION_EVIDENCE,fold0_dev_same_t_ranked,RT-1215,RT-1210,0.7971024739634006,806332
POSTHOC_DESCRIPTIVE_NOT_PROMOTION_EVIDENCE,fold0_dev_same_t_ranked,RT-1215,RT-1211,0.7892667578768404,806332
POSTHOC_DESCRIPTIVE_NOT_PROMOTION_EVIDENCE,fold0_dev_same_t_ranked,RT-1215,RT-1212,0.7492241704251577,806332
POSTHOC_DESCRIPTIVE_NOT_PROMOTION_EVIDENCE,fold0_dev_same_t_ranked,RT-1215,RT-1213,0.7554562739869298,806332
POSTHOC_DESCRIPTIVE_NOT_PROMOTION_EVIDENCE,fold0_dev_same_t_ranked,RT-1215,RT-1214,0.8043352412117427,806332
POSTHOC_DESCRIPTIVE_NOT_PROMOTION_EVIDENCE,fold0_dev_same_t_ranked,RT-1215,RT-1215,1.0,806332
POSTHOC_DESCRIPTIVE_NOT_PROMOTION_EVIDENCE,fold0_dev_same_t_ranked,RT-1215,RT-1216,0.7479956192288543,806332
POSTHOC_DESCRIPTIVE_NOT_PROMOTION_EVIDENCE,fold0_dev_same_t_ranked,RT-1215,RT-1217,0.7681507207742269,806332
POSTHOC_DESCRIPTIVE_NOT_PROMOTION_EVIDENCE,fold0_dev_same_t_ranked,RT-1215,RT-1218,0.03389735413636895,806332
POSTHOC_DESCRIPTIVE_NOT_PROMOTION_EVIDENCE,fold0_dev_same_t_ranked,RT-1215,RT-300,0.7523439581765057,806332
POSTHOC_DESCRIPTIVE_NOT_PROMOTION_EVIDENCE,fold0_dev_same_t_ranked,RT-1215,RT-410,0.6106010254879775,806332
POSTHOC_DESCRIPTIVE_NOT_PROMOTION_EVIDENCE,fold0_dev_same_t_ranked,RT-1215,RT-411,0.5910121148295768,806332
POSTHOC_DESCRIPTIVE_NOT_PROMOTION_EVIDENCE,fold0_dev_same_t_ranked,RT-1215,RT-412,0.6666054166055752,806332
POSTHOC_DESCRIPTIVE_NOT_PROMOTION_EVIDENCE,fold0_dev_same_t_ranked,RT-1215,RT-413,0.7431311028657445,806332
POSTHOC_DESCRIPTIVE_NOT_PROMOTION_EVIDENCE,fold0_dev_same_t_ranked,RT-1215,RT-414,0.573570658389854,806332
POSTHOC_DESCRIPTIVE_NOT_PROMOTION_EVIDENCE,fold0_dev_same_t_ranked,RT-1215,RT-415,0.7249504041799133,806332
POSTHOC_DESCRIPTIVE_NOT_PROMOTION_EVIDENCE,fold0_dev_same_t_ranked,RT-1215,RT-401,0.7380769391732388,806332
POSTHOC_DESCRIPTIVE_NOT_PROMOTION_EVIDENCE,fold0_dev_same_t_ranked,RT-1215,RT-995,0.709057867830544,806332
POSTHOC_DESCRIPTIVE_NOT_PROMOTION_EVIDENCE,fold0_dev_same_t_ranked,RT-1216,RT600_BLEND,0.7889331710547075,806332
POSTHOC_DESCRIPTIVE_NOT_PROMOTION_EVIDENCE,fold0_dev_same_t_ranked,RT-1216,RT-1200,0.5749447970611126,806332
POSTHOC_DESCRIPTIVE_NOT_PROMOTION_EVIDENCE,fold0_dev_same_t_ranked,RT-1216,RT-1201,0.23849710338750454,806332
POSTHOC_DESCRIPTIVE_NOT_PROMOTION_EVIDENCE,fold0_dev_same_t_ranked,RT-1216,RT-1202,0.013487169664886486,806332
POSTHOC_DESCRIPTIVE_NOT_PROMOTION_EVIDENCE,fold0_dev_same_t_ranked,RT-1216,RT-1203,0.002457751039340804,806332
POSTHOC_DESCRIPTIVE_NOT_PROMOTION_EVIDENCE,fold0_dev_same_t_ranked,RT-1216,RT-1204,0.7524527537054619,806332
POSTHOC_DESCRIPTIVE_NOT_PROMOTION_EVIDENCE,fold0_dev_same_t_ranked,RT-1216,RT-1205,0.747120032039782,806332
POSTHOC_DESCRIPTIVE_NOT_PROMOTION_EVIDENCE,fold0_dev_same_t_ranked,RT-1216,RT-1206,0.7617002218963688,806332
POSTHOC_DESCRIPTIVE_NOT_PROMOTION_EVIDENCE,fold0_dev_same_t_ranked,RT-1216,RT-1207,0.7458752127279986,806332
POSTHOC_DESCRIPTIVE_NOT_PROMOTION_EVIDENCE,fold0_dev_same_t_ranked,RT-1216,RT-1208,0.7510198326994993,806332
POSTHOC_DESCRIPTIVE_NOT_PROMOTION_EVIDENCE,fold0_dev_same_t_ranked,RT-1216,RT-1209,0.7459149058508645,806332
POSTHOC_DESCRIPTIVE_NOT_PROMOTION_EVIDENCE,fold0_dev_same_t_ranked,RT-1216,RT-1210,0.7466014109926871,806332
POSTHOC_DESCRIPTIVE_NOT_PROMOTION_EVIDENCE,fold0_dev_same_t_ranked,RT-1216,RT-1211,0.7426404466037041,806332
POSTHOC_DESCRIPTIVE_NOT_PROMOTION_EVIDENCE,fold0_dev_same_t_ranked,RT-1216,RT-1212,0.7195645431324871,806332
POSTHOC_DESCRIPTIVE_NOT_PROMOTION_EVIDENCE,fold0_dev_same_t_ranked,RT-1216,RT-1213,0.722233547336917,806332
POSTHOC_DESCRIPTIVE_NOT_PROMOTION_EVIDENCE,fold0_dev_same_t_ranked,RT-1216,RT-1214,0.7478729614409693,806332
POSTHOC_DESCRIPTIVE_NOT_PROMOTION_EVIDENCE,fold0_dev_same_t_ranked,RT-1216,RT-1215,0.7479956192288543,806332
POSTHOC_DESCRIPTIVE_NOT_PROMOTION_EVIDENCE,fold0_dev_same_t_ranked,RT-1216,RT-1216,1.0,806332
POSTHOC_DESCRIPTIVE_NOT_PROMOTION_EVIDENCE,fold0_dev_same_t_ranked,RT-1216,RT-1217,0.776788622397994,806332
POSTHOC_DESCRIPTIVE_NOT_PROMOTION_EVIDENCE,fold0_dev_same_t_ranked,RT-1216,RT-1218,0.0402204124152538,806332
POSTHOC_DESCRIPTIVE_NOT_PROMOTION_EVIDENCE,fold0_dev_same_t_ranked,RT-1216,RT-300,0.7265350530737483,806332
POSTHOC_DESCRIPTIVE_NOT_PROMOTION_EVIDENCE,fold0_dev_same_t_ranked,RT-1216,RT-410,0.6012231468085488,806332
POSTHOC_DESCRIPTIVE_NOT_PROMOTION_EVIDENCE,fold0_dev_same_t_ranked,RT-1216,RT-411,0.5626540462052024,806332
POSTHOC_DESCRIPTIVE_NOT_PROMOTION_EVIDENCE,fold0_dev_same_t_ranked,RT-1216,RT-412,0.634937425373005,806332
POSTHOC_DESCRIPTIVE_NOT_PROMOTION_EVIDENCE,fold0_dev_same_t_ranked,RT-1216,RT-413,0.7172839662318291,806332
POSTHOC_DESCRIPTIVE_NOT_PROMOTION_EVIDENCE,fold0_dev_same_t_ranked,RT-1216,RT-414,0.5655866527124337,806332
POSTHOC_DESCRIPTIVE_NOT_PROMOTION_EVIDENCE,fold0_dev_same_t_ranked,RT-1216,RT-415,0.7020639353485788,806332
POSTHOC_DESCRIPTIVE_NOT_PROMOTION_EVIDENCE,fold0_dev_same_t_ranked,RT-1216,RT-401,0.7142782843907357,806332
POSTHOC_DESCRIPTIVE_NOT_PROMOTION_EVIDENCE,fold0_dev_same_t_ranked,RT-1216,RT-995,0.6880351941710952,806332
POSTHOC_DESCRIPTIVE_NOT_PROMOTION_EVIDENCE,fold0_dev_same_t_ranked,RT-1217,RT600_BLEND,0.8026686731028986,806332
POSTHOC_DESCRIPTIVE_NOT_PROMOTION_EVIDENCE,fold0_dev_same_t_ranked,RT-1217,RT-1200,0.5728899117333994,806332
POSTHOC_DESCRIPTIVE_NOT_PROMOTION_EVIDENCE,fold0_dev_same_t_ranked,RT-1217,RT-1201,0.23840828892155463,806332
POSTHOC_DESCRIPTIVE_NOT_PROMOTION_EVIDENCE,fold0_dev_same_t_ranked,RT-1217,RT-1202,0.019098696031289393,806332
POSTHOC_DESCRIPTIVE_NOT_PROMOTION_EVIDENCE,fold0_dev_same_t_ranked,RT-1217,RT-1203,0.008880212643557372,806332
POSTHOC_DESCRIPTIVE_NOT_PROMOTION_EVIDENCE,fold0_dev_same_t_ranked,RT-1217,RT-1204,0.7705641521252207,806332
POSTHOC_DESCRIPTIVE_NOT_PROMOTION_EVIDENCE,fold0_dev_same_t_ranked,RT-1217,RT-1205,0.7670644500963453,806332
POSTHOC_DESCRIPTIVE_NOT_PROMOTION_EVIDENCE,fold0_dev_same_t_ranked,RT-1217,RT-1206,0.7782366650565399,806332
POSTHOC_DESCRIPTIVE_NOT_PROMOTION_EVIDENCE,fold0_dev_same_t_ranked,RT-1217,RT-1207,0.7667683814358218,806332
POSTHOC_DESCRIPTIVE_NOT_PROMOTION_EVIDENCE,fold0_dev_same_t_ranked,RT-1217,RT-1208,0.7717771714322079,806332
POSTHOC_DESCRIPTIVE_NOT_PROMOTION_EVIDENCE,fold0_dev_same_t_ranked,RT-1217,RT-1209,0.7699436089507706,806332
POSTHOC_DESCRIPTIVE_NOT_PROMOTION_EVIDENCE,fold0_dev_same_t_ranked,RT-1217,RT-1210,0.7646677541703967,806332
POSTHOC_DESCRIPTIVE_NOT_PROMOTION_EVIDENCE,fold0_dev_same_t_ranked,RT-1217,RT-1211,0.7627911544717256,806332
POSTHOC_DESCRIPTIVE_NOT_PROMOTION_EVIDENCE,fold0_dev_same_t_ranked,RT-1217,RT-1212,0.7319350117487599,806332
POSTHOC_DESCRIPTIVE_NOT_PROMOTION_EVIDENCE,fold0_dev_same_t_ranked,RT-1217,RT-1213,0.7414715721488429,806332
POSTHOC_DESCRIPTIVE_NOT_PROMOTION_EVIDENCE,fold0_dev_same_t_ranked,RT-1217,RT-1214,0.7679899887236291,806332
POSTHOC_DESCRIPTIVE_NOT_PROMOTION_EVIDENCE,fold0_dev_same_t_ranked,RT-1217,RT-1215,0.7681507207742269,806332
POSTHOC_DESCRIPTIVE_NOT_PROMOTION_EVIDENCE,fold0_dev_same_t_ranked,RT-1217,RT-1216,0.776788622397994,806332
POSTHOC_DESCRIPTIVE_NOT_PROMOTION_EVIDENCE,fold0_dev_same_t_ranked,RT-1217,RT-1217,1.0,806332
POSTHOC_DESCRIPTIVE_NOT_PROMOTION_EVIDENCE,fold0_dev_same_t_ranked,RT-1217,RT-1218,0.04018086702382271,806332
POSTHOC_DESCRIPTIVE_NOT_PROMOTION_EVIDENCE,fold0_dev_same_t_ranked,RT-1217,RT-300,0.7363840372929936,806332
POSTHOC_DESCRIPTIVE_NOT_PROMOTION_EVIDENCE,fold0_dev_same_t_ranked,RT-1217,RT-410,0.6087249814715164,806332
POSTHOC_DESCRIPTIVE_NOT_PROMOTION_EVIDENCE,fold0_dev_same_t_ranked,RT-1217,RT-411,0.569886692648699,806332
POSTHOC_DESCRIPTIVE_NOT_PROMOTION_EVIDENCE,fold0_dev_same_t_ranked,RT-1217,RT-412,0.6562086830572502,806332
POSTHOC_DESCRIPTIVE_NOT_PROMOTION_EVIDENCE,fold0_dev_same_t_ranked,RT-1217,RT-413,0.7272851162984018,806332
POSTHOC_DESCRIPTIVE_NOT_PROMOTION_EVIDENCE,fold0_dev_same_t_ranked,RT-1217,RT-414,0.5692400286082238,806332
POSTHOC_DESCRIPTIVE_NOT_PROMOTION_EVIDENCE,fold0_dev_same_t_ranked,RT-1217,RT-415,0.7139559817550207,806332
POSTHOC_DESCRIPTIVE_NOT_PROMOTION_EVIDENCE,fold0_dev_same_t_ranked,RT-1217,RT-401,0.7282234859106131,806332
POSTHOC_DESCRIPTIVE_NOT_PROMOTION_EVIDENCE,fold0_dev_same_t_ranked,RT-1217,RT-995,0.6945309492771515,806332
POSTHOC_DESCRIPTIVE_NOT_PROMOTION_EVIDENCE,fold0_dev_same_t_ranked,RT-1218,RT600_BLEND,0.015195049961822957,806332
POSTHOC_DESCRIPTIVE_NOT_PROMOTION_EVIDENCE,fold0_dev_same_t_ranked,RT-1218,RT-1200,0.050700812842114654,806332
POSTHOC_DESCRIPTIVE_NOT_PROMOTION_EVIDENCE,fold0_dev_same_t_ranked,RT-1218,RT-1201,0.16589145254713467,806332
POSTHOC_DESCRIPTIVE_NOT_PROMOTION_EVIDENCE,fold0_dev_same_t_ranked,RT-1218,RT-1202,0.026291213381471595,806332
POSTHOC_DESCRIPTIVE_NOT_PROMOTION_EVIDENCE,fold0_dev_same_t_ranked,RT-1218,RT-1203,-0.009857927377544632,806332
POSTHOC_DESCRIPTIVE_NOT_PROMOTION_EVIDENCE,fold0_dev_same_t_ranked,RT-1218,RT-1204,0.024072133079544172,806332
POSTHOC_DESCRIPTIVE_NOT_PROMOTION_EVIDENCE,fold0_dev_same_t_ranked,RT-1218,RT-1205,0.036846784418983335,806332
POSTHOC_DESCRIPTIVE_NOT_PROMOTION_EVIDENCE,fold0_dev_same_t_ranked,RT-1218,RT-1206,0.03648989769287997,806332
POSTHOC_DESCRIPTIVE_NOT_PROMOTION_EVIDENCE,fold0_dev_same_t_ranked,RT-1218,RT-1207,0.036519153936179535,806332
POSTHOC_DESCRIPTIVE_NOT_PROMOTION_EVIDENCE,fold0_dev_same_t_ranked,RT-1218,RT-1208,0.021542734855241365,806332
POSTHOC_DESCRIPTIVE_NOT_PROMOTION_EVIDENCE,fold0_dev_same_t_ranked,RT-1218,RT-1209,0.04081475414832702,806332
POSTHOC_DESCRIPTIVE_NOT_PROMOTION_EVIDENCE,fold0_dev_same_t_ranked,RT-1218,RT-1210,0.028030768238298764,806332
POSTHOC_DESCRIPTIVE_NOT_PROMOTION_EVIDENCE,fold0_dev_same_t_ranked,RT-1218,RT-1211,0.023406603276651127,806332
POSTHOC_DESCRIPTIVE_NOT_PROMOTION_EVIDENCE,fold0_dev_same_t_ranked,RT-1218,RT-1212,0.020395053424890817,806332
POSTHOC_DESCRIPTIVE_NOT_PROMOTION_EVIDENCE,fold0_dev_same_t_ranked,RT-1218,RT-1213,0.02589917110093293,806332
POSTHOC_DESCRIPTIVE_NOT_PROMOTION_EVIDENCE,fold0_dev_same_t_ranked,RT-1218,RT-1214,0.026025075745744593,806332
POSTHOC_DESCRIPTIVE_NOT_PROMOTION_EVIDENCE,fold0_dev_same_t_ranked,RT-1218,RT-1215,0.03389735413636895,806332
POSTHOC_DESCRIPTIVE_NOT_PROMOTION_EVIDENCE,fold0_dev_same_t_ranked,RT-1218,RT-1216,0.0402204124152538,806332
POSTHOC_DESCRIPTIVE_NOT_PROMOTION_EVIDENCE,fold0_dev_same_t_ranked,RT-1218,RT-1217,0.04018086702382271,806332
POSTHOC_DESCRIPTIVE_NOT_PROMOTION_EVIDENCE,fold0_dev_same_t_ranked,RT-1218,RT-1218,1.0,806332
POSTHOC_DESCRIPTIVE_NOT_PROMOTION_EVIDENCE,fold0_dev_same_t_ranked,RT-1218,RT-300,0.02673300457308524,806332
POSTHOC_DESCRIPTIVE_NOT_PROMOTION_EVIDENCE,fold0_dev_same_t_ranked,RT-1218,RT-410,0.030604905875766333,806332
POSTHOC_DESCRIPTIVE_NOT_PROMOTION_EVIDENCE,fold0_dev_same_t_ranked,RT-1218,RT-411,0.015343616159308035,806332
POSTHOC_DESCRIPTIVE_NOT_PROMOTION_EVIDENCE,fold0_dev_same_t_ranked,RT-1218,RT-412,-0.007851735217000355,806332
POSTHOC_DESCRIPTIVE_NOT_PROMOTION_EVIDENCE,fold0_dev_same_t_ranked,RT-1218,RT-413,0.0035413656532732453,806332
POSTHOC_DESCRIPTIVE_NOT_PROMOTION_EVIDENCE,fold0_dev_same_t_ranked,RT-1218,RT-414,0.0448299834282562,806332
POSTHOC_DESCRIPTIVE_NOT_PROMOTION_EVIDENCE,fold0_dev_same_t_ranked,RT-1218,RT-415,0.023218137775055808,806332
POSTHOC_DESCRIPTIVE_NOT_PROMOTION_EVIDENCE,fold0_dev_same_t_ranked,RT-1218,RT-401,0.021730889046778536,806332
POSTHOC_DESCRIPTIVE_NOT_PROMOTION_EVIDENCE,fold0_dev_same_t_ranked,RT-1218,RT-995,0.05560632786080583,806332
POSTHOC_DESCRIPTIVE_NOT_PROMOTION_EVIDENCE,fold0_dev_same_t_ranked,RT-300,RT600_BLEND,0.8668879739237505,806332
POSTHOC_DESCRIPTIVE_NOT_PROMOTION_EVIDENCE,fold0_dev_same_t_ranked,RT-300,RT-1200,0.6064659857840139,806332
POSTHOC_DESCRIPTIVE_NOT_PROMOTION_EVIDENCE,fold0_dev_same_t_ranked,RT-300,RT-1201,0.25766287969965807,806332
POSTHOC_DESCRIPTIVE_NOT_PROMOTION_EVIDENCE,fold0_dev_same_t_ranked,RT-300,RT-1202,0.009853498162123187,806332
POSTHOC_DESCRIPTIVE_NOT_PROMOTION_EVIDENCE,fold0_dev_same_t_ranked,RT-300,RT-1203,0.007447280942536526,806332
POSTHOC_DESCRIPTIVE_NOT_PROMOTION_EVIDENCE,fold0_dev_same_t_ranked,RT-300,RT-1204,0.7512916589333075,806332
POSTHOC_DESCRIPTIVE_NOT_PROMOTION_EVIDENCE,fold0_dev_same_t_ranked,RT-300,RT-1205,0.7542910120287876,806332
POSTHOC_DESCRIPTIVE_NOT_PROMOTION_EVIDENCE,fold0_dev_same_t_ranked,RT-300,RT-1206,0.7525566219145676,806332
POSTHOC_DESCRIPTIVE_NOT_PROMOTION_EVIDENCE,fold0_dev_same_t_ranked,RT-300,RT-1207,0.7502628304483566,806332
POSTHOC_DESCRIPTIVE_NOT_PROMOTION_EVIDENCE,fold0_dev_same_t_ranked,RT-300,RT-1208,0.7439339542929291,806332
POSTHOC_DESCRIPTIVE_NOT_PROMOTION_EVIDENCE,fold0_dev_same_t_ranked,RT-300,RT-1209,0.7523955353088047,806332
POSTHOC_DESCRIPTIVE_NOT_PROMOTION_EVIDENCE,fold0_dev_same_t_ranked,RT-300,RT-1210,0.7527538425141819,806332
POSTHOC_DESCRIPTIVE_NOT_PROMOTION_EVIDENCE,fold0_dev_same_t_ranked,RT-300,RT-1211,0.7473590301913721,806332
POSTHOC_DESCRIPTIVE_NOT_PROMOTION_EVIDENCE,fold0_dev_same_t_ranked,RT-300,RT-1212,0.7199516467596139,806332
POSTHOC_DESCRIPTIVE_NOT_PROMOTION_EVIDENCE,fold0_dev_same_t_ranked,RT-300,RT-1213,0.7279962578689648,806332
POSTHOC_DESCRIPTIVE_NOT_PROMOTION_EVIDENCE,fold0_dev_same_t_ranked,RT-300,RT-1214,0.7520130161552128,806332
POSTHOC_DESCRIPTIVE_NOT_PROMOTION_EVIDENCE,fold0_dev_same_t_ranked,RT-300,RT-1215,0.7523439581765057,806332
POSTHOC_DESCRIPTIVE_NOT_PROMOTION_EVIDENCE,fold0_dev_same_t_ranked,RT-300,RT-1216,0.7265350530737483,806332
POSTHOC_DESCRIPTIVE_NOT_PROMOTION_EVIDENCE,fold0_dev_same_t_ranked,RT-300,RT-1217,0.7363840372929936,806332
POSTHOC_DESCRIPTIVE_NOT_PROMOTION_EVIDENCE,fold0_dev_same_t_ranked,RT-300,RT-1218,0.02673300457308524,806332
POSTHOC_DESCRIPTIVE_NOT_PROMOTION_EVIDENCE,fold0_dev_same_t_ranked,RT-300,RT-300,1.0,806332
POSTHOC_DESCRIPTIVE_NOT_PROMOTION_EVIDENCE,fold0_dev_same_t_ranked,RT-300,RT-410,0.6286730942512031,806332
POSTHOC_DESCRIPTIVE_NOT_PROMOTION_EVIDENCE,fold0_dev_same_t_ranked,RT-300,RT-411,0.5969891745443136,806332
POSTHOC_DESCRIPTIVE_NOT_PROMOTION_EVIDENCE,fold0_dev_same_t_ranked,RT-300,RT-412,0.6493524952091954,806332
POSTHOC_DESCRIPTIVE_NOT_PROMOTION_EVIDENCE,fold0_dev_same_t_ranked,RT-300,RT-413,0.7496913117117356,806332
POSTHOC_DESCRIPTIVE_NOT_PROMOTION_EVIDENCE,fold0_dev_same_t_ranked,RT-300,RT-414,0.5916437433955979,806332
POSTHOC_DESCRIPTIVE_NOT_PROMOTION_EVIDENCE,fold0_dev_same_t_ranked,RT-300,RT-415,0.7291198056244882,806332
POSTHOC_DESCRIPTIVE_NOT_PROMOTION_EVIDENCE,fold0_dev_same_t_ranked,RT-300,RT-401,0.7653589884912899,806332
POSTHOC_DESCRIPTIVE_NOT_PROMOTION_EVIDENCE,fold0_dev_same_t_ranked,RT-300,RT-995,0.7115468868358621,806332
POSTHOC_DESCRIPTIVE_NOT_PROMOTION_EVIDENCE,fold0_dev_same_t_ranked,RT-410,RT600_BLEND,0.7823239633129506,806332
POSTHOC_DESCRIPTIVE_NOT_PROMOTION_EVIDENCE,fold0_dev_same_t_ranked,RT-410,RT-1200,0.556561809858394,806332
POSTHOC_DESCRIPTIVE_NOT_PROMOTION_EVIDENCE,fold0_dev_same_t_ranked,RT-410,RT-1201,0.23422041335765745,806332
POSTHOC_DESCRIPTIVE_NOT_PROMOTION_EVIDENCE,fold0_dev_same_t_ranked,RT-410,RT-1202,0.0022677319497786913,806332
POSTHOC_DESCRIPTIVE_NOT_PROMOTION_EVIDENCE,fold0_dev_same_t_ranked,RT-410,RT-1203,0.008017495972067197,806332
POSTHOC_DESCRIPTIVE_NOT_PROMOTION_EVIDENCE,fold0_dev_same_t_ranked,RT-410,RT-1204,0.6224379370158469,806332
POSTHOC_DESCRIPTIVE_NOT_PROMOTION_EVIDENCE,fold0_dev_same_t_ranked,RT-410,RT-1205,0.6149330958348069,806332
POSTHOC_DESCRIPTIVE_NOT_PROMOTION_EVIDENCE,fold0_dev_same_t_ranked,RT-410,RT-1206,0.6197783080523929,806332
POSTHOC_DESCRIPTIVE_NOT_PROMOTION_EVIDENCE,fold0_dev_same_t_ranked,RT-410,RT-1207,0.6166692786820722,806332
POSTHOC_DESCRIPTIVE_NOT_PROMOTION_EVIDENCE,fold0_dev_same_t_ranked,RT-410,RT-1208,0.6122425018124275,806332
POSTHOC_DESCRIPTIVE_NOT_PROMOTION_EVIDENCE,fold0_dev_same_t_ranked,RT-410,RT-1209,0.6181413572304788,806332
POSTHOC_DESCRIPTIVE_NOT_PROMOTION_EVIDENCE,fold0_dev_same_t_ranked,RT-410,RT-1210,0.6214104095657661,806332
POSTHOC_DESCRIPTIVE_NOT_PROMOTION_EVIDENCE,fold0_dev_same_t_ranked,RT-410,RT-1211,0.6147955444226151,806332
POSTHOC_DESCRIPTIVE_NOT_PROMOTION_EVIDENCE,fold0_dev_same_t_ranked,RT-410,RT-1212,0.599624871062639,806332
POSTHOC_DESCRIPTIVE_NOT_PROMOTION_EVIDENCE,fold0_dev_same_t_ranked,RT-410,RT-1213,0.599730161260536,806332
POSTHOC_DESCRIPTIVE_NOT_PROMOTION_EVIDENCE,fold0_dev_same_t_ranked,RT-410,RT-1214,0.6192511541142465,806332
POSTHOC_DESCRIPTIVE_NOT_PROMOTION_EVIDENCE,fold0_dev_same_t_ranked,RT-410,RT-1215,0.6106010254879775,806332
POSTHOC_DESCRIPTIVE_NOT_PROMOTION_EVIDENCE,fold0_dev_same_t_ranked,RT-410,RT-1216,0.6012231468085488,806332
POSTHOC_DESCRIPTIVE_NOT_PROMOTION_EVIDENCE,fold0_dev_same_t_ranked,RT-410,RT-1217,0.6087249814715164,806332
POSTHOC_DESCRIPTIVE_NOT_PROMOTION_EVIDENCE,fold0_dev_same_t_ranked,RT-410,RT-1218,0.030604905875766333,806332
POSTHOC_DESCRIPTIVE_NOT_PROMOTION_EVIDENCE,fold0_dev_same_t_ranked,RT-410,RT-300,0.6286730942512031,806332
POSTHOC_DESCRIPTIVE_NOT_PROMOTION_EVIDENCE,fold0_dev_same_t_ranked,RT-410,RT-410,1.0,806332
POSTHOC_DESCRIPTIVE_NOT_PROMOTION_EVIDENCE,fold0_dev_same_t_ranked,RT-410,RT-411,0.3730534589639019,806332
POSTHOC_DESCRIPTIVE_NOT_PROMOTION_EVIDENCE,fold0_dev_same_t_ranked,RT-410,RT-412,0.5524681740259159,806332
POSTHOC_DESCRIPTIVE_NOT_PROMOTION_EVIDENCE,fold0_dev_same_t_ranked,RT-410,RT-413,0.6212722576648309,806332
POSTHOC_DESCRIPTIVE_NOT_PROMOTION_EVIDENCE,fold0_dev_same_t_ranked,RT-410,RT-414,0.6720769343652431,806332
POSTHOC_DESCRIPTIVE_NOT_PROMOTION_EVIDENCE,fold0_dev_same_t_ranked,RT-410,RT-415,0.6031692965097017,806332
POSTHOC_DESCRIPTIVE_NOT_PROMOTION_EVIDENCE,fold0_dev_same_t_ranked,RT-410,RT-401,0.6205864165364512,806332
POSTHOC_DESCRIPTIVE_NOT_PROMOTION_EVIDENCE,fold0_dev_same_t_ranked,RT-410,RT-995,0.625184628522412,806332
POSTHOC_DESCRIPTIVE_NOT_PROMOTION_EVIDENCE,fold0_dev_same_t_ranked,RT-411,RT600_BLEND,0.6884446258451032,806332
POSTHOC_DESCRIPTIVE_NOT_PROMOTION_EVIDENCE,fold0_dev_same_t_ranked,RT-411,RT-1200,0.4935309047050093,806332
POSTHOC_DESCRIPTIVE_NOT_PROMOTION_EVIDENCE,fold0_dev_same_t_ranked,RT-411,RT-1201,0.29747722093903106,806332
POSTHOC_DESCRIPTIVE_NOT_PROMOTION_EVIDENCE,fold0_dev_same_t_ranked,RT-411,RT-1202,-0.010066454065631305,806332
POSTHOC_DESCRIPTIVE_NOT_PROMOTION_EVIDENCE,fold0_dev_same_t_ranked,RT-411,RT-1203,0.013204298187188171,806332
POSTHOC_DESCRIPTIVE_NOT_PROMOTION_EVIDENCE,fold0_dev_same_t_ranked,RT-411,RT-1204,0.59087903940968,806332
POSTHOC_DESCRIPTIVE_NOT_PROMOTION_EVIDENCE,fold0_dev_same_t_ranked,RT-411,RT-1205,0.5941112200381472,806332
POSTHOC_DESCRIPTIVE_NOT_PROMOTION_EVIDENCE,fold0_dev_same_t_ranked,RT-411,RT-1206,0.5876492805640852,806332
POSTHOC_DESCRIPTIVE_NOT_PROMOTION_EVIDENCE,fold0_dev_same_t_ranked,RT-411,RT-1207,0.582609707919153,806332
POSTHOC_DESCRIPTIVE_NOT_PROMOTION_EVIDENCE,fold0_dev_same_t_ranked,RT-411,RT-1208,0.5798272363637893,806332
POSTHOC_DESCRIPTIVE_NOT_PROMOTION_EVIDENCE,fold0_dev_same_t_ranked,RT-411,RT-1209,0.5864770658936369,806332
POSTHOC_DESCRIPTIVE_NOT_PROMOTION_EVIDENCE,fold0_dev_same_t_ranked,RT-411,RT-1210,0.5896081822876086,806332
POSTHOC_DESCRIPTIVE_NOT_PROMOTION_EVIDENCE,fold0_dev_same_t_ranked,RT-411,RT-1211,0.5899402873353572,806332
POSTHOC_DESCRIPTIVE_NOT_PROMOTION_EVIDENCE,fold0_dev_same_t_ranked,RT-411,RT-1212,0.563972731791368,806332
POSTHOC_DESCRIPTIVE_NOT_PROMOTION_EVIDENCE,fold0_dev_same_t_ranked,RT-411,RT-1213,0.5717257901827694,806332
POSTHOC_DESCRIPTIVE_NOT_PROMOTION_EVIDENCE,fold0_dev_same_t_ranked,RT-411,RT-1214,0.5873425506054714,806332
POSTHOC_DESCRIPTIVE_NOT_PROMOTION_EVIDENCE,fold0_dev_same_t_ranked,RT-411,RT-1215,0.5910121148295768,806332
POSTHOC_DESCRIPTIVE_NOT_PROMOTION_EVIDENCE,fold0_dev_same_t_ranked,RT-411,RT-1216,0.5626540462052024,806332
POSTHOC_DESCRIPTIVE_NOT_PROMOTION_EVIDENCE,fold0_dev_same_t_ranked,RT-411,RT-1217,0.569886692648699,806332
POSTHOC_DESCRIPTIVE_NOT_PROMOTION_EVIDENCE,fold0_dev_same_t_ranked,RT-411,RT-1218,0.015343616159308035,806332
POSTHOC_DESCRIPTIVE_NOT_PROMOTION_EVIDENCE,fold0_dev_same_t_ranked,RT-411,RT-300,0.5969891745443136,806332
POSTHOC_DESCRIPTIVE_NOT_PROMOTION_EVIDENCE,fold0_dev_same_t_ranked,RT-411,RT-410,0.3730534589639019,806332
POSTHOC_DESCRIPTIVE_NOT_PROMOTION_EVIDENCE,fold0_dev_same_t_ranked,RT-411,RT-411,1.0,806332
POSTHOC_DESCRIPTIVE_NOT_PROMOTION_EVIDENCE,fold0_dev_same_t_ranked,RT-411,RT-412,0.532719627142008,806332
POSTHOC_DESCRIPTIVE_NOT_PROMOTION_EVIDENCE,fold0_dev_same_t_ranked,RT-411,RT-413,0.5812608945490164,806332
POSTHOC_DESCRIPTIVE_NOT_PROMOTION_EVIDENCE,fold0_dev_same_t_ranked,RT-411,RT-414,0.3817711437590477,806332
POSTHOC_DESCRIPTIVE_NOT_PROMOTION_EVIDENCE,fold0_dev_same_t_ranked,RT-411,RT-415,0.593554491280501,806332
POSTHOC_DESCRIPTIVE_NOT_PROMOTION_EVIDENCE,fold0_dev_same_t_ranked,RT-411,RT-401,0.6074722853892669,806332
POSTHOC_DESCRIPTIVE_NOT_PROMOTION_EVIDENCE,fold0_dev_same_t_ranked,RT-411,RT-995,0.5730397681682714,806332
POSTHOC_DESCRIPTIVE_NOT_PROMOTION_EVIDENCE,fold0_dev_same_t_ranked,RT-412,RT600_BLEND,0.8030628837752267,806332
POSTHOC_DESCRIPTIVE_NOT_PROMOTION_EVIDENCE,fold0_dev_same_t_ranked,RT-412,RT-1200,0.5530342150421672,806332
POSTHOC_DESCRIPTIVE_NOT_PROMOTION_EVIDENCE,fold0_dev_same_t_ranked,RT-412,RT-1201,0.21540146636979385,806332
POSTHOC_DESCRIPTIVE_NOT_PROMOTION_EVIDENCE,fold0_dev_same_t_ranked,RT-412,RT-1202,0.005989724704898214,806332
POSTHOC_DESCRIPTIVE_NOT_PROMOTION_EVIDENCE,fold0_dev_same_t_ranked,RT-412,RT-1203,0.010292127208096323,806332
POSTHOC_DESCRIPTIVE_NOT_PROMOTION_EVIDENCE,fold0_dev_same_t_ranked,RT-412,RT-1204,0.6718539023049136,806332
POSTHOC_DESCRIPTIVE_NOT_PROMOTION_EVIDENCE,fold0_dev_same_t_ranked,RT-412,RT-1205,0.6620537575147559,806332
POSTHOC_DESCRIPTIVE_NOT_PROMOTION_EVIDENCE,fold0_dev_same_t_ranked,RT-412,RT-1206,0.6677306721819868,806332
POSTHOC_DESCRIPTIVE_NOT_PROMOTION_EVIDENCE,fold0_dev_same_t_ranked,RT-412,RT-1207,0.6624870220954627,806332
POSTHOC_DESCRIPTIVE_NOT_PROMOTION_EVIDENCE,fold0_dev_same_t_ranked,RT-412,RT-1208,0.6568587579621545,806332
POSTHOC_DESCRIPTIVE_NOT_PROMOTION_EVIDENCE,fold0_dev_same_t_ranked,RT-412,RT-1209,0.6662264946504282,806332
POSTHOC_DESCRIPTIVE_NOT_PROMOTION_EVIDENCE,fold0_dev_same_t_ranked,RT-412,RT-1210,0.6644101095509545,806332
POSTHOC_DESCRIPTIVE_NOT_PROMOTION_EVIDENCE,fold0_dev_same_t_ranked,RT-412,RT-1211,0.6593568764836759,806332
POSTHOC_DESCRIPTIVE_NOT_PROMOTION_EVIDENCE,fold0_dev_same_t_ranked,RT-412,RT-1212,0.6389535093710628,806332
POSTHOC_DESCRIPTIVE_NOT_PROMOTION_EVIDENCE,fold0_dev_same_t_ranked,RT-412,RT-1213,0.6447010930182142,806332
POSTHOC_DESCRIPTIVE_NOT_PROMOTION_EVIDENCE,fold0_dev_same_t_ranked,RT-412,RT-1214,0.6645492230977357,806332
POSTHOC_DESCRIPTIVE_NOT_PROMOTION_EVIDENCE,fold0_dev_same_t_ranked,RT-412,RT-1215,0.6666054166055752,806332
POSTHOC_DESCRIPTIVE_NOT_PROMOTION_EVIDENCE,fold0_dev_same_t_ranked,RT-412,RT-1216,0.634937425373005,806332
POSTHOC_DESCRIPTIVE_NOT_PROMOTION_EVIDENCE,fold0_dev_same_t_ranked,RT-412,RT-1217,0.6562086830572502,806332
POSTHOC_DESCRIPTIVE_NOT_PROMOTION_EVIDENCE,fold0_dev_same_t_ranked,RT-412,RT-1218,-0.007851735217000355,806332
POSTHOC_DESCRIPTIVE_NOT_PROMOTION_EVIDENCE,fold0_dev_same_t_ranked,RT-412,RT-300,0.6493524952091954,806332
POSTHOC_DESCRIPTIVE_NOT_PROMOTION_EVIDENCE,fold0_dev_same_t_ranked,RT-412,RT-410,0.5524681740259159,806332
POSTHOC_DESCRIPTIVE_NOT_PROMOTION_EVIDENCE,fold0_dev_same_t_ranked,RT-412,RT-411,0.532719627142008,806332
POSTHOC_DESCRIPTIVE_NOT_PROMOTION_EVIDENCE,fold0_dev_same_t_ranked,RT-412,RT-412,1.0,806332
POSTHOC_DESCRIPTIVE_NOT_PROMOTION_EVIDENCE,fold0_dev_same_t_ranked,RT-412,RT-413,0.6582804988069769,806332
POSTHOC_DESCRIPTIVE_NOT_PROMOTION_EVIDENCE,fold0_dev_same_t_ranked,RT-412,RT-414,0.4994872071350476,806332
POSTHOC_DESCRIPTIVE_NOT_PROMOTION_EVIDENCE,fold0_dev_same_t_ranked,RT-412,RT-415,0.6649309216524181,806332
POSTHOC_DESCRIPTIVE_NOT_PROMOTION_EVIDENCE,fold0_dev_same_t_ranked,RT-412,RT-401,0.6490442401984511,806332
POSTHOC_DESCRIPTIVE_NOT_PROMOTION_EVIDENCE,fold0_dev_same_t_ranked,RT-412,RT-995,0.6951082847685257,806332
POSTHOC_DESCRIPTIVE_NOT_PROMOTION_EVIDENCE,fold0_dev_same_t_ranked,RT-413,RT600_BLEND,0.8681728925570097,806332
POSTHOC_DESCRIPTIVE_NOT_PROMOTION_EVIDENCE,fold0_dev_same_t_ranked,RT-413,RT-1200,0.5804441225577616,806332
POSTHOC_DESCRIPTIVE_NOT_PROMOTION_EVIDENCE,fold0_dev_same_t_ranked,RT-413,RT-1201,0.21744714369700308,806332
POSTHOC_DESCRIPTIVE_NOT_PROMOTION_EVIDENCE,fold0_dev_same_t_ranked,RT-413,RT-1202,0.013493111253656567,806332
POSTHOC_DESCRIPTIVE_NOT_PROMOTION_EVIDENCE,fold0_dev_same_t_ranked,RT-413,RT-1203,0.017330321499032828,806332
POSTHOC_DESCRIPTIVE_NOT_PROMOTION_EVIDENCE,fold0_dev_same_t_ranked,RT-413,RT-1204,0.7510611359459549,806332
POSTHOC_DESCRIPTIVE_NOT_PROMOTION_EVIDENCE,fold0_dev_same_t_ranked,RT-413,RT-1205,0.7486845432883157,806332
POSTHOC_DESCRIPTIVE_NOT_PROMOTION_EVIDENCE,fold0_dev_same_t_ranked,RT-413,RT-1206,0.7442839217700516,806332
POSTHOC_DESCRIPTIVE_NOT_PROMOTION_EVIDENCE,fold0_dev_same_t_ranked,RT-413,RT-1207,0.743651629721125,806332
POSTHOC_DESCRIPTIVE_NOT_PROMOTION_EVIDENCE,fold0_dev_same_t_ranked,RT-413,RT-1208,0.7427248484498268,806332
POSTHOC_DESCRIPTIVE_NOT_PROMOTION_EVIDENCE,fold0_dev_same_t_ranked,RT-413,RT-1209,0.7446385558256045,806332
POSTHOC_DESCRIPTIVE_NOT_PROMOTION_EVIDENCE,fold0_dev_same_t_ranked,RT-413,RT-1210,0.7455626362250611,806332
POSTHOC_DESCRIPTIVE_NOT_PROMOTION_EVIDENCE,fold0_dev_same_t_ranked,RT-413,RT-1211,0.7366478334939262,806332
POSTHOC_DESCRIPTIVE_NOT_PROMOTION_EVIDENCE,fold0_dev_same_t_ranked,RT-413,RT-1212,0.7187996966285428,806332
POSTHOC_DESCRIPTIVE_NOT_PROMOTION_EVIDENCE,fold0_dev_same_t_ranked,RT-413,RT-1213,0.7182391593114773,806332
POSTHOC_DESCRIPTIVE_NOT_PROMOTION_EVIDENCE,fold0_dev_same_t_ranked,RT-413,RT-1214,0.7436208233978826,806332
POSTHOC_DESCRIPTIVE_NOT_PROMOTION_EVIDENCE,fold0_dev_same_t_ranked,RT-413,RT-1215,0.7431311028657445,806332
POSTHOC_DESCRIPTIVE_NOT_PROMOTION_EVIDENCE,fold0_dev_same_t_ranked,RT-413,RT-1216,0.7172839662318291,806332
POSTHOC_DESCRIPTIVE_NOT_PROMOTION_EVIDENCE,fold0_dev_same_t_ranked,RT-413,RT-1217,0.7272851162984018,806332
POSTHOC_DESCRIPTIVE_NOT_PROMOTION_EVIDENCE,fold0_dev_same_t_ranked,RT-413,RT-1218,0.0035413656532732453,806332
POSTHOC_DESCRIPTIVE_NOT_PROMOTION_EVIDENCE,fold0_dev_same_t_ranked,RT-413,RT-300,0.7496913117117356,806332
POSTHOC_DESCRIPTIVE_NOT_PROMOTION_EVIDENCE,fold0_dev_same_t_ranked,RT-413,RT-410,0.6212722576648309,806332
POSTHOC_DESCRIPTIVE_NOT_PROMOTION_EVIDENCE,fold0_dev_same_t_ranked,RT-413,RT-411,0.5812608945490164,806332
POSTHOC_DESCRIPTIVE_NOT_PROMOTION_EVIDENCE,fold0_dev_same_t_ranked,RT-413,RT-412,0.6582804988069769,806332
POSTHOC_DESCRIPTIVE_NOT_PROMOTION_EVIDENCE,fold0_dev_same_t_ranked,RT-413,RT-413,1.0,806332
POSTHOC_DESCRIPTIVE_NOT_PROMOTION_EVIDENCE,fold0_dev_same_t_ranked,RT-413,RT-414,0.5849485717000654,806332
POSTHOC_DESCRIPTIVE_NOT_PROMOTION_EVIDENCE,fold0_dev_same_t_ranked,RT-413,RT-415,0.7154352076183188,806332
POSTHOC_DESCRIPTIVE_NOT_PROMOTION_EVIDENCE,fold0_dev_same_t_ranked,RT-413,RT-401,0.7368252725463899,806332
POSTHOC_DESCRIPTIVE_NOT_PROMOTION_EVIDENCE,fold0_dev_same_t_ranked,RT-413,RT-995,0.698138207369504,806332
POSTHOC_DESCRIPTIVE_NOT_PROMOTION_EVIDENCE,fold0_dev_same_t_ranked,RT-414,RT600_BLEND,0.7485119804818938,806332
POSTHOC_DESCRIPTIVE_NOT_PROMOTION_EVIDENCE,fold0_dev_same_t_ranked,RT-414,RT-1200,0.5481062680075471,806332
POSTHOC_DESCRIPTIVE_NOT_PROMOTION_EVIDENCE,fold0_dev_same_t_ranked,RT-414,RT-1201,0.2616864338700871,806332
POSTHOC_DESCRIPTIVE_NOT_PROMOTION_EVIDENCE,fold0_dev_same_t_ranked,RT-414,RT-1202,0.0008501177660922853,806332
POSTHOC_DESCRIPTIVE_NOT_PROMOTION_EVIDENCE,fold0_dev_same_t_ranked,RT-414,RT-1203,0.010653300985461979,806332
POSTHOC_DESCRIPTIVE_NOT_PROMOTION_EVIDENCE,fold0_dev_same_t_ranked,RT-414,RT-1204,0.5822665367721461,806332
POSTHOC_DESCRIPTIVE_NOT_PROMOTION_EVIDENCE,fold0_dev_same_t_ranked,RT-414,RT-1205,0.5763424334655308,806332
POSTHOC_DESCRIPTIVE_NOT_PROMOTION_EVIDENCE,fold0_dev_same_t_ranked,RT-414,RT-1206,0.5863802060730062,806332
POSTHOC_DESCRIPTIVE_NOT_PROMOTION_EVIDENCE,fold0_dev_same_t_ranked,RT-414,RT-1207,0.586741468226844,806332
POSTHOC_DESCRIPTIVE_NOT_PROMOTION_EVIDENCE,fold0_dev_same_t_ranked,RT-414,RT-1208,0.5822994526502425,806332
POSTHOC_DESCRIPTIVE_NOT_PROMOTION_EVIDENCE,fold0_dev_same_t_ranked,RT-414,RT-1209,0.5850365935648553,806332
POSTHOC_DESCRIPTIVE_NOT_PROMOTION_EVIDENCE,fold0_dev_same_t_ranked,RT-414,RT-1210,0.5859564971348487,806332
POSTHOC_DESCRIPTIVE_NOT_PROMOTION_EVIDENCE,fold0_dev_same_t_ranked,RT-414,RT-1211,0.5765000768970381,806332
POSTHOC_DESCRIPTIVE_NOT_PROMOTION_EVIDENCE,fold0_dev_same_t_ranked,RT-414,RT-1212,0.571925291218511,806332
POSTHOC_DESCRIPTIVE_NOT_PROMOTION_EVIDENCE,fold0_dev_same_t_ranked,RT-414,RT-1213,0.5691946256911044,806332
POSTHOC_DESCRIPTIVE_NOT_PROMOTION_EVIDENCE,fold0_dev_same_t_ranked,RT-414,RT-1214,0.5770168983294612,806332
POSTHOC_DESCRIPTIVE_NOT_PROMOTION_EVIDENCE,fold0_dev_same_t_ranked,RT-414,RT-1215,0.573570658389854,806332
POSTHOC_DESCRIPTIVE_NOT_PROMOTION_EVIDENCE,fold0_dev_same_t_ranked,RT-414,RT-1216,0.5655866527124337,806332
POSTHOC_DESCRIPTIVE_NOT_PROMOTION_EVIDENCE,fold0_dev_same_t_ranked,RT-414,RT-1217,0.5692400286082238,806332
POSTHOC_DESCRIPTIVE_NOT_PROMOTION_EVIDENCE,fold0_dev_same_t_ranked,RT-414,RT-1218,0.0448299834282562,806332
POSTHOC_DESCRIPTIVE_NOT_PROMOTION_EVIDENCE,fold0_dev_same_t_ranked,RT-414,RT-300,0.5916437433955979,806332
POSTHOC_DESCRIPTIVE_NOT_PROMOTION_EVIDENCE,fold0_dev_same_t_ranked,RT-414,RT-410,0.6720769343652431,806332
POSTHOC_DESCRIPTIVE_NOT_PROMOTION_EVIDENCE,fold0_dev_same_t_ranked,RT-414,RT-411,0.3817711437590477,806332
POSTHOC_DESCRIPTIVE_NOT_PROMOTION_EVIDENCE,fold0_dev_same_t_ranked,RT-414,RT-412,0.4994872071350476,806332
POSTHOC_DESCRIPTIVE_NOT_PROMOTION_EVIDENCE,fold0_dev_same_t_ranked,RT-414,RT-413,0.5849485717000654,806332
POSTHOC_DESCRIPTIVE_NOT_PROMOTION_EVIDENCE,fold0_dev_same_t_ranked,RT-414,RT-414,1.0,806332
POSTHOC_DESCRIPTIVE_NOT_PROMOTION_EVIDENCE,fold0_dev_same_t_ranked,RT-414,RT-415,0.5740750470918009,806332
POSTHOC_DESCRIPTIVE_NOT_PROMOTION_EVIDENCE,fold0_dev_same_t_ranked,RT-414,RT-401,0.5875657495459246,806332
POSTHOC_DESCRIPTIVE_NOT_PROMOTION_EVIDENCE,fold0_dev_same_t_ranked,RT-414,RT-995,0.5876816653413824,806332
POSTHOC_DESCRIPTIVE_NOT_PROMOTION_EVIDENCE,fold0_dev_same_t_ranked,RT-415,RT600_BLEND,0.8572368701780524,806332
POSTHOC_DESCRIPTIVE_NOT_PROMOTION_EVIDENCE,fold0_dev_same_t_ranked,RT-415,RT-1200,0.5989021370709187,806332
POSTHOC_DESCRIPTIVE_NOT_PROMOTION_EVIDENCE,fold0_dev_same_t_ranked,RT-415,RT-1201,0.24604736802416735,806332
POSTHOC_DESCRIPTIVE_NOT_PROMOTION_EVIDENCE,fold0_dev_same_t_ranked,RT-415,RT-1202,0.00137860844747675,806332
POSTHOC_DESCRIPTIVE_NOT_PROMOTION_EVIDENCE,fold0_dev_same_t_ranked,RT-415,RT-1203,0.016654992967308272,806332
POSTHOC_DESCRIPTIVE_NOT_PROMOTION_EVIDENCE,fold0_dev_same_t_ranked,RT-415,RT-1204,0.730712265890839,806332
POSTHOC_DESCRIPTIVE_NOT_PROMOTION_EVIDENCE,fold0_dev_same_t_ranked,RT-415,RT-1205,0.7295906558825951,806332
POSTHOC_DESCRIPTIVE_NOT_PROMOTION_EVIDENCE,fold0_dev_same_t_ranked,RT-415,RT-1206,0.7281641577743644,806332
POSTHOC_DESCRIPTIVE_NOT_PROMOTION_EVIDENCE,fold0_dev_same_t_ranked,RT-415,RT-1207,0.7270731844435158,806332
POSTHOC_DESCRIPTIVE_NOT_PROMOTION_EVIDENCE,fold0_dev_same_t_ranked,RT-415,RT-1208,0.7205928247250718,806332
POSTHOC_DESCRIPTIVE_NOT_PROMOTION_EVIDENCE,fold0_dev_same_t_ranked,RT-415,RT-1209,0.7306356459182785,806332
POSTHOC_DESCRIPTIVE_NOT_PROMOTION_EVIDENCE,fold0_dev_same_t_ranked,RT-415,RT-1210,0.729143376805037,806332
POSTHOC_DESCRIPTIVE_NOT_PROMOTION_EVIDENCE,fold0_dev_same_t_ranked,RT-415,RT-1211,0.7218277727604554,806332
POSTHOC_DESCRIPTIVE_NOT_PROMOTION_EVIDENCE,fold0_dev_same_t_ranked,RT-415,RT-1212,0.7021978445427299,806332
POSTHOC_DESCRIPTIVE_NOT_PROMOTION_EVIDENCE,fold0_dev_same_t_ranked,RT-415,RT-1213,0.7049183432295145,806332
POSTHOC_DESCRIPTIVE_NOT_PROMOTION_EVIDENCE,fold0_dev_same_t_ranked,RT-415,RT-1214,0.7315110591125857,806332
POSTHOC_DESCRIPTIVE_NOT_PROMOTION_EVIDENCE,fold0_dev_same_t_ranked,RT-415,RT-1215,0.7249504041799133,806332
POSTHOC_DESCRIPTIVE_NOT_PROMOTION_EVIDENCE,fold0_dev_same_t_ranked,RT-415,RT-1216,0.7020639353485788,806332
POSTHOC_DESCRIPTIVE_NOT_PROMOTION_EVIDENCE,fold0_dev_same_t_ranked,RT-415,RT-1217,0.7139559817550207,806332
POSTHOC_DESCRIPTIVE_NOT_PROMOTION_EVIDENCE,fold0_dev_same_t_ranked,RT-415,RT-1218,0.023218137775055808,806332
POSTHOC_DESCRIPTIVE_NOT_PROMOTION_EVIDENCE,fold0_dev_same_t_ranked,RT-415,RT-300,0.7291198056244882,806332
POSTHOC_DESCRIPTIVE_NOT_PROMOTION_EVIDENCE,fold0_dev_same_t_ranked,RT-415,RT-410,0.6031692965097017,806332
POSTHOC_DESCRIPTIVE_NOT_PROMOTION_EVIDENCE,fold0_dev_same_t_ranked,RT-415,RT-411,0.593554491280501,806332
POSTHOC_DESCRIPTIVE_NOT_PROMOTION_EVIDENCE,fold0_dev_same_t_ranked,RT-415,RT-412,0.6649309216524181,806332
POSTHOC_DESCRIPTIVE_NOT_PROMOTION_EVIDENCE,fold0_dev_same_t_ranked,RT-415,RT-413,0.7154352076183188,806332
POSTHOC_DESCRIPTIVE_NOT_PROMOTION_EVIDENCE,fold0_dev_same_t_ranked,RT-415,RT-414,0.5740750470918009,806332
POSTHOC_DESCRIPTIVE_NOT_PROMOTION_EVIDENCE,fold0_dev_same_t_ranked,RT-415,RT-415,1.0,806332
POSTHOC_DESCRIPTIVE_NOT_PROMOTION_EVIDENCE,fold0_dev_same_t_ranked,RT-415,RT-401,0.7343892283214618,806332
POSTHOC_DESCRIPTIVE_NOT_PROMOTION_EVIDENCE,fold0_dev_same_t_ranked,RT-415,RT-995,0.7001587881164729,806332
POSTHOC_DESCRIPTIVE_NOT_PROMOTION_EVIDENCE,fold0_dev_same_t_ranked,RT-401,RT600_BLEND,0.8231650711369523,806332
POSTHOC_DESCRIPTIVE_NOT_PROMOTION_EVIDENCE,fold0_dev_same_t_ranked,RT-401,RT-1200,0.5883457474730014,806332
POSTHOC_DESCRIPTIVE_NOT_PROMOTION_EVIDENCE,fold0_dev_same_t_ranked,RT-401,RT-1201,0.2518131404642652,806332
POSTHOC_DESCRIPTIVE_NOT_PROMOTION_EVIDENCE,fold0_dev_same_t_ranked,RT-401,RT-1202,0.007826040854271956,806332
POSTHOC_DESCRIPTIVE_NOT_PROMOTION_EVIDENCE,fold0_dev_same_t_ranked,RT-401,RT-1203,0.008699532161502018,806332
POSTHOC_DESCRIPTIVE_NOT_PROMOTION_EVIDENCE,fold0_dev_same_t_ranked,RT-401,RT-1204,0.7445104129212837,806332
POSTHOC_DESCRIPTIVE_NOT_PROMOTION_EVIDENCE,fold0_dev_same_t_ranked,RT-401,RT-1205,0.7442426988601962,806332
POSTHOC_DESCRIPTIVE_NOT_PROMOTION_EVIDENCE,fold0_dev_same_t_ranked,RT-401,RT-1206,0.7452842959129736,806332
POSTHOC_DESCRIPTIVE_NOT_PROMOTION_EVIDENCE,fold0_dev_same_t_ranked,RT-401,RT-1207,0.7362596261654836,806332
POSTHOC_DESCRIPTIVE_NOT_PROMOTION_EVIDENCE,fold0_dev_same_t_ranked,RT-401,RT-1208,0.7378546498148877,806332
POSTHOC_DESCRIPTIVE_NOT_PROMOTION_EVIDENCE,fold0_dev_same_t_ranked,RT-401,RT-1209,0.7435432994322557,806332
POSTHOC_DESCRIPTIVE_NOT_PROMOTION_EVIDENCE,fold0_dev_same_t_ranked,RT-401,RT-1210,0.7434264957734564,806332
POSTHOC_DESCRIPTIVE_NOT_PROMOTION_EVIDENCE,fold0_dev_same_t_ranked,RT-401,RT-1211,0.7357363817681031,806332
POSTHOC_DESCRIPTIVE_NOT_PROMOTION_EVIDENCE,fold0_dev_same_t_ranked,RT-401,RT-1212,0.7108069395322573,806332
POSTHOC_DESCRIPTIVE_NOT_PROMOTION_EVIDENCE,fold0_dev_same_t_ranked,RT-401,RT-1213,0.7166597841763531,806332
POSTHOC_DESCRIPTIVE_NOT_PROMOTION_EVIDENCE,fold0_dev_same_t_ranked,RT-401,RT-1214,0.744096777218159,806332
POSTHOC_DESCRIPTIVE_NOT_PROMOTION_EVIDENCE,fold0_dev_same_t_ranked,RT-401,RT-1215,0.7380769391732388,806332
POSTHOC_DESCRIPTIVE_NOT_PROMOTION_EVIDENCE,fold0_dev_same_t_ranked,RT-401,RT-1216,0.7142782843907357,806332
POSTHOC_DESCRIPTIVE_NOT_PROMOTION_EVIDENCE,fold0_dev_same_t_ranked,RT-401,RT-1217,0.7282234859106131,806332
POSTHOC_DESCRIPTIVE_NOT_PROMOTION_EVIDENCE,fold0_dev_same_t_ranked,RT-401,RT-1218,0.021730889046778536,806332
POSTHOC_DESCRIPTIVE_NOT_PROMOTION_EVIDENCE,fold0_dev_same_t_ranked,RT-401,RT-300,0.7653589884912899,806332
POSTHOC_DESCRIPTIVE_NOT_PROMOTION_EVIDENCE,fold0_dev_same_t_ranked,RT-401,RT-410,0.6205864165364512,806332
POSTHOC_DESCRIPTIVE_NOT_PROMOTION_EVIDENCE,fold0_dev_same_t_ranked,RT-401,RT-411,0.6074722853892669,806332
POSTHOC_DESCRIPTIVE_NOT_PROMOTION_EVIDENCE,fold0_dev_same_t_ranked,RT-401,RT-412,0.6490442401984511,806332
POSTHOC_DESCRIPTIVE_NOT_PROMOTION_EVIDENCE,fold0_dev_same_t_ranked,RT-401,RT-413,0.7368252725463899,806332
POSTHOC_DESCRIPTIVE_NOT_PROMOTION_EVIDENCE,fold0_dev_same_t_ranked,RT-401,RT-414,0.5875657495459246,806332
POSTHOC_DESCRIPTIVE_NOT_PROMOTION_EVIDENCE,fold0_dev_same_t_ranked,RT-401,RT-415,0.7343892283214618,806332
POSTHOC_DESCRIPTIVE_NOT_PROMOTION_EVIDENCE,fold0_dev_same_t_ranked,RT-401,RT-401,1.0,806332
POSTHOC_DESCRIPTIVE_NOT_PROMOTION_EVIDENCE,fold0_dev_same_t_ranked,RT-401,RT-995,0.6974535475923748,806332
POSTHOC_DESCRIPTIVE_NOT_PROMOTION_EVIDENCE,fold0_dev_same_t_ranked,RT-995,RT600_BLEND,0.8053984331683715,806332
POSTHOC_DESCRIPTIVE_NOT_PROMOTION_EVIDENCE,fold0_dev_same_t_ranked,RT-995,RT-1200,0.6007046477590063,806332
POSTHOC_DESCRIPTIVE_NOT_PROMOTION_EVIDENCE,fold0_dev_same_t_ranked,RT-995,RT-1201,0.31756582253288324,806332
POSTHOC_DESCRIPTIVE_NOT_PROMOTION_EVIDENCE,fold0_dev_same_t_ranked,RT-995,RT-1202,0.006961228052897521,806332
POSTHOC_DESCRIPTIVE_NOT_PROMOTION_EVIDENCE,fold0_dev_same_t_ranked,RT-995,RT-1203,0.010330539434250921,806332
POSTHOC_DESCRIPTIVE_NOT_PROMOTION_EVIDENCE,fold0_dev_same_t_ranked,RT-995,RT-1204,0.7177943539342422,806332
POSTHOC_DESCRIPTIVE_NOT_PROMOTION_EVIDENCE,fold0_dev_same_t_ranked,RT-995,RT-1205,0.7095697144651087,806332
POSTHOC_DESCRIPTIVE_NOT_PROMOTION_EVIDENCE,fold0_dev_same_t_ranked,RT-995,RT-1206,0.7131499400071369,806332
POSTHOC_DESCRIPTIVE_NOT_PROMOTION_EVIDENCE,fold0_dev_same_t_ranked,RT-995,RT-1207,0.7068061172709116,806332
POSTHOC_DESCRIPTIVE_NOT_PROMOTION_EVIDENCE,fold0_dev_same_t_ranked,RT-995,RT-1208,0.7032285075836304,806332
POSTHOC_DESCRIPTIVE_NOT_PROMOTION_EVIDENCE,fold0_dev_same_t_ranked,RT-995,RT-1209,0.708463175371663,806332
POSTHOC_DESCRIPTIVE_NOT_PROMOTION_EVIDENCE,fold0_dev_same_t_ranked,RT-995,RT-1210,0.7096958274295238,806332
POSTHOC_DESCRIPTIVE_NOT_PROMOTION_EVIDENCE,fold0_dev_same_t_ranked,RT-995,RT-1211,0.7080703502803368,806332
POSTHOC_DESCRIPTIVE_NOT_PROMOTION_EVIDENCE,fold0_dev_same_t_ranked,RT-995,RT-1212,0.6785573617436552,806332
POSTHOC_DESCRIPTIVE_NOT_PROMOTION_EVIDENCE,fold0_dev_same_t_ranked,RT-995,RT-1213,0.6924836048281906,806332
POSTHOC_DESCRIPTIVE_NOT_PROMOTION_EVIDENCE,fold0_dev_same_t_ranked,RT-995,RT-1214,0.7103185801451817,806332
POSTHOC_DESCRIPTIVE_NOT_PROMOTION_EVIDENCE,fold0_dev_same_t_ranked,RT-995,RT-1215,0.709057867830544,806332
POSTHOC_DESCRIPTIVE_NOT_PROMOTION_EVIDENCE,fold0_dev_same_t_ranked,RT-995,RT-1216,0.6880351941710952,806332
POSTHOC_DESCRIPTIVE_NOT_PROMOTION_EVIDENCE,fold0_dev_same_t_ranked,RT-995,RT-1217,0.6945309492771515,806332
POSTHOC_DESCRIPTIVE_NOT_PROMOTION_EVIDENCE,fold0_dev_same_t_ranked,RT-995,RT-1218,0.05560632786080583,806332
POSTHOC_DESCRIPTIVE_NOT_PROMOTION_EVIDENCE,fold0_dev_same_t_ranked,RT-995,RT-300,0.7115468868358621,806332
POSTHOC_DESCRIPTIVE_NOT_PROMOTION_EVIDENCE,fold0_dev_same_t_ranked,RT-995,RT-410,0.625184628522412,806332
POSTHOC_DESCRIPTIVE_NOT_PROMOTION_EVIDENCE,fold0_dev_same_t_ranked,RT-995,RT-411,0.5730397681682714,806332
POSTHOC_DESCRIPTIVE_NOT_PROMOTION_EVIDENCE,fold0_dev_same_t_ranked,RT-995,RT-412,0.6951082847685257,806332
POSTHOC_DESCRIPTIVE_NOT_PROMOTION_EVIDENCE,fold0_dev_same_t_ranked,RT-995,RT-413,0.698138207369504,806332
POSTHOC_DESCRIPTIVE_NOT_PROMOTION_EVIDENCE,fold0_dev_same_t_ranked,RT-995,RT-414,0.5876816653413824,806332
POSTHOC_DESCRIPTIVE_NOT_PROMOTION_EVIDENCE,fold0_dev_same_t_ranked,RT-995,RT-415,0.7001587881164729,806332
POSTHOC_DESCRIPTIVE_NOT_PROMOTION_EVIDENCE,fold0_dev_same_t_ranked,RT-995,RT-401,0.6974535475923748,806332
POSTHOC_DESCRIPTIVE_NOT_PROMOTION_EVIDENCE,fold0_dev_same_t_ranked,RT-995,RT-995,1.0,806332
