module,feature,finite_rate,mean,std,p01,p50,p99
m00_core,exp_z_mean,1.0,-0.01128482911735773,1.4107115268707275,-3.4704983234405518,-0.03396240621805191,3.860313892364502
m00_core,exp_absz_mean,1.0,1.0086156129837036,0.9863829612731934,0.012989585287868977,0.763092577457428,4.572855234146118
m00_core,exp_z_sq,1.0,0.18376131355762482,1.8747988939285278,-3.446932315826416,-0.10393188148736954,7.915745258331299
m00_core,exp_absz_sq,1.0,1.149043321609497,1.4927834272384644,0.011638840194791555,0.7362688779830933,8.377168655395508
m00_core,exp_z_abs,1.0,0.051470011472702026,1.7206807136535645,-3.7259730100631714,-0.1274501532316208,5.959724187850952
m00_core,exp_absz_abs,1.0,1.1340161561965942,1.295149803161621,0.015026183798909187,0.7977226972579956,6.5923545360565186
m00_core,exp_z_rmean,1.0,-0.01128482911735773,1.4107115268707275,-3.4704983234405518,-0.03396240621805191,3.860313892364502
m00_core,exp_absz_rmean,1.0,1.0086156129837036,0.9863829612731934,0.012989585287868977,0.763092577457428,4.572855234146118
m00_core,exp_z_rabs,1.0,0.05601092800498009,1.7132571935653687,-3.688694953918457,-0.124111108481884,5.955432415008545
m00_core,exp_absz_rabs,1.0,1.1313210725784302,1.2878291606903076,0.014896357897669077,0.7977708578109741,6.571466684341431
m00_core,exp_z_u,1.0,-0.01743713952600956,1.3614611625671387,-3.5095003843307495,-0.03381191939115524,3.7691140174865723
m00_core,exp_absz_u,1.0,1.0022200345993042,0.9216536283493042,0.014744446612894535,0.7715359926223755,4.393544673919678
m00_core,exp_z_u2,1.0,-0.03136305883526802,1.6039423942565918,-3.8545979261398315,-0.14031553268432617,4.930454254150391
m00_core,exp_absz_u2,1.0,1.1094108819961548,1.158813714981079,0.014295817352831364,0.8167971968650818,5.684161424636841
m00_core,exp_z_tail_hi,1.0,0.07972165942192078,1.542435884475708,-3.246428370475769,-0.08036920428276062,5.354419469833374
m00_core,exp_absz_tail_hi,1.0,1.031003475189209,1.1500113010406494,0.0,0.7314568758010864,5.669405698776245
m00_core,exp_z_tail_lo,1.0,0.10802660882472992,1.522802472114563,-3.154736280441284,-0.04047606512904167,4.97402286529541
m00_core,exp_absz_tail_lo,1.0,1.0403515100479126,1.1172765493392944,0.0,0.7533860802650452,5.32279372215271
m00_core,exp_z_tail_x,1.0,0.30004361271858215,1.7928800582885742,-2.82553768157959,0.0,8.204009532928467
m00_core,exp_absz_tail_x,1.0,1.0644996166229248,1.4734967947006226,0.0,0.6680126786231995,8.207688808441162
m00_core,exp_z_center,1.0,0.1043102964758873,1.4979807138442993,-3.9466501474380493,0.1396731436252594,3.871545433998108
m00_core,exp_absz_center,1.0,1.0710128545761108,1.0525115728378296,0.0,0.8188307285308838,4.997359752655029
m00_core,exp_z_sign,1.0,-0.0067596896551549435,1.3558698892593384,-3.4522446393966675,0.0,3.6415106058120728
m00_core,exp_absz_sign,1.0,0.9973868131637573,0.9185183048248291,0.0,0.7739812731742859,4.35253643989563
m00_core,exp_z_cube,1.0,0.07525286823511124,1.7668548822402954,-4.264045476913452,-0.012200764380395412,6.171034336090088
m00_core,exp_absz_cube,1.0,1.0424998998641968,1.428511142730713,0.007043718360364437,0.6332429647445679,7.688899040222168
m00_core,exp_z_quart,1.0,0.4293505549430847,2.1532938480377197,-2.8499350547790527,-0.043692462146282196,12.0
m00_core,exp_absz_quart,1.0,1.165000081062317,1.8611350059509277,0.0058243980165570974,0.5940302610397339,12.0
m00_core,exp_z_logabs,1.0,-0.06428520381450653,1.5537000894546509,-3.8990951776504517,-0.11042732745409012,4.366655588150024
m00_core,exp_absz_logabs,1.0,1.0848476886749268,1.1141092777252197,0.0152740478515625,0.8020183444023132,5.309597015380859
m00_core,exp_z_lag1,1.0,-0.021414736285805702,1.5178747177124023,-4.200862169265747,-0.017005212604999542,4.055384159088135
m00_core,exp_absz_lag1,1.0,1.0098401308059692,1.133422613143921,0.011299829930067062,0.7028196454048157,5.405025243759155
m00_core,exp_z_lag2,1.0,0.08566316962242126,1.5955127477645874,-3.695631980895996,0.023499375209212303,4.821306467056274
m00_core,exp_absz_lag2,1.0,1.019814133644104,1.2300466299057007,0.011356170754879713,0.6968339085578918,5.890090465545654
m00_core,exp_z_abslag1,1.0,0.13417215645313263,1.8205817937850952,-3.3856990337371826,-0.14222277700901031,7.532631158828735
m00_core,exp_absz_abslag1,1.0,1.1293556690216064,1.4342551231384277,0.013228871393948793,0.7445735335350037,7.931064128875732
m00_core,w8_sur_mean,0.9859766152930528,0.00564834987744689,0.7194094657897949,-1.8276309120655059,0.0017417556373402476,1.8470757031440703
m00_core,w8_z_mean,0.9859766152930528,0.00927016418427229,1.0399606227874756,-2.4505241417884824,0.004885858157649636,2.5331968379020657
m00_core,w8_sur_sq,0.9859766152930528,0.016502737998962402,0.8456183671951294,-1.862533974647522,-0.013265927787870169,2.3313309168815524
m00_core,w8_z_sq,0.9859766152930528,0.2769838869571686,1.289378046989441,-1.2311196970939635,-0.017652579583227634,5.272622752189636
m00_core,w8_sur_abs,0.9859766152930528,0.012249710969626904,0.8253368139266968,-1.8723629581928254,-0.013388823252171278,2.2885863089561433
m00_core,w8_z_abs,0.9859766152930528,0.14271560311317444,1.1647461652755737,-1.7776874613761902,-0.03384028933942318,3.818601350784299
m00_core,w8_sur_u,0.9859766152930528,0.003050887258723378,0.6626136302947998,-1.7592700040340423,0.0018250778084620833,1.765340430736541
m00_core,w8_z_u,0.9859766152930528,0.004389933776110411,0.9753809571266174,-2.254528748989105,0.005718183936551213,2.2555684375762937
m00_core,w8_sur_u2,0.9859766152930528,-0.0019840775057673454,0.7623496055603027,-1.8678449594974516,-0.01185921998694539,2.071209814548491
m00_core,w8_z_u2,0.9859766152930528,0.06253565102815628,1.0301519632339478,-1.9162452340126037,-0.03408188559114933,2.848699111938475
m00_core,w8_sur_tail_x,0.9859766152930528,0.10628761351108551,0.523140013217926,-0.07660382241010666,-0.06483043730258942,1.9812263762950872
m00_core,w8_z_tail_x,0.9859766152930528,0.43855899572372437,1.2223420143127441,0.0,0.0,5.159284577369681
m00_core,w8_sur_lag1,0.9859766152930528,-0.005086253862828016,0.7815755009651184,-1.9373037397861481,-0.0021198003087192774,1.9089615130424493
m00_core,w8_z_lag1,0.9859766152930528,0.031754471361637115,1.1848373413085938,-3.1081407713890075,-0.0033413543133065104,3.382896122932433
m00_core,w16_sur_mean,0.9697833876827318,0.005919937510043383,0.7689483165740967,-1.8512992000579833,-0.0008197551069315523,1.9209505462646441
m00_core,w16_z_mean,0.9697833876827318,0.01000167801976204,1.0492075681686401,-2.458725144863129,-0.00251797609962523,2.561896858215326
m00_core,w16_sur_sq,0.9697833876827318,0.01774912141263485,0.9607666730880737,-2.0510520148277283,-0.017432911321520805,6.0
m00_core,w16_z_sq,0.9697833876827318,0.2627539336681366,1.3574942350387573,-1.4760836362838745,-0.025616995058953762,5.578482809066758
m00_core,w16_sur_abs,0.9697833876827318,0.013003398664295673,0.9375121593475342,-2.064959943294525,-0.016041898168623447,2.9050528550147905
m00_core,w16_z_abs,0.9697833876827318,0.12802790105342865,1.2092410326004028,-1.933893679380417,-0.04113229550421238,3.9105055427551036
m00_core,w16_sur_u,0.9697833876827318,0.005981966853141785,0.6992828249931335,-1.7524590730667113,0.0011165440664626658,1.8123055696487427
m00_core,w16_z_u,0.9697833876827318,0.006568300072103739,0.9844022393226624,-2.276748328208923,0.0032357560703530908,2.318908321857451
m00_core,w16_sur_u2,0.9697833876827318,-0.003943071700632572,0.8793337345123291,-2.050336639881134,-0.016766353510320187,2.3147475337982075
m00_core,w16_z_u2,0.9697833876827318,0.04325949773192406,1.066031575202942,-2.0927026510238647,-0.046544285491108894,2.9445404648780746
m00_core,w16_sur_tail_x,0.9697833876827318,0.13071900606155396,0.6463789939880371,-0.1559398128092289,-0.11895158886909485,2.382314963340754
m00_core,w16_z_tail_x,0.9697833876827318,0.517095685005188,1.169624924659729,0.0,0.0,5.395999908447266
m00_core,w16_sur_lag1,0.9697833876827318,-0.012588356621563435,0.8490164875984192,-2.1021640515327453,-0.0030384317506104708,1.985291311740849
m00_core,w16_z_lag1,0.9697833876827318,0.017388636246323586,1.199611783027649,-3.0515295839309693,-0.005797047168016434,3.2605051684379562
m00_core,w32_sur_mean,0.9392072013986187,0.011622819118201733,0.8439913392066956,-1.9389431881904602,0.0023177758557721972,2.149320676326751
m00_core,w32_z_mean,0.9392072013986187,0.014245078898966312,1.0685874223709106,-2.461791262626648,0.006315386155620217,2.6393389558792113
m00_core,w32_sur_sq,0.9392072013986187,0.024896295741200447,1.1304469108581543,-2.3549394536018373,-0.018545204773545265,6.0
m00_core,w32_z_sq,0.9392072013986187,0.2523222267627716,1.4271222352981567,-1.703957852125168,-0.030338559299707413,5.757906217575069
m00_core,w32_sur_abs,0.9392072013986187,0.014129920862615108,1.0936594009399414,-2.410135769844055,-0.020682252943515778,6.0
m00_core,w32_z_abs,0.9392072013986187,0.11302778869867325,1.2599965333938599,-2.100114824771881,-0.053225504234433174,4.051874995231625
m00_core,w32_sur_u,0.9392072013986187,0.01010913960635662,0.7742361426353455,-1.8502711975574493,0.001050295599270612,1.955910439491271
m00_core,w32_z_u,0.9392072013986187,0.008207449689507484,1.0051020383834839,-2.330193963050842,0.0030266380636021495,2.394705889225004
m00_core,w32_sur_u2,0.9392072013986187,-0.008564443327486515,1.0352766513824463,-2.418552119731903,-0.02168614510446787,6.0
m00_core,w32_z_u2,0.9392072013986187,0.025068627670407295,1.1043741703033447,-2.2482416582107545,-0.06024762801826,3.0766876101493823
m00_core,w32_sur_tail_x,0.9392072013986187,0.14432290196418762,0.8060368299484253,-0.3211580216884613,-0.17676877975463867,6.0
m00_core,w32_z_tail_x,0.9392072013986187,0.6967231631278992,1.3916696310043335,-1.3489999771118164,0.0,6.163697342872614
m00_core,w32_sur_lag1,0.9392072013986187,-0.01205716747790575,0.963463544845581,-2.593105547428131,-0.000932214519707486,2.284599485397337
m00_core,w32_z_lag1,0.9392072013986187,0.00961139053106308,1.2290949821472168,-3.0935968017578124,-0.002054393873549998,3.231158428192138
m00_core,w64_sur_mean,0.8773728782036181,0.013745845295488834,0.9875409007072449,-2.2572784423828125,-0.001028801896609366,3.1256439685821533
m00_core,w64_z_mean,0.8773728782036181,0.010136987082660198,1.1060315370559692,-2.5020328998565673,-0.002728484570980072,2.736500024795523
m00_core,w64_sur_sq,0.8773728782036181,0.029640812426805496,1.3898890018463135,-6.0,-0.022643249481916428,6.0
m00_core,w64_z_sq,0.8773728782036181,0.24624773859977722,1.522399663925171,-1.9523892402648926,-0.043393246829509735,6.458567142486512
m00_core,w64_sur_abs,0.8773728782036181,0.01011949684470892,1.3410143852233887,-6.0,-0.025935733690857887,6.0
m00_core,w64_z_abs,0.8773728782036181,0.101038359105587,1.3333457708358765,-2.302527570724487,-0.06735434383153915,4.311576461791974
m00_core,w64_sur_u,0.8773728782036181,0.01230552513152361,0.915862500667572,-2.0995216846466063,-0.0016857642913237214,2.4731218814849854
m00_core,w64_z_u,0.8773728782036181,0.005157423205673695,1.0347329378128052,-2.404268169403076,-0.004769667983055115,2.499603605270378
m00_core,w64_sur_u2,0.8773728782036181,-0.014529246836900711,1.2838760614395142,-6.0,-0.027714813128113747,6.0
m00_core,w64_z_u2,0.8773728782036181,0.01279208343476057,1.170072078704834,-2.4522133350372313,-0.07419246435165405,3.2590048789977923
m00_core,w64_sur_tail_x,0.8773728782036181,0.1621040552854538,1.0060412883758545,-0.6589426398277283,-0.02570873312652111,6.0
m00_core,w64_z_tail_x,0.8773728782036181,0.3651065230369568,1.3978456258773804,-0.9898087978363037,0.0,6.124570846557616
m00_core,w64_sur_lag1,0.8773728782036181,-0.02103794366121292,1.1414198875427246,-6.0,-0.0010551093146204948,6.0
m00_core,w64_z_lag1,0.8773728782036181,-0.0027796116191893816,1.2701570987701416,-3.2452016830444337,-0.0019482116913422942,3.20905766487121
m00_core,w128_sur_mean,0.7623340070178919,0.005097453016787767,1.2455182075500488,-6.0,-0.006841134745627642,6.0
m00_core,w128_z_mean,0.7623340070178919,0.004989344626665115,1.1742788553237915,-2.671955556869507,-0.018297642469406128,2.9630740451812754
m00_core,w128_sur_sq,0.7623340070178919,0.04045981913805008,1.7700493335723877,-6.0,-0.028149882331490517,6.0
m00_core,w128_z_sq,0.7623340070178919,0.2403898388147354,1.6492211818695068,-2.2552657651901247,-0.056893687695264816,7.154892358779907
m00_core,w128_sur_abs,0.7623340070178919,0.005498864687979221,1.707608938217163,-6.0,-0.030894607305526733,6.0
m00_core,w128_z_abs,0.7623340070178919,0.09399119019508362,1.4445768594741821,-2.603506784439087,-0.07924295216798782,4.898271312713624
m00_core,w128_sur_u,0.7623340070178919,0.008819677866995335,1.195127010345459,-6.0,-0.007644731551408768,6.0
m00_core,w128_z_u,0.7623340070178919,-0.0020265053026378155,1.0983864068984985,-2.571908211708069,-0.020810961723327637,2.7301182794570926
m00_core,w128_sur_u2,0.7623340070178919,-0.02691076695919037,1.6540744304656982,-6.0,-0.034626834094524384,6.0
m00_core,w128_z_u2,0.7623340070178919,0.0033885007724165916,1.2792681455612183,-2.772500557899475,-0.09308470785617828,3.7125044107437133
m00_core,w128_sur_tail_x,0.7623340070178919,0.2062421441078186,1.3080986738204956,-1.3550118207931519,-0.03730325400829315,6.0
m00_core,w128_z_tail_x,0.7623340070178919,0.36210671067237854,1.5460219383239746,-1.6987201905250549,0.0,6.891893796920778
m00_core,w128_sur_lag1,0.7623340070178919,-0.02881465293467045,1.4055020809173584,-6.0,-0.0038387065287679434,6.0
m00_core,w128_z_lag1,0.7623340070178919,-0.01483952347189188,1.3419450521469116,-3.3928237390518188,-0.00835764966905117,3.357855010032655
m00_core,w256_sur_mean,0.5552813976268118,-0.004104177001863718,1.6961849927902222,-6.0,-0.01453000446781516,6.0
m00_core,w256_z_mean,0.5552813976268118,-0.009289459325373173,1.3039928674697876,-3.034340534210205,-0.03926899842917919,3.479244110584259
m00_core,w256_sur_sq,0.5552813976268118,0.0327681228518486,2.3262619972229004,-6.0,-0.036807384341955185,6.0
m00_core,w256_z_sq,0.5552813976268118,0.2527225911617279,1.896295428276062,-2.886622543334961,-0.08161848783493042,8.847231330871553
m00_core,w256_sur_abs,0.5552813976268118,-0.009759090840816498,2.255284547805786,-6.0,-0.039898622781038284,6.0
m00_core,w256_z_abs,0.5552813976268118,0.10105087608098984,1.6963642835617065,-3.196701512336731,-0.10322859510779381,6.072918272018414
m00_core,w256_sur_u,0.5552813976268118,0.0026157053653150797,1.6504257917404175,-6.0,-0.014141569379717112,6.0
m00_core,w256_z_u,0.5552813976268118,-0.01638387143611908,1.2306902408599854,-2.9718064069747925,-0.03843602165579796,3.2136172485351557
m00_core,w256_sur_u2,0.5552813976268118,-0.055358897894620895,2.2109172344207764,-6.0,-0.044443847611546516,6.0
m00_core,w256_z_u2,0.5552813976268118,0.0011544370790943503,1.5161641836166382,-3.3756193494796753,-0.11711974442005157,4.578025503158558
m00_core,w256_sur_tail_x,0.5552813976268118,0.22667524218559265,1.8906006813049316,-6.0,-0.01622889470309019,6.0
m00_core,w256_z_tail_x,0.5552813976268118,0.3511289954185486,1.7877651453018188,-2.242466688156128,0.0,8.431249618530273
m00_core,w256_sur_lag1,0.5552813976268118,-0.04491881653666496,1.8763951063156128,-6.0,-0.008568318095058203,6.0
m00_core,w256_z_lag1,0.5552813976268118,-0.02833358198404312,1.5074162483215332,-4.003551683425903,-0.021812807768583298,3.803153488636015
m00_core,xs_max_mean,0.9859766152930528,1.4673385620117188,0.8635329008102417,0.253751140832901,1.320097267627716,4.27552404403686
m00_core,xs_mean_mean,0.9859766152930528,0.8202053904533386,0.5261628031730652,0.154415598064661,0.7093745470046997,2.503848164081573
m00_core,xs_min_mean,0.9859766152930528,0.29106801748275757,0.37051793932914734,0.0023004253045655794,0.1708587259054184,1.6407232737541182
m00_core,xs_max_sq,0.9859766152930528,1.5395405292510986,1.5306438207626343,0.09599564738571643,1.145355463027954,9.354160051345819
m00_core,xs_mean_sq,0.9859766152930528,0.8676342964172363,1.0232099294662476,0.059019093923270705,0.6254723072052002,5.305015597343437
m00_core,xs_min_sq,0.9859766152930528,0.33677616715431213,0.7410808801651001,0.0014457253715954724,0.15257542580366135,3.0186977148056
m00_core,xs_max_abs,0.9859766152930528,1.5468789339065552,1.1575980186462402,0.24783355891704562,1.294666826725006,6.215802488327026
m00_core,xs_mean_abs,0.9859766152930528,0.8992538452148438,0.7776650190353394,0.15134581953287124,0.7214144468307495,3.832665886878963
m00_core,xs_min_abs,0.9859766152930528,0.36193978786468506,0.5786074995994568,0.0024959974247030915,0.19011029601097107,2.441496465206146
m00_core,xs_max_u,0.9859766152930528,1.4436211585998535,0.698064923286438,0.2873956894874573,1.3417508602142334,3.5586231541633597
m00_core,xs_mean_u,0.9859766152930528,0.8115848898887634,0.43177828192710876,0.17700872272253038,0.7229449152946472,2.200725405216217
m00_core,xs_min_u,0.9859766152930528,0.28936490416526794,0.33193305134773254,0.002465838049538434,0.1750326305627823,1.5605902206897735
m00_core,xs_max_u2,0.9859766152930528,1.5092967748641968,0.8794460296630859,0.2790065708756447,1.345015048980713,4.588050847053524
m00_core,xs_mean_u2,0.9859766152930528,0.8814134001731873,0.5626795291900635,0.16955556109547615,0.749983549118042,2.921914412975307
m00_core,xs_min_u2,0.9859766152930528,0.35306140780448914,0.4319785237312317,0.0026223898027092217,0.19975073635578156,2.0007025194168087
m00_core,xs_max_tail_x,0.9859766152930528,1.5092899799346924,1.5805314779281616,0.0,1.1403206586837769,8.54366683959961
m00_core,xs_mean_tail_x,0.9859766152930528,0.6948878765106201,1.0630214214324951,0.0,0.3649633526802063,5.366116504669157
m00_core,xs_min_tail_x,0.9859766152930528,0.15839940309524536,0.7002806067466736,0.0,0.0,3.002736754417408
m00_core,xs_max_lag1,0.9859766152930528,1.4722074270248413,1.266425609588623,0.14144359558820727,1.176181137561798,6.636915364265439
m00_core,xs_mean_lag1,0.9859766152930528,0.7994632720947266,0.7610570192337036,0.08579844526946545,0.6202722191810608,3.6464865326881366
m00_core,xs_min_lag1,0.9859766152930528,0.27424535155296326,0.4748035669326782,0.0017659506062045693,0.14106465131044388,1.9420864880084951
m00_core,sl_mean_16_128,0.7623340070178919,0.0248231440782547,5.883698463439941,-0.7894238460063934,0.00021591715631075203,0.7918633580207828
m00_core,se_mean_16_exp,0.9697833876827318,0.028038643300533295,7.134276866912842,-0.7989776337146759,0.0002553187950979918,0.8150378322601279
m00_core,sl_sq_16_128,0.7623340070178919,294.9943542480469,73198.21875,-1.5681227159500122,-0.06309116631746292,2.6908081388473515
m00_core,se_sq_16_exp,0.9697833876827318,335.0238342285156,93677.875,-1.2845433855056763,-0.06329366192221642,2.9961304402351217
m00_core,sl_abs_16_128,0.7623340070178919,0.028169067576527596,5.87929105758667,-0.4292246454954147,-0.013003706932067871,0.6215702092647555
m00_core,se_abs_16_exp,0.9697833876827318,0.035694900900125504,7.130611896514893,-0.42111692398786543,-0.01053061056882143,0.7055132639408089
m00_core,sl_u2_16_128,0.7623340070178919,0.0003304623533040285,0.022208044305443764,-0.04931541562080383,-0.0008175080874934793,0.06058220878243447
m00_core,se_u2_16_exp,0.9697833876827318,0.0006734193884767592,0.02333182469010353,-0.05053623050451279,-0.00045504196896217763,0.06687193840742106
m00_core,t_online,1.0,333.7648010253906,235.48085021972656,6.0,294.0,898.0
m00_core,log_t_online,1.0,5.427321910858154,1.0682659149169922,1.945910096168518,5.686975479125977,6.80128288269043
m01_seq,cz50_cur,1.0,0.46721744537353516,0.5946885347366333,0.021054551005363464,0.29321345686912537,2.989150047302246
m01_seq,cz50_pk,1.0,0.7312248349189758,1.2176891565322876,0.0,0.2597905695438385,4.643228530883789
m01_seq,cz50_dpk,1.0,0.19946080446243286,0.6070702075958252,0.0,0.0232807956635952,4.006720066070557
m01_seq,cz50_tsp,1.0,0.46328848600387573,0.28944289684295654,0.0,0.45890411734580994,0.9705665707588196
m01_seq,cz50_per,1.0,0.015471338294446468,0.04947346821427345,0.0,0.0,0.24242424964904785
m01_seq,cz50_slp,0.967687939393188,0.000542299821972847,0.050667230039834976,-0.06224517315626144,0.0,0.06557378798723211
m01_seq,cz50_rel,1.0,0.2296205759048462,0.25913968682289124,0.0,0.14008188247680664,1.0
m01_seq,cz50_up,1.0,0.45381712913513184,0.5651360154151917,0.10994837433099747,0.1606954038143158,2.6196306943893433
m01_seq,cz50_dn,1.0,0.443682998418808,0.5134340524673462,0.10872454568743706,0.15998530387878418,2.3715900182724
m01_seq,cz25_cur,1.0,0.48602214455604553,0.6716687083244324,0.0028226556023582816,0.28391769528388977,3.9684793949127197
m01_seq,cz25_pkr,1.0,0.10923516750335693,0.2551780343055725,0.0,0.0,1.1135590076446533
m01_seq,cz100_cur,1.0,0.44970738887786865,0.5444484353065491,0.12194349989295006,0.1760912537574768,2.443480134010315
m01_seq,cz100_pkr,1.0,0.2342120260000229,0.3475845158100128,0.0,0.0831514447927475,1.5507798194885254
m01_seq,ce50_cur,1.0,0.4677356481552124,0.5876367688179016,0.03149915114045143,0.2935369908809662,2.7379872798919678
m01_seq,ce50_pk,1.0,0.7671775817871094,1.257826328277588,0.0,0.2753438949584961,4.804355144500732
m01_seq,ce50_dpk,1.0,0.20801833271980286,0.642033040523529,0.0,0.022198742255568504,4.085983753204346
m01_seq,ce50_tsp,1.0,0.4695357382297516,0.2897818684577942,0.0,0.4646616578102112,0.9732251465320587
m01_seq,ce50_per,1.0,0.015187407843768597,0.047077301889657974,0.0,0.0,0.22567253559827805
m01_seq,ce50_slp,0.967687939393188,0.0006615587626583874,0.0755159854888916,-0.06464217364788055,0.0,0.06815844893455492
m01_seq,ce50_rel,1.0,0.19918611645698547,0.24169082939624786,0.0,0.11297768354415894,1.0
m01_seq,ce50_up,1.0,0.45131444931030273,0.5588139891624451,0.13044075667858124,0.16897541284561157,2.483412981033325
m01_seq,ce50_dn,1.0,0.44108274579048157,0.502122700214386,0.13071295619010925,0.16947977244853973,2.2963072061538696
m01_seq,ce25_cur,1.0,0.4845254719257355,0.6532006859779358,0.0037824888713657856,0.2903252840042114,3.898568034172058
m01_seq,ce25_pkr,1.0,0.12120787054300308,0.2745892405509949,0.0,0.0,1.1961259841918945
m01_seq,sq50_cur,1.0,0.5638150572776794,0.9428848028182983,0.036594562232494354,0.25811049342155457,5.443653106689453
m01_seq,sq50_pk,1.0,0.7883754968643188,1.3675265312194824,0.0,0.2594398558139801,5.581475734710693
m01_seq,sq50_dpk,1.0,0.36123931407928467,0.9623357653617859,0.0,0.07811713963747025,5.429699182510376
m01_seq,sq50_tsp,1.0,0.45107507705688477,0.2976478636264801,0.0,0.4438040256500244,0.9763488471508026
m01_seq,sq50_per,1.0,0.026232223957777023,0.09822499752044678,0.0,0.0,0.5947549343109131
m01_seq,sq50_slp,0.967687939393188,0.0022397201973944902,0.08250600844621658,-0.047552739828825,0.0,0.07122643709182729
m01_seq,sq50_rel,1.0,0.16041523218154907,0.2768138647079468,0.0,0.02219720371067524,1.0
m01_seq,sq50_up,1.0,0.5519731044769287,0.938361406326294,0.1376371681690216,0.18526872992515564,5.437560319900513
m01_seq,sq50_dn,1.0,0.42085516452789307,0.48677152395248413,0.10911495238542557,0.3010300099849701,2.1888837814331055
m01_seq,sq25_cur,1.0,0.6157731413841248,1.0313879251480103,0.0037435570266097784,0.28187766671180725,5.3505024909973145
m01_seq,sq25_pkr,1.0,0.11509457975625992,0.375140905380249,0.0,0.0,1.8759381175041199
m01_seq,phu_cur,1.0,0.44672784209251404,0.5435752868652344,0.10405303537845612,0.16077500581741333,2.460239887237549
m01_seq,phu_pkr,1.0,0.15056578814983368,0.2828422486782074,0.0,0.0,1.2370957136154175
m01_seq,phd_cur,1.0,0.43336543440818787,0.5048144459724426,0.10308082401752472,0.15934261679649353,2.3475579023361206
m01_seq,phd_pkr,1.0,0.1467711478471756,0.2610021233558655,0.0,0.0,1.1469756364822388
m01_seq,srz_cur,1.0,0.46696752309799194,0.6295866966247559,0.002717018243856728,0.28609499335289,3.818844795227051
m01_seq,srz_pkr,1.0,0.09385374188423157,0.2356276661157608,0.0,0.0,1.031192421913147
m01_seq,glz_cur,1.0,0.4650614261627197,0.6221149563789368,0.00023280567256733775,0.2692471742630005,3.052533745765686
m01_seq,glz_pk,1.0,0.7824146747589111,1.3402700424194336,0.0,0.26053377985954285,5.451670408248901
m01_seq,glz_dpk,1.0,0.2412969172000885,0.7066234946250916,0.0,0.03120853751897812,4.3328468799591064
m01_seq,glz_tsp,1.0,0.46417173743247986,0.290267676115036,0.0,0.45748987793922424,0.9775280952453613
m01_seq,glz_per,1.0,0.016510600224137306,0.05204690247774124,0.0,0.002087682718411088,0.2691330164670944
m01_seq,glz_slp,0.967687939393188,0.0005693137063644826,0.09324952214956284,-0.06021760359406471,-6.587699317606166e-05,0.06676760315895075
m01_seq,glz_rel,1.0,0.2692197561264038,0.2357316017150879,0.010588247328996658,0.1945987194776535,1.0
m01_seq,glz_mix,1.0,0.48780789971351624,0.6157995462417603,0.0004627586167771369,0.2943021059036255,3.011570453643799
m01_seq,gle_cur,1.0,0.4697020649909973,0.6245282888412476,0.0003568566171452403,0.27268531918525696,3.023972272872925
m01_seq,gle_pkr,1.0,0.34433862566947937,0.5279979109764099,0.0,0.10708433389663696,2.292748212814331
m01_seq,ew8_z,1.0,0.013415409252047539,1.2818505764007568,-3.3938506841659546,0.005915279034525156,3.5573761463165283
m01_seq,ew32_z,1.0,0.01881459727883339,1.6754717826843262,-4.602482080459595,-0.003002591198310256,5.1540327072143555
m01_seq,ew128_z,1.0,0.013982400298118591,2.7309069633483887,-9.512136936187744,-0.021819276735186577,10.393263339996338
m01_seq,ew32_pkrel,1.0,0.14589223265647888,0.16734696924686432,0.001433169178199023,0.08997204899787903,0.8781298696994781
m01_seq,ew32_slp,0.967687939393188,0.0001907742116600275,0.04404500126838684,-0.021377816945314404,-3.837111307802843e-06,0.021841799765825225
m01_seq,ewv32_z,1.0,-0.15004733204841614,1.755912184715271,-5.259276628494263,-0.1534765511751175,5.185408353805542
m01_seq,xc_max_cur,1.0,1.1518617868423462,1.0862771272659302,0.23159891366958618,0.812981367111206,5.652995347976685
m01_seq,xc_n_hot,1.0,0.3215583264827728,1.2751555442810059,0.0,0.0,8.0
m01_seq,xc_max_pk,1.0,1.2412233352661133,1.62543785572052,0.0,0.4918539226055145,5.910399436950684
m02_dist,dv_u_w32_chi2,0.9392072013986187,0.5147250294685364,0.5447415113449097,0.004364805296063423,0.3429441452026367,3.0
m02_dist,dv_u_w32_js,0.9392072013986187,0.506439208984375,0.5301367044448853,0.004364805296063423,0.34198859333992004,3.0
m02_dist,dv_u_w32_ks,0.9392072013986187,0.48321062326431274,0.5056684613227844,0.004364805296063423,0.3233063817024231,2.698970079421997
m02_dist,dv_u_w32_ene,0.9392072013986187,0.4845048487186432,0.511265218257904,0.003488327842205763,0.324221670627594,2.698970079421997
m02_dist,dv_u_w128_chi2,0.7623340070178919,0.6997674703598022,0.7357187867164612,0.004803708288818598,0.4596705138683319,3.0
m02_dist,dv_u_w128_js,0.7623340070178919,0.6823582053184509,0.7130433917045593,0.004364805296063423,0.4534573256969452,3.0
m02_dist,dv_u_w128_ks,0.7623340070178919,0.606053352355957,0.6671581864356995,0.004803708288818598,0.385102778673172,3.0
m02_dist,dv_u_w128_cvm,0.7623340070178919,0.6040646433830261,0.6744688153266907,0.005243055522441864,0.3809066712856293,3.0
m02_dist,dv_u_w128_w1,0.7623340070178919,0.6008395552635193,0.672344446182251,0.005163973020389698,0.3798639476299286,3.0
m02_dist,dv_u_w128_ene,0.7623340070178919,0.5940198302268982,0.6769371032714844,0.001740661566145718,0.3685562312602997,3.0
m02_dist,dv_u_exp_chi2,1.0,0.9494248628616333,0.9404566884040833,0.007004901766777039,0.6020600199699402,3.0
m02_dist,dv_u_exp_js,1.0,0.686195969581604,0.9368161559104919,-0.0,0.24718357622623444,3.0
m02_dist,dv_u_exp_ks,1.0,0.7557051777839661,0.8253944516181946,0.006123085040599108,0.45593196153640747,3.0
m02_dist,dv_u_exp_ene,1.0,0.5698615908622742,0.7161740064620972,0.0008694587158970535,0.3133637309074402,3.0
m02_dist,dv_u_w128_js_raw,0.7623340070178919,0.02880437672138214,0.025624409317970276,0.00876801649108529,0.02325761877000332,0.14104850202798844
m02_dist,dv_u_exp_js_raw,1.0,0.03475167229771614,0.06948185712099075,0.0024563668994233012,0.012129275128245354,0.3863060772418976
m02_dist,oc_u_w32_ent,0.9392072013986187,-0.08080825954675674,0.7057162523269653,-3.0,-0.036212172359228134,1.6989699602127075
m02_dist,oc_u_w32_maxdev,0.9392072013986187,0.48444864153862,0.5048609375953674,0.007004901766777039,0.33535802364349365,2.698970079421997
m02_dist,oc_u_w128_ent,0.7623340070178919,-0.26233500242233276,0.890531063079834,-3.0,-0.11690664291381836,1.6989699602127075
m02_dist,oc_u_w128_maxdev,0.7623340070178919,0.6155874729156494,0.6661811470985413,0.004803708288818598,0.40230482816696167,3.0
m02_dist,oc_u_w128_amax,0.7623340070178919,0.48549988865852356,0.3507743775844574,0.0,0.4444444477558136,1.0
m02_dist,oc_u_w128_hell,0.7623340070178919,0.6500851511955261,0.7049520015716553,0.004364805296063423,0.41793662309646606,3.0
m02_dist,oc_u_exp_ent,1.0,-0.10690741240978241,1.1801807880401611,-3.0,0.014124643057584763,3.0
m02_dist,oc_u_exp_maxdev,1.0,0.7844621539115906,0.8341677784919739,0.002613615710288286,0.4948500096797943,3.0
m02_dist,oc_u_exp_tv,1.0,0.6170228123664856,0.8195885419845581,-0.0,0.2823294997215271,3.0
m02_dist,oc_u_exp_amax,1.0,0.47858577966690063,0.3579407036304474,0.0,0.4444444477558136,1.0
m02_dist,qd_w128_q50_raw,0.7623340070178919,0.00012753359624184668,0.059148285537958145,-0.15000000596046448,0.0,0.1599999964237213
m02_dist,qd_w128_qiqr_raw,0.7623340070178919,-0.008750655688345432,0.08442382514476776,-0.216403851211071,-0.012500000186264515,0.30000001192092896
m02_dist,qd_w128_q9010_raw,0.7623340070178919,-0.021610725671052933,0.07587511837482452,-0.27518142402172086,-0.014404761604964733,0.14501132845878606
m02_dist,qd_exp_q50_raw,1.0,-0.0004453502770047635,0.06082482635974884,-0.20000000298023224,0.0,0.18437500298023224
m02_dist,qd_exp_qiqr_raw,1.0,-0.01299777626991272,0.08187603950500488,-0.26875001192092896,-0.010714286006987095,0.25618767738342285
m02_dist,qd_exp_q9010_raw,1.0,-0.02509584277868271,0.08433797955513,-0.3520517647266388,-0.012500000186264515,0.13668613135814667
m02_dist,qd_w128_q50,0.7623340070178919,-0.0002750821295194328,0.8242300748825073,-3.0,-0.004364805296063423,3.0
m02_dist,qd_w128_qiqr,0.7623340070178919,-0.04835409298539162,0.9637580513954163,-3.0,-0.036212172359228134,3.0
m02_dist,qd_w128_q9010,0.7623340070178919,-0.05222246050834656,1.0098265409469604,-3.0,-0.038104526698589325,3.0
m02_dist,qd_exp_q50,1.0,1.308653736487031e-05,0.840801477432251,-3.0,-0.002613615710288286,3.0
m02_dist,qd_exp_qiqr,1.0,-0.08275380730628967,0.989554226398468,-3.0,-0.04191415011882782,3.0
m02_dist,tl_w64_asym05,0.8773728782036181,0.0010059477062895894,0.7082734107971191,-2.221848726272583,0.0,2.698970079421997
m02_dist,tl_w64_asym01,0.8773728782036181,0.002100891899317503,0.7106237411499023,-2.698970079421997,0.0008694587158970535,3.0
m02_dist,tl_w64_ctr,0.8773728782036181,0.03540315479040146,0.8139980435371399,-3.0,0.020451625809073448,3.0
m02_dist,tl_exp_asym05,1.0,-0.013953739777207375,0.8488354682922363,-3.0,-0.004364805296063423,3.0
m02_dist,tl_exp_asym01,1.0,-0.004274891689419746,0.8954797983169556,-3.0,0.0,3.0
m02_dist,tl_exp_asym05_raw,1.0,-0.0004912333679385483,0.04191870242357254,-0.10204081982374191,0.0,0.10822072252631187
m02_dist,rk_w128_var,0.7623340070178919,-0.053644437342882156,1.0152665376663208,-3.0,-0.040005162358284,3.0
m02_dist,rk_exp_var,1.0,-0.08994423598051071,1.0356978178024292,-3.0,-0.04383156821131706,3.0
m02_dist,rk_cusum_u_raw,1.0,1.4886504411697388,1.2780102491378784,0.2777179032564163,1.1859726905822754,6.1810243129730225
m02_dist,rk_cusum_u,1.0,0.5883604884147644,0.7077667117118835,0.0008694587158970535,0.3410351574420929,3.0
m02_dist,rk_cusum_r_raw,1.0,1.3046135902404785,0.7670174837112427,0.3764776140451431,1.1287178993225098,3.9777196645736694
m02_dist,rk_cusum_r,1.0,0.5867114067077637,0.7078168392181396,0.0008694587158970535,0.3410351574420929,3.0
m02_dist,ab_w128_chi2,0.7623340070178919,0.6565638184547424,0.7147080898284912,0.0039263456128537655,0.4213607907295227,3.0
m02_dist,ab_w128_ks,0.7623340070178919,0.6248580813407898,0.7026089429855347,0.004364805296063423,0.38721615076065063,3.0
m02_dist,ab_exp_chi2,1.0,0.8459421396255493,0.8910059332847595,0.004364805296063423,0.5171264410018921,3.0
m02_dist,ab_exp_js,1.0,0.6361548900604248,0.8448917269706726,-0.0,0.2823294997215271,3.0
m02_dist,ab_w128_mean,0.7623340070178919,-0.03695289045572281,0.9985001087188721,-3.0,-0.03058408759534359,3.0
m02_dist,rs_w128_chi2,0.7623340070178919,0.6826778650283813,0.7403102517127991,0.004803708288818598,0.4317982792854309,3.0
m02_dist,rs_w128_ks,0.7623340070178919,0.617178201675415,0.6803547143936157,0.005243055522441864,0.3914739787578583,3.0
m02_dist,rs_w128_js,0.7623340070178919,0.6785438656806946,0.7309592962265015,0.004364805296063423,0.42945706844329834,3.0
m02_dist,rs_exp_chi2,1.0,0.8842824697494507,0.9189837574958801,0.005243055522441864,0.5376020073890686,3.0
m02_dist,rs_exp_js,1.0,0.6551335453987122,0.8603509068489075,-0.0,0.2924298346042633,3.0
m03_dyn,az_x_exp_l1_z,0.9776568176464024,-0.1188666895031929,1.4641762971878052,-4.343754138946533,-0.07177227735519409,3.4060392856597934
m03_dyn,az_x_exp_l2_z,0.9776568176464024,-0.047831445932388306,1.4930363893508911,-4.109638175964355,-0.020203040912747383,3.8294894218445052
m03_dyn,az_x_exp_l5_z,0.9776568176464024,-0.06365703046321869,1.4149315357208252,-3.869788942337036,-0.03649234026670456,3.4665196990966822
m03_dyn,az_x_exp_l10_z,0.9620339487421111,-0.04295602813363075,1.408831000328064,-3.7748456382751465,-0.042093176394701004,3.6159634971618613
m03_dyn,az_x_exp_l20_z,0.9235967315966324,-0.04118287190794945,1.4049543142318726,-3.791955518722534,-0.03712455928325653,3.538321619033804
m03_dyn,az_e_exp_l1_z,0.9776568176464024,-0.09050329774618149,1.4271408319473267,-4.15970293045044,-0.05200314521789551,3.3998298645019793
m03_dyn,az_e_exp_l2_z,0.9776568176464024,-0.009793616831302643,1.4484716653823853,-3.924812355041504,-8.290051482617855e-05,3.801247711181641
m03_dyn,az_e_exp_l5_z,0.9776568176464024,-0.04889541119337082,1.3935729265213013,-3.7581676959991457,-0.02106565795838833,3.401646938323986
m03_dyn,az_e_exp_l10_z,0.9620339487421111,-0.024878187105059624,1.398262858390808,-3.64584077835083,-0.030530761927366257,3.592645330429077
m03_dyn,az_ae_exp_l1_z,0.9776568176464024,0.13362160325050354,1.4645049571990967,-3.2836099910736083,0.054485999047756195,4.770234851837175
m03_dyn,az_ae_exp_l5_z,0.9776568176464024,0.06249716505408287,1.4268766641616821,-3.369040822982788,0.0031597332563251257,4.20958553314209
m03_dyn,az_ae_exp_l20_z,0.9235967315966324,0.03625597432255745,1.4271565675735474,-3.36531777381897,-0.029690058901906013,4.216659259796139
m03_dyn,az_e2_exp_l1_z,0.9776568176464024,0.1893630474805832,1.5295153856277466,-3.056111173629761,0.019161708652973175,5.44374950408937
m03_dyn,az_sg_exp_l1_z,0.9776568176464024,-0.09407026320695877,1.4033862352371216,-4.003004627227783,-0.061401184648275375,3.3173527812957766
m03_dyn,az_x_half_l1_z,0.9544332990291503,-0.04510152339935303,1.27072274684906,-3.4054757952690125,-0.009260554797947407,2.9045504927635193
m03_dyn,az_e_half_l1_z,0.9544332990291503,-0.032489266246557236,1.236643671989441,-3.314233660697937,-0.005429625744000077,2.8773480653762817
m03_dyn,az_ae_half_l1_z,0.9544332990291503,0.11700804531574249,1.1895233392715454,-2.53648179769516,0.0667797140777111,3.3960036039352417
m03_dyn,vr_qh,0.9392072013986187,-0.018753279000520706,0.23524834215641022,-0.8347969996929169,0.00399978319182992,0.4696711671352384
m03_dyn,vr_qh_z,0.9392072013986187,-0.057125069200992584,1.1221040487289429,-3.2307293891906737,0.03896019607782364,2.2470364141464225
m03_dyn,vr_he,0.9392072013986187,-0.005830287467688322,0.19342602789402008,-0.659508358836174,0.006503751501441002,0.44023071765899646
m03_dyn,vr_he_z,0.9392072013986187,0.02149026282131672,1.2118897438049316,-3.3171250748634336,0.0804438441991806,2.922208635807037
m03_dyn,vra_qh_z,0.9392072013986187,-0.004212128929793835,1.095875859260559,-2.8446923017501833,0.03566994518041611,2.4552433633804323
m03_dyn,drift_q,0.9083210375568809,0.06889375299215317,17.631511688232422,-1.6040757894515991,0.0020745343063026667,1.6424488162994386
m03_dyn,drift_q_z,0.9083210375568809,0.01295432634651661,1.0433058738708496,-2.482066650390625,0.011139733716845512,2.5327064323425317
m03_dyn,drift_h,0.9544332990291503,0.049187999218702316,12.461922645568848,-1.3471389710903168,0.002666718792170286,1.35812708735466
m03_dyn,drift_h_z,0.9544332990291503,0.023698899894952774,1.0551104545593262,-2.467181384563446,0.016856181435287,2.6234959959983826
m03_dyn,drift_e,0.9776568176464024,0.02577999234199524,7.116294860839844,-1.110575795173645,0.00105342420283705,1.112712864875794
m03_dyn,drift_e_z,0.9776568176464024,0.028637748211622238,1.1060701608657837,-2.5384301280975343,0.013469060882925987,2.784045448303233
m03_dyn,dslope_qh,0.9083210375568809,-0.010855297558009624,1.1753813028335571,-2.894436683654785,-0.009317767806351185,2.804996976852421
m03_dyn,dslope_he,0.9544332990291503,-0.005552728194743395,1.1958160400390625,-2.897999882698059,-0.00021461256983457133,2.8545681834220886
m03_dyn,mk1,0.9544332990291503,-0.0003856303810607642,0.06540627032518387,-0.1818181872367859,0.0,0.18518517911434174
m03_dyn,mk1_z,0.9544332990291503,0.0023632647935301065,1.1101104021072388,-2.6995145678520203,0.0,2.7422922253608704
m03_dyn,mk8,0.9392072013986187,-0.00024788823793642223,0.07416781783103943,-0.2142857164144516,0.0,0.2142857164144516
m03_dyn,mk8_z,0.9392072013986187,0.003852452617138624,1.1075655221939087,-2.7099163341522217,0.0,2.726165978908537
m03_dyn,sp_low,0.8773728782036181,0.3630225658416748,0.22922058403491974,0.010292676277458668,0.32964980602264404,0.9213926911354063
m03_dyn,sp_low_z,0.8773728782036181,0.10287871956825256,1.0821017026901245,-2.0869439601898194,0.0020710439421236515,3.071647882461547
m03_dyn,sp_high,0.8773728782036181,0.3161849081516266,0.24129042029380798,0.0030456199776381257,0.26445144414901733,0.9555953145027153
m03_dyn,sp_high_z,0.8773728782036181,0.15773510932922363,1.1252838373184204,-1.926053261756897,0.004190698266029358,3.539961147308334
m03_dyn,sp_ent,0.8773728782036181,0.7363118529319763,0.15802723169326782,0.16639362871646882,0.7702406644821167,0.9607168674468994
m03_dyn,sp_ent_z,0.8773728782036181,-0.1469832956790924,1.0619409084320068,-3.2756279945373534,-0.008557016029953957,1.7307357549667304
m03_dyn,sp_cen,0.8773728782036181,2.606421709060669,0.9134148955345154,0.2619441509246826,2.6482954025268555,4.516832256317138
m03_dyn,sp_cen_z,0.8773728782036181,-0.02060636132955551,1.0894968509674072,-2.752618169784546,0.005503872409462929,2.4775828361511225
m03_dyn,sp_lr,0.8773728782036181,0.2965978682041168,1.852819800376892,-4.338705158233642,0.2319963127374649,5.35762691497802
m03_dyn,sp_dom,0.8773728782036181,2.5703001022338867,1.7627099752426147,0.0,3.0,5.0
m03_dyn,hw_r12,0.9083210375568809,-0.04313017427921295,0.5861795544624329,-1.5138936233520508,-0.04753701388835907,2.015289039611817
m03_dyn,hw_r12_z,0.9083210375568809,0.07899744063615799,1.2974159717559814,-2.8837138557434083,0.023757267743349075,3.693073501586921
m03_dyn,hw_r24,0.9083210375568809,-0.06081759184598923,0.5137494206428528,-1.358184094429016,-0.05226467177271843,1.6600486850738532
m03_dyn,hw_r24_z,0.9083210375568809,0.043500807136297226,1.2056785821914673,-2.782440595626831,0.005019658710807562,3.207632961273195
m03_dyn,hw_r48,0.8773728782036181,-0.04577630013227463,0.41320979595184326,-1.1316026449203491,-0.033698827028274536,1.1147765398025458
m03_dyn,hw_r48_z,0.8773728782036181,0.050675585865974426,1.1906877756118774,-2.6292805671691895,0.011684096418321133,3.2511089324951135
m03_dyn,hw_hurst,0.8773728782036181,0.07411638647317886,0.4804682433605194,-1.0943815231323242,0.014226587489247322,1.629737138748164
m03_dyn,hw_hurst_z,0.8773728782036181,-0.040298812091350555,1.241566777229309,-3.1975733280181884,-0.018167341127991676,2.9062311172485265
m03_dyn,pe_half,0.9083210375568809,0.9825807809829712,0.02777762897312641,0.8539238667488098,0.9917894005775452,0.9996133708953857
m03_dyn,pe_half_z,0.9083210375568809,-0.284843772649765,1.3955966234207153,-5.4438032913208,0.032159797847270966,1.694875597953797
m03_dyn,pe_exp,0.9544332990291503,0.986133873462677,0.02574409916996956,0.8604726642370224,0.9947128891944885,0.9997856616973877
m03_dyn,pe_exp_z,0.9544332990291503,-1.294344425201416,2.478433132171631,-10.0,-0.5608006119728088,1.6888732016086578
m03_dyn,hj_mob,0.9392072013986187,0.28037241101264954,0.22618885338306427,-0.6848585546016693,0.33609938621520996,0.6247713160514832
m03_dyn,hj_mob_z,0.9392072013986187,-0.02120661549270153,1.2616069316864014,-3.28064493894577,0.009327366948127747,3.037242884635924
m03_dyn,hj_comp,0.9392072013986187,0.24152772128582,0.16283687949180603,0.01835485201328993,0.20241110771894455,0.8979749143123619
m03_dyn,hj_comp_z,0.9392072013986187,0.0640597939491272,1.2408719062805176,-2.793670270442963,-0.00089850919903256,3.456740415096281
m04_resid,raw_e_mean,1.0,-0.009033960290253162,1.3429704904556274,-3.2494817972183228,-0.03390476480126381,3.6187275648117065
m04_resid,raw_e_var,1.0,0.16469433903694153,1.7678632736206055,-3.221524477005005,-0.10588937997817993,6.981027364730835
m04_resid,raw_e_abs,1.0,0.04605979844927788,1.6328178644180298,-3.442359685897827,-0.12038752436637878,5.441225290298462
m04_resid,raw_e_tail,1.0,0.16042879223823547,1.5856560468673706,-2.9512637853622437,-0.07019846141338348,5.988416433334351
m04_resid,raw_e_acf1,1.0,-0.012074723839759827,1.4273635149002075,-3.9041305780410767,-0.01229612622410059,3.803245782852173
m04_resid,raw_e_acf1sq,1.0,0.5000272393226624,2.1146960258483887,-2.6481552124023438,0.056163690984249115,12.0
m04_resid,raw_e_llr,0.9859766152930528,1.111702799797058,2.578157424926758,-1.0710524678230287,0.22025524079799652,12.0
m04_resid,raw_w32_llr,0.9392072013986187,0.5406047701835632,1.5838462114334106,-0.7844165194034577,0.07512257620692253,8.025161342620848
m04_resid,ar1_e_mean,1.0,-0.008723627775907516,1.3441423177719116,-3.239880919456482,-0.03353758528828621,3.6107852458953857
m04_resid,ar1_e_var,1.0,0.1990235596895218,1.8311165571212769,-3.2693254947662354,-0.09155958145856857,7.5549399852752686
m04_resid,ar1_e_abs,1.0,0.07412876933813095,1.680290937423706,-3.506434440612793,-0.10991062223911285,5.8564372062683105
m04_resid,ar1_e_tail,1.0,0.1822311282157898,1.6234164237976074,-2.9055060148239136,-0.06269773840904236,6.088387966156006
m04_resid,ar1_e_acf1,1.0,-0.06014745682477951,1.543457269668579,-4.792948484420776,-0.007274459581822157,3.841110348701477
m04_resid,ar1_e_acf1sq,1.0,0.5433084964752197,2.1900742053985596,-2.615854263305664,0.07332132756710052,12.0
m04_resid,ar1_e_llr,0.9859766152930528,1.1746553182601929,2.661055088043213,-1.0632489597797394,0.24763395637273788,12.0
m04_resid,ar1_w32_llr,0.9392072013986187,0.5722042918205261,1.65105402469635,-0.7721071165800094,0.08442478626966476,9.114101343154879
m04_resid,ar2_e_mean,1.0,-0.00821263249963522,1.3472168445587158,-3.2289966344833374,-0.036541979759931564,3.6164023876190186
m04_resid,ar2_e_var,1.0,0.2185378074645996,1.8851747512817383,-3.3248332738876343,-0.08631396293640137,8.126235485076904
m04_resid,ar2_e_abs,1.0,0.08683805167675018,1.7272484302520752,-3.499103307723999,-0.10583145171403885,6.26559853553772
m04_resid,ar2_e_tail,1.0,0.19308660924434662,1.669972538948059,-2.983475685119629,-0.05616975203156471,6.370197772979736
m04_resid,ar2_e_acf1,1.0,-0.05700657516717911,1.560433268547058,-4.793359279632568,-0.00027545649209059775,3.8314898014068604
m04_resid,ar2_e_acf1sq,1.0,0.5593769550323486,2.2420706748962402,-2.677935242652893,0.07182716578245163,12.0
m04_resid,ar2_e_llr,0.9859766152930528,1.2075109481811523,2.710824489593506,-1.0707597136497498,0.2586851119995117,12.0
m04_resid,ar2_w32_llr,0.9392072013986187,0.5916695594787598,1.7073733806610107,-0.776632314324379,0.09153137728571892,10.200826311111433
m04_resid,ar5_e_mean,1.0,-0.007950958795845509,1.3503378629684448,-3.24472177028656,-0.03758169710636139,3.6324944496154785
m04_resid,ar5_e_var,1.0,0.2541239857673645,1.9265092611312866,-3.244668483734131,-0.07288488000631332,8.702602863311768
m04_resid,ar5_e_abs,1.0,0.12196455895900726,1.769342303276062,-3.4210078716278076,-0.09085967391729355,6.659649133682251
m04_resid,ar5_e_tail,1.0,0.2123231738805771,1.7111010551452637,-3.0149208307266235,-0.04849240928888321,6.793629169464111
m04_resid,ar5_e_acf1,1.0,-0.056055307388305664,1.5602189302444458,-4.695849895477295,-0.0029405737295746803,3.8707436323165894
m04_resid,ar5_e_acf1sq,1.0,0.5616563558578491,2.2480881214141846,-2.701423406600952,0.07615996897220612,12.0
m04_resid,ar5_e_llr,0.9859766152930528,1.2380024194717407,2.7610561847686768,-1.082871243953705,0.26718658208847046,12.0
m04_resid,ar5_w32_llr,0.9392072013986187,0.6058050394058228,1.7400517463684082,-0.7777037888765335,0.09674567729234695,10.846188726425162
m04_resid,vol_e_mean,1.0,-0.012343167327344418,1.3779360055923462,-3.4365649223327637,-0.025510381907224655,3.805901527404785
m04_resid,vol_e_var,1.0,0.12698455154895782,1.1468628644943237,-2.411586284637451,0.06460363417863846,3.3073694705963135
m04_resid,vol_e_abs,1.0,0.004436793737113476,1.190565824508667,-3.1007922887802124,0.03185667470097542,2.8569597005844116
m04_resid,vol_e_tail,1.0,0.07667473703622818,1.228729009628296,-2.822835683822632,0.0,3.415034055709839
m04_resid,vol_e_acf1,1.0,-0.007046195678412914,1.3594022989273071,-3.6145859956741333,0.0008675443823449314,3.509831428527832
m04_resid,vol_e_acf1sq,1.0,0.23165753483772278,1.6016637086868286,-3.0746923685073853,0.0356956385076046,6.082027196884155
m04_resid,vol_e_llr,0.9859766152930528,0.7442724108695984,2.03214168548584,-0.9916968131065369,0.06024383008480072,11.299284305572503
m04_resid,vol_w32_llr,0.9392072013986187,0.3940281271934509,1.2200404405593872,-0.7518728262186051,0.016234908252954483,5.040449733734126
m04_resid,cmb_e_mean,1.0,-0.011785747483372688,1.385738730430603,-3.439180016517639,-0.02818571962416172,3.785748839378357
m04_resid,cmb_e_var,1.0,0.15477968752384186,1.180793285369873,-2.4381779432296753,0.08618012070655823,3.5211092233657837
m04_resid,cmb_e_abs,1.0,0.015150118619203568,1.2029049396514893,-3.119889736175537,0.04330562800168991,2.8833855390548706
m04_resid,cmb_e_tail,1.0,0.09131437540054321,1.2480571269989014,-2.8101993799209595,0.0031932168640196323,3.5569231510162354
m04_resid,cmb_e_acf1,1.0,-0.0035655638203024864,1.412637710571289,-3.7284399271011353,0.007485394366085529,3.720518112182617
m04_resid,cmb_e_acf1sq,1.0,0.2580626606941223,1.6345962285995483,-2.9777908325195312,0.049441516399383545,6.380617380142212
m04_resid,cmb_e_llr,0.9859766152930528,0.7671871781349182,2.0724217891693115,-0.9975372773408889,0.06904148310422897,11.630903806686392
m04_resid,cmb_w32_llr,0.9392072013986187,0.39962875843048096,1.242156982421875,-0.7427156674861908,0.021715257316827774,5.1805311727523735
m04_resid,arR_e_var,1.0,0.2274124175310135,1.898025631904602,-3.300843358039856,-0.07892922312021255,8.296607494354248
m04_resid,arR_e_acf1sq,1.0,0.5602938532829285,2.230294942855835,-2.6080377101898193,0.07332002371549606,12.0
m04_resid,arR_e_llr,0.9859766152930528,1.2111177444458008,2.713489532470703,-1.0791438663005828,0.26295386254787445,12.0
m04_resid,arH_e_var,1.0,0.2184399515390396,1.8830682039260864,-3.318739175796509,-0.08496517688035965,8.098094463348389
m04_resid,arH_e_acf1sq,1.0,0.5568140149116516,2.2373087406158447,-2.666821837425232,0.07006460428237915,12.0
m04_resid,arH_e_llr,0.9859766152930528,1.2059687376022339,2.7100517749786377,-1.0706053185462951,0.2568409889936447,12.0
m04_resid,volG_e_var,1.0,0.033324308693408966,1.6404985189437866,-3.900222420692444,-0.0966024175286293,5.240130424499512
m04_resid,volG_e_acf1sq,1.0,0.20309379696846008,1.6004087924957275,-3.3877103328704834,0.07604281604290009,5.70191502571106
m04_resid,volG_e_llr,0.9859766152930528,1.111528992652893,2.5484862327575684,-1.1022897136211396,0.2202438861131668,12.0
m04_resid,volM_e_var,1.0,0.23626521229743958,1.4303922653198242,-2.6155000925064087,0.07864079624414444,4.896644115447998
m04_resid,volM_e_acf1sq,1.0,0.36756405234336853,1.9387542009353638,-3.060203433036804,0.03685860335826874,10.392950534820557
m04_resid,volM_e_llr,0.9859766152930528,0.850719153881073,2.2051100730895996,-1.0645884656906128,0.11169067025184631,12.0
m06_loc,loc_h_rsq_q,0.9859766152930528,0.8280614614486694,0.9910714626312256,0.005240745977498591,0.40694560110569,3.0
m06_loc,loc_h_rsq_sz,0.9859766152930528,0.8102104067802429,2.6840178966522217,-3.1483015632629394,0.8282274007797241,12.0
m06_loc,loc_h_rsq_lm,0.9859766152930528,5.566131591796875,1.8648401498794556,3.0,5.584962368011475,9.0
m06_loc,loc_h_rsq_rel,0.9859766152930528,0.6528481245040894,0.29894882440567017,0.010309278033673763,0.7486910820007324,0.9883857506513595
m06_loc,loc_h_rsq_gap,0.9776568176464024,0.06456490606069565,0.08082552999258041,0.0,0.03505976125597954,0.3719327390193947
m06_loc,loc_h_rsq_stab,0.9565411464209991,0.7592261433601379,0.6411451697349548,0.0,0.5845875144004822,2.524962902069092
m06_loc,fx_h_rsq_16,0.9697833876827318,0.43124157190322876,1.9154235124588013,-1.7131355726718902,-0.012513167690485716,11.756313333511331
m06_loc,fx_h_rsq_48,0.9083210375568809,0.40216028690338135,1.9154011011123657,-2.118634653091431,-0.0029235640540719032,10.530118865966806
m06_loc,fx_h_rsq_128,0.7623340070178919,0.4183451533317566,2.095003604888916,-2.6813032007217408,-0.010002014227211475,12.0
m06_loc,fx_h_rsq_384,0.3807516335817287,0.5076596140861511,2.702239513397217,-4.325118851661682,-0.033748894929885864,12.0
m06_loc,loc_h_rlab_q,0.9859766152930528,0.7922306656837463,0.9476026296615601,0.00432263283059001,0.40425442159175873,3.0
m06_loc,loc_h_rlab_sz,0.9859766152930528,-0.06718343496322632,1.917976975440979,-3.7964929008483885,-0.5938635766506195,3.921048338413238
m06_loc,loc_h_rlab_lm,0.9859766152930528,5.576011657714844,1.8573626279830933,3.0,5.584962368011475,9.0
m06_loc,loc_h_rlab_rel,0.9859766152930528,0.6525941491127014,0.2991689443588257,0.010309278033673763,0.75,0.9878568822145462
m06_loc,loc_h_rlab_gap,0.9776568176464024,0.06995641440153122,0.08360131084918976,0.0,0.04019607976078987,0.3778351724147805
m06_loc,loc_h_rlab_stab,0.9565411464209991,0.8248944878578186,0.6310096979141235,0.0,0.7019695043563843,2.5011656284332284
m06_loc,fx_h_rlab_16,0.9697833876827318,-0.022643599659204483,1.1287728548049927,-2.7913791012763975,-0.00220973405521363,2.6713795471191357
m06_loc,fx_h_rlab_48,0.9083210375568809,0.011355710215866566,1.2480533123016357,-2.9043926334381105,-0.0065795001573860645,3.303836536407487
m06_loc,fx_h_rlab_128,0.7623340070178919,0.05337570235133171,1.473460078239441,-3.3253980922698974,-0.012346168980002403,4.434933099746705
m06_loc,fx_h_rlab_384,0.3807516335817287,0.10332045704126358,2.0511929988861084,-4.799850068092346,-0.04582371190190315,7.065431489944461
m06_loc,loc_h_rl1_q,0.9859766152930528,0.7359781265258789,0.9141354560852051,0.0025459392834454777,0.3670063018798828,3.0
m06_loc,loc_h_rl1_sz,0.9859766152930528,-0.08655223995447159,2.6293303966522217,-7.879719967842101,-0.34661874175071716,6.716427507400509
m06_loc,loc_h_rl1_lm,0.9859766152930528,5.554366588592529,1.8888334035873413,3.0,5.584962368011475,9.0
m06_loc,loc_h_rl1_rel,0.9859766152930528,0.6549199223518372,0.2976282238960266,0.010309278033673763,0.75,0.9882006049156189
m06_loc,loc_h_rl1_gap,0.9776568176464024,0.06935574114322662,0.08384289592504501,0.0,0.04011741653084755,0.38771607398986957
m06_loc,loc_h_rl1_stab,0.9565411464209991,0.8092803359031677,0.6274383664131165,0.0,0.6758986711502075,2.486152780056001
m06_loc,fx_h_rl1_16,0.9697833876827318,-0.0384187214076519,1.6737112998962402,-4.920328412055969,-0.012786780949681997,4.29594357490539
m06_loc,fx_h_rl1_48,0.9083210375568809,-0.05032338947057724,1.6479737758636475,-4.937529144287109,-0.009276237338781357,3.984364871978769
m06_loc,fx_h_rl1_128,0.7623340070178919,-0.08035421371459961,1.7536479234695435,-5.512907438278198,-0.015443768352270126,4.120287313461305
m06_loc,fx_h_rl1_384,0.3807516335817287,-0.14387942850589752,2.1223227977752686,-7.551738448143006,-0.027278011664748192,5.252033371925358
m06_loc,loc_p_rsq_q,0.9697833876827318,0.6437506675720215,0.8319169878959656,0.0016587424371391534,0.3299872577190399,3.0
m06_loc,loc_p_rsq_sz,0.9697833876827318,-0.4989373981952667,2.9118764400482178,-12.0,-1.0521440505981445,7.942619738578716
m06_loc,loc_p_rsq_lm,0.9697833876827318,4.8669023513793945,1.4778155088424683,3.0,4.584962368011475,8.0
m06_loc,loc_p_rsq_rel,0.9697833876827318,0.823538601398468,0.1402161419391632,0.5076923370361328,0.8655462265014648,0.9888403975963592
m06_loc,loc_p_rsq_gap,0.9544332990291503,0.0901646688580513,0.10017488151788712,0.0,0.05756545253098011,0.46000856161117554
m06_loc,loc_p_rsq_stab,0.9410670667443677,0.6893755793571472,0.4799773693084717,0.0,0.6077943444252014,2.007055869102478
m06_loc,fx_p_rsq_16,0.9392072013986187,0.021737264469265938,1.9232597351074219,-6.077106566429138,0.005274020601063967,6.506325306892393
m06_loc,fx_p_rsq_48,0.8191714919839803,0.050484832376241684,1.7696032524108887,-4.7677216053009035,0.01837659813463688,5.687374000549248
m06_loc,fx_p_rsq_128,0.5552813976268118,0.1366436779499054,1.8162786960601807,-4.268825597763062,0.06566335260868073,6.5284791040420505
m06_loc,fx_p_rsq_256,0.23920348166792724,0.2562013566493988,2.046225070953369,-5.042858996391296,0.1280631348490715,9.136374931335455
m06_loc,loc_p_rlab_q,0.9697833876827318,0.574505627155304,0.7056045532226562,0.0036384443170391022,0.33198751509189606,3.0
m06_loc,loc_p_rlab_sz,0.9697833876827318,0.16064944863319397,1.9037061929702759,-3.385865619182587,0.9219596982002258,3.57396121263504
m06_loc,loc_p_rlab_lm,0.9697833876827318,4.928898811340332,1.4625654220581055,3.0,4.584962368011475,8.0
m06_loc,loc_p_rlab_rel,0.9697833876827318,0.8191797137260437,0.1401483416557312,0.5076923370361328,0.8590308427810669,0.9882698059082031
m06_loc,loc_p_rlab_gap,0.9544332990291503,0.10202856361865997,0.10681771486997604,0.0,0.06818182021379471,0.49474407732486725
m06_loc,loc_p_rlab_stab,0.9410670667443677,0.7607195973396301,0.472263365983963,0.0,0.7005655467510223,1.997076411247253
m06_loc,fx_p_rlab_16,0.9392072013986187,0.009079137817025185,1.0276079177856445,-2.426205348968506,0.005177199607715011,2.439119036197662
m06_loc,fx_p_rlab_48,0.8191714919839803,0.017776913940906525,1.053438663482666,-2.472810640335083,0.015565561130642891,2.5300496006011963
m06_loc,fx_p_rlab_128,0.5552813976268118,0.05615467205643654,1.1439491510391235,-2.681305546760559,0.04321788065135479,2.95609453439712
m06_loc,fx_p_rlab_256,0.23920348166792724,0.12017349153757095,1.327501893043518,-3.10617653131485,0.0863085575401783,3.699332070350647
m06_loc,loc_p_rl1_q,0.9697833876827318,0.6038183569908142,0.772274911403656,0.001860715540824458,0.3225000351667404,3.0
m06_loc,loc_p_rl1_sz,0.9697833876827318,0.005843932740390301,2.5433270931243896,-6.647469930648803,-0.053371017798781395,6.876313619613627
m06_loc,loc_p_rl1_lm,0.9697833876827318,4.947569370269775,1.4743399620056152,3.0,4.584962368011475,8.0
m06_loc,loc_p_rl1_rel,0.9697833876827318,0.8169654607772827,0.1406289041042328,0.5076923370361328,0.8552036285400391,0.9884036308526992
m06_loc,loc_p_rl1_gap,0.9544332990291503,0.09227421134710312,0.10097996145486832,0.0,0.059490084648132324,0.46070170402526855
m06_loc,loc_p_rl1_stab,0.9410670667443677,0.7293902635574341,0.4691086709499359,0.0,0.6593852639198303,1.9724526417255397
m06_loc,fx_p_rl1_16,0.9392072013986187,-0.006611288990825415,1.5635591745376587,-4.13212483882904,-0.0004940213984809816,4.104812617301939
m06_loc,fx_p_rl1_48,0.8191714919839803,-0.009531531482934952,1.5323513746261597,-3.9737449932098388,-0.0065850671380758286,3.833492016792296
m06_loc,fx_p_rl1_128,0.5552813976268118,-0.036340199410915375,1.582201361656189,-4.4009336519241335,-0.0175151564180851,3.9217239093780503
m06_loc,fx_p_rl1_256,0.23920348166792724,-0.03352941945195198,1.7528928518295288,-5.1365501594543455,-0.013971697073429823,4.615703082084656
m07_bayes,ab_lpo,1.0,5.458500862121582,27.97573471069336,-3.836573362350464,-0.02037498541176319,102.88074493408203
m07_bayes,ab_lpo_z,1.0,1.8985522985458374,3.2292580604553223,-1.4244354963302612,0.7683656215667725,12.0
m07_bayes,ab_lpo_sur,1.0,1.1061913967132568,2.346485137939453,-6.0,0.28579002618789673,6.0
m07_bayes,ab_var,1.0,4.877082824707031,27.92098045349121,-3.8659175634384155,-0.4681415259838104,102.76191329956055
m07_bayes,ab_var_z,1.0,1.7845360040664673,3.16282057762146,-1.105855941772461,0.610747218132019,12.0
m07_bayes,ab_dep,1.0,-0.270833820104599,3.1547930240631104,-3.848449468612671,-0.942081093788147,11.859011173248291
m07_bayes,ab_dep_z,1.0,0.8662945628166199,2.206373929977417,-1.9959877729415894,0.27728036046028137,11.362200260162354
m07_bayes,ab_loc_z,1.0,0.8343186378479004,2.0676822662353516,-1.1354201436042786,0.1556287556886673,10.348252296447754
m07_bayes,ab_post_lvr,1.0,-0.02353467419743538,0.24610306322574615,-0.6929375231266022,-0.007854601368308067,0.6931468844413757
m07_bayes,ab_post_rho,1.0,0.0469217374920845,0.08727611601352692,-0.19033929705619812,0.028925614431500435,0.348349466919899
m07_bayes,ab_pfam_var,1.0,0.5112065076828003,0.3138692378997803,2.5326123420654767e-07,0.46263155341148376,1.0
m07_bayes,ab_pfam_dep,1.0,0.3747618496417999,0.2934393286705017,1.5006418570217688e-27,0.3523998260498047,0.999999463558197
m07_bayes,ab_lpo_rel,1.0,-0.5082521438598633,0.5128251910209656,-1.942751705646515,-0.3562120795249939,0.0
m07_bayes,ab_lpo_slp,0.967687939393188,0.08367300778627396,0.3265686333179474,-0.3895821607112884,0.03858378529548645,1.2146947956085166
m07_bayes,ab_lpo_pk_z,1.0,3.103426933288574,3.3113343715667725,-0.9977114200592041,2.1146554946899414,12.0
m07_bayes,ab_fast,1.0,12.530948638916016,29.313249588012695,-1.9328073859214783,6.946481227874756,114.96799850463867
m07_bayes,ab_fast_z,1.0,-1.029054045677185,1.3827946186065674,-4.577842473983765,-1.1183600425720215,3.973826050758362
m07_bayes,ab_fast_slow,1.0,7.0724873542785645,4.258607387542725,1.9042876958847046,6.048614978790283,18.664782524108887
m07_bayes,abz_lpo,1.0,23.2994441986084,72.74240112304688,-3.7949830293655396,5.016557216644287,220.61740112304688
m07_bayes,abz_lpo_z,1.0,-0.5711266994476318,2.274059295654297,-4.390018463134766,-1.0185110569000244,12.0
m07_bayes,abz_var_z,1.0,0.21627657115459442,2.7513539791107178,-3.3372191190719604,-0.5507568717002869,12.0
m07_bayes,bo_p_lt10,1.0,0.05724344775080681,0.12868641316890717,0.013812561519443989,0.03871864825487137,1.0
m07_bayes,bo_p_lt25,1.0,0.1421084851026535,0.19690655171871185,0.016857968643307686,0.09349532425403595,1.0
m07_bayes,bo_mean_rel,1.0,0.3555184602737427,0.2896939218044281,0.07233880087733269,0.2278330773115158,0.9870464503765106
m07_bayes,bo_ent,1.0,1.6264402866363525,0.6548342704772949,0.08757961913943291,1.6356799602508545,3.3829156160354614
m07_bayes,bo_nochange,1.0,0.7363883852958679,0.13631746172904968,0.23106778413057327,0.7500433921813965,0.9876445233821869
m07_bayes,bo_lo_change,1.0,-1.1657428741455078,0.9709961414337158,-4.381221532821655,-1.0988438129425049,1.2022918462753296
m07_bayes,bo_lo_change_z,1.0,-0.35533830523490906,2.3339526653289795,-9.111593246459961,-0.26143980026245117,5.761892557144165
m07_bayes,bo_p_lt25_z,1.0,0.8728415966033936,3.0966436862945557,-2.9087096452713013,0.004286708310246468,12.0
m07_bayes,bo_ent_z,1.0,-0.22393064200878143,1.800809383392334,-5.276429891586304,-0.27082371711730957,4.844927787780762
m07_bayes,bo_lo_change_pk,1.0,-0.1484701931476593,1.4971867799758911,-3.7842525243759155,-0.21529558300971985,4.519166469573975
m07_bayes,ev_tail_mix,1.0,-2.3916549682617188,16.839284896850586,-25.03572940826416,-3.3352859020233154,59.60767936706543
m07_bayes,ev_tail_z,1.0,0.2662147879600525,1.9595820903778076,-4.745792627334595,0.1882486641407013,7.181572198867798
m07_bayes,ev_tail_ad,1.0,2.4946725368499756,14.972467422485352,-1.825272560119629,-0.45538488030433655,58.77371597290039
m07_bayes,ev_disp_mix,1.0,0.5894975066184998,16.755218505859375,-13.972565174102783,-1.9102369546890259,72.10794830322266
m07_bayes,ev_disp_z,1.0,0.6025699973106384,2.0196499824523926,-2.906840443611145,0.23296280205249786,9.541001796722412
m07_bayes,ev_disp_ad,1.0,3.0397627353668213,15.818761825561523,-2.0646538734436035,-0.395381897687912,70.94879913330078
m07_bayes,ev_dep_mix,1.0,-11.463936805725098,9.809154510498047,-37.73150825500488,-9.32892894744873,3.2337716817855835
m07_bayes,ev_dep_z,1.0,0.08730553835630417,2.1201834678649902,-5.698784112930298,0.07946882396936417,5.893542766571045
m07_bayes,ev_vc_z,1.0,0.2193097472190857,1.8756197690963745,-4.4336769580841064,0.13304303586483002,6.761157989501953
m07_bayes,ev_pow_mix,1.0,1.882108211517334,30.066761016845703,-6.711594581604004,-1.7331167459487915,81.77273178100586
m07_bayes,ev_pow_z,1.0,0.834213137626648,2.565910816192627,-2.7884491682052612,0.19497224688529968,12.0
m07_bayes,ev_pow_pk,1.0,4.778477668762207,30.970888137817383,-0.4176863431930542,0.34862881898880005,87.2580451965332
m07_bayes,bf0_all,1.0,3.682950973510742,27.412506103515625,-8.615307331085205,-0.8247196078300476,95.07479095458984
m07_bayes,bf0_all_z,1.0,1.0432301759719849,2.6239736080169678,-2.83479905128479,0.4128648340702057,12.0
m07_bayes,bf0_rate,1.0,0.008184054866433144,0.06110799312591553,-0.03820878639817238,-0.004629414528608322,0.24912508577108383
m07_bayes,bf0_var,1.0,2.3124871253967285,27.36416244506836,-10.97574234008789,-1.6563236713409424,93.58627319335938
m07_bayes,bf0_var_z,1.0,1.5815507173538208,2.584033966064453,-2.3958553075790405,0.973980724811554,12.0
m07_bayes,xb_max_z,1.0,3.044450283050537,3.0506839752197266,-0.3145810216665268,2.038860321044922,12.0
m07_bayes,xb_n_hot,1.0,1.1938227415084839,1.6296629905700684,0.0,1.0,6.0
