left_module,right_module,mean_abs_corr,max_abs_corr
m00_core,m01_seq,0.2039724518652444,0.9564450247411973
m00_core,m02_dist,0.11655905657918235,0.8004935850474467
m00_core,m03_dyn,0.03782238452320886,0.9725043667461383
m00_core,m04_resid,0.1681606486592589,0.9865120804799733
m00_core,m06_loc,0.08671740554111225,0.7924151071973748
m00_core,m07_bayes,0.12112653622515059,0.9508727657575275
m01_seq,m02_dist,0.12998034371532172,0.6551571010998631
m01_seq,m03_dyn,0.04307325969710315,0.9574607013317518
m01_seq,m04_resid,0.1983208592084706,0.67282169276173
m01_seq,m06_loc,0.10012582867738691,0.5748709607933038
m01_seq,m07_bayes,0.15431656491840437,0.7074795458974763
m02_dist,m03_dyn,0.020220055238093605,0.463198281101448
m02_dist,m04_resid,0.12496229136625593,0.7832384494655517
m02_dist,m06_loc,0.049939953282424614,0.5387427880217018
m02_dist,m07_bayes,0.13867295024977647,0.784646167147209
m03_dyn,m04_resid,0.041521449930117124,0.8715319755078957
m03_dyn,m06_loc,0.02956128338348638,0.5735804345271854
m03_dyn,m07_bayes,0.030006353605158975,0.5449865737653307
m04_resid,m06_loc,0.08955000881780496,0.6567038273317333
m04_resid,m07_bayes,0.16254345279720497,0.7754640997966632
m06_loc,m07_bayes,0.080404780172936,0.6891183095677829
