slice,sampled_pairs,rt600_wrong_pairs,rt600_right_pairs,repairs,damage,net_pair_lift,repair_rate_of_rt600_wrong,damage_rate_of_rt600_right
whole_dev,125059,45324,79735,6094,5845,249,0.13445415232547878,0.07330532388537028
fold_0,114169,39882,74287,5296,5109,187,0.13279173562007923,0.06877380968406316
fold_1,113733,41494,72239,5341,5326,15,0.1287174049260134,0.07372748792203657
fold_2,112972,40614,72358,5215,5331,-116,0.1284039986211651,0.07367533652118632
fold_3,114939,41744,73195,5948,5147,801,0.14248754311996933,0.07031901086139764
fold_4,113647,41829,71818,5476,5530,-54,0.13091395921489876,0.07700019493720238
t_000_049,6045,2721,3324,581,570,11,0.21352443954428518,0.17148014440433212
t_050_099,6400,2757,3643,409,455,-46,0.14834965542256076,0.12489706286027999
t_100_199,12800,5031,7769,742,657,85,0.14748558934605446,0.08456686832282147
t_200_399,25600,9330,16270,1247,1243,4,0.13365487674169346,0.07639827904118009
t_400_699,38400,13256,25144,1667,1532,135,0.1257543753771877,0.060929048679605476
t_700_999,35814,12271,23543,1440,1432,8,0.11734984923804091,0.060824873635475514
rel_00_10,9929,4545,5384,833,821,12,0.18327832783278328,0.1524888558692422
rel_10_25,27828,11090,16738,1639,1753,-114,0.14779080252479712,0.10473174811805473
rel_25_50,59161,22914,36247,3286,3102,184,0.1434057781269093,0.0855794962341711
rel_50_75,89091,32938,56153,4400,4078,322,0.133584309915599,0.07262301212758
rel_75_90,101214,36411,64803,4693,4343,350,0.12888962126829803,0.06701850222983503
rel_90_100,105637,36904,68733,4670,4574,96,0.1265445480164752,0.06654736443920678
hist_len_low,119939,44256,75683,6027,5572,455,0.1361849240780911,0.07362287435751753
hist_len_mid,119365,44316,75049,5650,5811,-161,0.1274934560880946,0.07742941278364801
hist_len_high,119979,41331,78648,5614,5853,-239,0.13583024848176914,0.07442020140372292
online_len_low,40703,15553,25150,2510,2288,222,0.1613836558863242,0.09097415506958251
online_len_mid,80788,30707,50081,4386,3894,492,0.1428338815253851,0.07775403845769853
online_len_high,121395,43457,77938,5500,5696,-196,0.1265618887636054,0.0730837332238446
dominant_cell,99814,32712,67102,4241,4104,137,0.12964661286378087,0.06116062114393014
mature_vs_never,99788,32769,67019,4297,3998,299,0.13113003143214624,0.05965472477954013
mature_vs_prebreak,81916,26682,55234,3441,3150,291,0.1289633460760063,0.057030090161856825
near_boundary,102573,44371,58202,5584,5441,143,0.1258479637601136,0.09348475997388406
late_never_vs_mature,74188,24234,49954,3077,2826,251,0.12697037220434101,0.056572046282579974
