slice,rows,z_mean,z_p01,z_p50,z_p99,abs_z_mean,abs_z_p50,abs_z_p95,tail_abs_gt_2_rate,tail_abs_gt_3_rate
phase_never_break,2015775,0.003347106524408821,-2.3471934366226197,-0.0018127771327272058,2.40966450214386,0.7694891244794063,0.628779411315918,1.9347972989082334,0.04364127940866416,0.006301794595130905
phase_prebreak_far,661307,-0.0006006413512438311,-2.3456825399398804,-0.002099890960380435,2.3842166423797595,0.7686085196616698,0.6290135383605957,1.9290442705154418,0.04326432352901149,0.006012336176692519
phase_prebreak_near,322200,0.0015030702189067287,-2.3872191739082336,-7.0888054324314e-05,2.4156743621826178,0.7753767118447047,0.631573349237442,1.950433605909347,0.045176908752327744,0.007231533209186841
phase_postbreak_early,327383,0.007739761960869989,-2.606590895652771,-0.00010829498205566779,2.6686651945114135,0.8155896774757663,0.644109845161438,2.048107266426086,0.05442860502836128,0.01286871951200887
phase_postbreak_mature,705859,0.1708033512980798,-2.6110431575775146,-0.004857258405536413,2.700573163032532,0.9873214640684705,0.6472022533416748,2.0615345239639282,0.055496919356415375,0.01310885035113245
t_000_049,392604,0.004106336232204602,-2.3373958706855773,0.0036442624405026436,2.3747247576713555,0.7663275023304945,0.6272085607051849,1.9199450552463528,0.04244735152978574,0.005738606840480484
t_050_099,372721,0.0031954005213472745,-2.352476787567139,-0.0016161591047421098,2.3909008026123035,0.7689220382993838,0.6288951635360718,1.9275524616241455,0.04320658079367677,0.006425717896228009
t_100_199,684972,-0.0023010162031802087,-2.39624214887619,-0.006081661442294717,2.4341138195991565,0.7770366551096708,0.6334819495677948,1.9530461847782117,0.04559894419041946,0.007184235268010955
t_200_399,1129386,0.10463966393311543,-2.4098867774009705,-0.004738241201266646,2.4763262748718224,0.885969902544295,0.6339371204376221,1.9671627581119537,0.04686794417497649,0.008031797808720844
t_400_699,1090818,0.0037712433797195744,-2.4525095629692077,-0.0007644423458259553,2.52044799089432,0.7895758476982729,0.6343963146209717,1.9833785712718959,0.04838203990033168,0.009308610602318627
t_700_999,362023,0.017710772226644498,-2.468344702720642,0.003142461646348238,2.592655534744262,0.8053601858929987,0.6407788991928101,2.0095325231552117,0.050877982890589826,0.010167862262894898
