slice,rows,positive_rows,negative_rows,rt600_ts_auc,rt1264_ts_auc,delta
whole_dev,4032524,1033242,2999282,0.6256269345441687,0.627893473417077,0.002266538872908286
fold_0,806334,210079,596255,0.638276215299891,0.6394467528766321,0.0011705375767411264
fold_1,812939,208514,604425,0.6204019581662752,0.6228348184783002,0.0024328603120250536
fold_2,806691,205931,600760,0.6339304299070194,0.6360507534864052,0.002120323579385741
fold_3,802506,205339,597167,0.6175075878311903,0.6222796835105673,0.004772095679376975
fold_4,804054,203379,600675,0.6189405182117643,0.6203370899250747,0.0013965717133104238
t_000_049,392604,18133,374471,0.5536772738181414,0.5554029932091783,0.0017257193910369395
t_050_099,372721,40475,332246,0.5666076142103564,0.5650646664887791,-0.0015429477215773701
t_100_199,684972,116925,568047,0.6096298835713125,0.6138415998226673,0.004211716251354747
t_200_399,1129386,299246,830140,0.6290006626982592,0.6310327613438327,0.0020320986455735213
t_400_699,1090818,394543,696275,0.653202830836651,0.6556387552025221,0.002435924365871145
t_700_999,362023,163920,198103,0.6664865967581917,0.6683370795386302,0.0018504827804385338
rel_00_10,406082,11323,394759,0.5288125352143206,0.5359190761585456,0.007106540944225026
rel_10_25,603000,56342,546658,0.5900515291826767,0.5864195333446774,-0.0036319958379992245
rel_25_50,1005191,198750,806441,0.624883114559057,0.6269007125548519,0.0020175979957949286
rel_50_75,1007106,321491,685615,0.6419181547051157,0.6450896683584169,0.00317151365330115
rel_75_90,604313,251327,352986,0.65503876431895,0.658096322061978,0.003057557743027961
rel_90_100,406832,194009,212823,0.6642803539926478,0.6656572895803473,0.0013769355876994682
hist_len_low,1337481,348087,989394,0.622637499166211,0.6274166974461529,0.0047791982799418875
hist_len_mid,1346243,341758,1004485,0.6158866793674033,0.6182009094024608,0.002314230035057485
hist_len_high,1348800,343397,1005403,0.6381424114370113,0.6373885821781974,-0.0007538292588139539
online_len_low,461851,115264,346587,0.5915263689822728,0.5957383926008808,0.004212023618607952
online_len_mid,1345654,344506,1001148,0.6135436465417309,0.6172665504419454,0.003722903900214569
online_len_high,2225019,573472,1651547,0.6493382676405454,0.6494491867376301,0.00011091909708471626
dominant_cell,2392213,667695,1724518,0.6642770992472101,0.6672551827165868,0.002978083469376669
mature_vs_never,1955421,667695,1287726,0.6654308804622359,0.6676541884189565,0.002223307956720655
mature_vs_prebreak,1104487,667695,436792,0.6609508888771348,0.6661048979939226,0.005154009116787761
near_boundary,649583,327383,322200,0.5698572500081169,0.5722823298354031,0.002425079827286125
late_never_vs_mature,1190751,468026,722725,0.6736491972463874,0.6760059318395897,0.002356734593202292
